QR_IMMS;CODIGO_IMMS;LINEA_IMMS
205288;CD_PLATAFORMA MECO;
205289;SISTEMAS LOGÍSTICOS;CD_PLATAFORMA MECO
241304;MANTENIMIENTO;CD_PLATAFORMA MECO
310269;DOTACIONES ALMACÉN;CD_PLATAFORMA MECO
205290;TRANSPORTADORES DE PAQUETERÍA;SISTEMAS LOGÍSTICOS
213471;CLASIFICADORES DE PAQUETERÍA;SISTEMAS LOGÍSTICOS
214722;GRÚAS DE PAQUETERÍA;SISTEMAS LOGÍSTICOS
214895;GRÚAS DE PRENDA COLGADA;SISTEMAS LOGÍSTICOS
215006;MULTISHUTTLE DE PAQUETERÍA;SISTEMAS LOGÍSTICOS
215569;CLASIFICADORES PRENDA COLGADA;SISTEMAS LOGÍSTICOS
215628;TRANSPORTADORES DE PRENDA COLGADA;SISTEMAS LOGÍSTICOS
216516;TALLER DE MANTENIMIENTO;SISTEMAS LOGÍSTICOS
283042;TRANSPORTADORES PRENDA COLGADA;SISTEMAS LOGÍSTICOS
241305;TALLER_ MANTENIMIENTO;MANTENIMIENTO
241306;TALLER_SILO PSB;MANTENIMIENTO
241307;TALLER_SILO 3;MANTENIMIENTO
310270;ESCALERAS OPERACIONES;DOTACIONES ALMACÉN
207775;TPQ RECEPCIÓN;TRANSPORTADORES DE PAQUETERÍA
209604;TPQ DISTRIBUCIÓN;TRANSPORTADORES DE PAQUETERÍA
205291;TPQ EXPEDICIÓN;TRANSPORTADORES DE PAQUETERÍA
214716;CPQ RECEPCIÓN;CLASIFICADORES DE PAQUETERÍA
213562;CPQ DISTRIBUCIÓN;CLASIFICADORES DE PAQUETERÍA
213472;CPQ EXPEDICIÓN;CLASIFICADORES DE PAQUETERÍA
214723;GPQ ALMACÉN;GRÚAS DE PAQUETERÍA
214896;GPC ALMACÉN;GRÚAS DE PRENDA COLGADA
215007;MPQ DISTRIBUCIÓN;MULTISHUTTLE DE PAQUETERÍA
283111;MPQ EXPEDICIÓN;MULTISHUTTLE DE PAQUETERÍA
215570;CPC DISTRIBUCIÓN;CLASIFICADORES PRENDA COLGADA
215629;TPC RECEPCIÓN;TRANSPORTADORES DE PRENDA COLGADA
215866;TPC DISTRIBUCIÓN;TRANSPORTADORES DE PRENDA COLGADA
216151;TPC ALMACÉN;TRANSPORTADORES DE PRENDA COLGADA
216527;TALLER_MTTO;TALLER DE MANTENIMIENTO
216532;TAL_TRI_001;TALLER DE MANTENIMIENTO
216546;TAL_TRI_002;TALLER DE MANTENIMIENTO
216547;TAL_TRI_003;TALLER DE MANTENIMIENTO
216548;TAL_TRI_004;TALLER DE MANTENIMIENTO
216549;TAL_TRI_005;TALLER DE MANTENIMIENTO
225985;TAL_TRI_006;TALLER DE MANTENIMIENTO
225986;TAL_TRI_007;TALLER DE MANTENIMIENTO
225987;TAL_TRI_008;TALLER DE MANTENIMIENTO
225988;TAL_TRI_009;TALLER DE MANTENIMIENTO
225989;TAL_TRI_010;TALLER DE MANTENIMIENTO
225990;TAL_TRI_011;TALLER DE MANTENIMIENTO
225991;TAL_TRI_012;TALLER DE MANTENIMIENTO
225992;TAL_TRI_013;TALLER DE MANTENIMIENTO
225993;TAL_TRI_014;TALLER DE MANTENIMIENTO
225994;TAL_TRI_015;TALLER DE MANTENIMIENTO
226063;TAL_TRI_016;TALLER DE MANTENIMIENTO
226064;TAL_TRI_017;TALLER DE MANTENIMIENTO
226065;TAL_TRI_018;TALLER DE MANTENIMIENTO
226066;TAL_TRI_019;TALLER DE MANTENIMIENTO
216550;TAL_BIC_001;TALLER DE MANTENIMIENTO
216551;TAL_BIC_002;TALLER DE MANTENIMIENTO
292279;TAL_K12R_01_INF;TALLER DE MANTENIMIENTO
292860;TAL_JAU_001;TALLER DE MANTENIMIENTO
292920;TAL_JAU_002;TALLER DE MANTENIMIENTO
299856;TAL_K12R_01;TALLER DE MANTENIMIENTO
310112;TAL_K12R_02;TALLER DE MANTENIMIENTO
241308;DSM_TALLER_ MANTENIMIENTO;TALLER_ MANTENIMIENTO
241309;DSM_TALLER_SILO PSB;TALLER_SILO PSB
241310;DSM_TALLER_SILO 3;TALLER_SILO 3
310271;DOT_EP_001;ESCALERAS OPERACIONES
310272;DOT_EP_002;ESCALERAS OPERACIONES
310273;DOT_EP_003;ESCALERAS OPERACIONES
310274;DOT_EP_004;ESCALERAS OPERACIONES
310275;DOT_EP_005;ESCALERAS OPERACIONES
310276;DOT_EP_006;ESCALERAS OPERACIONES
310277;DOT_EP_007;ESCALERAS OPERACIONES
310278;DOT_EP_008;ESCALERAS OPERACIONES
310279;DOT_EP_009;ESCALERAS OPERACIONES
310280;DOT_EP_010;ESCALERAS OPERACIONES
310281;DOT_EP_011;ESCALERAS OPERACIONES
310282;DOT_EP_012;ESCALERAS OPERACIONES
310283;DOT_EP_013;ESCALERAS OPERACIONES
310284;DOT_EP_014;ESCALERAS OPERACIONES
310285;DOT_EP_015;ESCALERAS OPERACIONES
310286;DOT_EP_016;ESCALERAS OPERACIONES
310287;DOT_EP_017;ESCALERAS OPERACIONES
310288;DOT_EP_018;ESCALERAS OPERACIONES
310289;DOT_EP_019;ESCALERAS OPERACIONES
310290;DOT_EP_020;ESCALERAS OPERACIONES
310291;DOT_EGB_021;ESCALERAS OPERACIONES
310292;DOT_EGB_022;ESCALERAS OPERACIONES
310293;DOT_EGB_023;ESCALERAS OPERACIONES
310294;DOT_EGB_024;ESCALERAS OPERACIONES
310295;DOT_EGB_025;ESCALERAS OPERACIONES
310296;DOT_EGB_026;ESCALERAS OPERACIONES
310297;DOT_EGB_027;ESCALERAS OPERACIONES
310298;DOT_EP_028;ESCALERAS OPERACIONES
310299;DOT_EP_029;ESCALERAS OPERACIONES
310300;DOT_EP_030;ESCALERAS OPERACIONES
310301;DOT_EP_031;ESCALERAS OPERACIONES
310302;DOT_EP_032;ESCALERAS OPERACIONES
310303;DOT_EP_033;ESCALERAS OPERACIONES
310304;DOT_EP_034;ESCALERAS OPERACIONES
310305;DOT_EP_035;ESCALERAS OPERACIONES
310306;DOT_EP_036;ESCALERAS OPERACIONES
310307;DOT_EP_037;ESCALERAS OPERACIONES
310308;DOT_EGB_038;ESCALERAS OPERACIONES
310309;DOT_EGB_039;ESCALERAS OPERACIONES
310310;DOT_EGB_040;ESCALERAS OPERACIONES
310311;DOT_EGB_041;ESCALERAS OPERACIONES
310312;DOT_EGB_042;ESCALERAS OPERACIONES
310313;DOT_EGB_043;ESCALERAS OPERACIONES
310314;DOT_EGB_044;ESCALERAS OPERACIONES
310315;DOT_EP_045;ESCALERAS OPERACIONES
310316;DOT_EGB_046;ESCALERAS OPERACIONES
310317;DOT_EGB_047;ESCALERAS OPERACIONES
310318;DOT_EGB_048;ESCALERAS OPERACIONES
310319;DOT_EGB_049;ESCALERAS OPERACIONES
310320;DOT_EGB_050;ESCALERAS OPERACIONES
310321;DOT_EGB_051;ESCALERAS OPERACIONES
310322;DOT_EGB_052;ESCALERAS OPERACIONES
310323;DOT_EGB_053;ESCALERAS OPERACIONES
310324;DOT_EGB_054;ESCALERAS OPERACIONES
310325;DOT_EP_055;ESCALERAS OPERACIONES
310326;DOT_EP_056;ESCALERAS OPERACIONES
310327;DOT_EP_057;ESCALERAS OPERACIONES
310328;DOT_EP_058;ESCALERAS OPERACIONES
310329;DOT_EGB_059;ESCALERAS OPERACIONES
310330;DOT_EGB_060;ESCALERAS OPERACIONES
310331;DOT_EGB_061;ESCALERAS OPERACIONES
310332;DOT_EGB_062;ESCALERAS OPERACIONES
310333;DOT_EGB_063;ESCALERAS OPERACIONES
310334;DOT_EGB_064;ESCALERAS OPERACIONES
310335;DOT_EGB_065;ESCALERAS OPERACIONES
310336;DOT_EGB_066;ESCALERAS OPERACIONES
310337;DOT_EGB_067;ESCALERAS OPERACIONES
310338;DOT_EGB_068;ESCALERAS OPERACIONES
310339;DOT_EGB_069;ESCALERAS OPERACIONES
310340;DOT_EGB_070;ESCALERAS OPERACIONES
310341;DOT_EGB_071;ESCALERAS OPERACIONES
310342;DOT_EGB_072;ESCALERAS OPERACIONES
310343;DOT_EP_073;ESCALERAS OPERACIONES
310344;DOT_EP_074;ESCALERAS OPERACIONES
310345;DOT_EP_075;ESCALERAS OPERACIONES
310346;DOT_EP_076;ESCALERAS OPERACIONES
310347;DOT_EP_077;ESCALERAS OPERACIONES
310348;DOT_EGB_078;ESCALERAS OPERACIONES
310349;DOT_EGB_082;ESCALERAS OPERACIONES
310350;DOT_EGB_083;ESCALERAS OPERACIONES
310351;DOT_EGB_079;ESCALERAS OPERACIONES
310352;DOT_EGB_080;ESCALERAS OPERACIONES
310353;DOT_EGB_081;ESCALERAS OPERACIONES
262118;SHIPPING 2;TPQ EXPEDICIÓN
273583;PALETIZADO AUTOMÁTICO;TPQ EXPEDICIÓN
262157;SEGUNDO INTENTO;TPQ EXPEDICIÓN
262174;SHIPPING 1;TPQ EXPEDICIÓN
262197;INDUCCIONES 06 PS04;TPQ EXPEDICIÓN
262230;INDUCCIONES 07 PS05;TPQ EXPEDICIÓN
262262;TAKE AWAY PS03;TPQ EXPEDICIÓN
262274;TAKE AWAY PS04;TPQ EXPEDICIÓN
262277;TAKE AWAY PS05;TPQ EXPEDICIÓN
262280;CAJA VACÍA VAC;TPQ EXPEDICIÓN
262282;TAKE AWAY PS01;TPQ EXPEDICIÓN
262291;TAKE AWAY PS02;TPQ EXPEDICIÓN
262299;CAJA VACÍA 3 VAC;TPQ EXPEDICIÓN
262301;EMPAQUETADO 1;TPQ EXPEDICIÓN
262321;EMPAQUETADO 2;TPQ EXPEDICIÓN
262335;EMPAQUETADO 3;TPQ EXPEDICIÓN
262339;MUELLES AÉREOS;TPQ EXPEDICIÓN
283855;PEINE DE RECHAZO PRC;TPQ EXPEDICIÓN
283862;CABECERA MS EXPEDICIONES;TPQ EXPEDICIÓN
283869;CONEXIONES TGW EXPEDICIONES;TPQ EXPEDICIÓN
283876;SEQUENCE BUFFER EXPEDICIONES;TPQ EXPEDICIÓN
283883;PALETIZADO EXPEDICIONES;TPQ EXPEDICIÓN
283890;PEINE RECHAZO PAQ;TPQ EXPEDICIÓN
262350;ENTRADAS 1;TPQ RECEPCIÓN
262374;ENTRADAS 2;TPQ RECEPCIÓN
262396;CONEXIONES SILO 1;TPQ RECEPCIÓN
262408;DESPALETIZADOR 1;TPQ RECEPCIÓN
262417;DESPALETIZADOR 2;TPQ RECEPCIÓN
262426;ENTRADAS 3;TPQ RECEPCIÓN
262458;CABECERA ENTRADA SILO 2;TPQ RECEPCIÓN
262479;CABECERA ENTRADA SILO 3;TPQ RECEPCIÓN
262502;CABECERA ENTRADA SILO 1;TPQ RECEPCIÓN
262523;CONEXIONES SILO 2;TPQ RECEPCIÓN
262538;LOOP RFID;TPQ RECEPCIÓN
262541;INDUCCIONES 01 PS01;TPQ DISTRIBUCIÓN
262555;INDUCCIONES 02 PS01;TPQ DISTRIBUCIÓN
262663;SEQUENCE BUFFER 1;TPQ DISTRIBUCIÓN
262569;SEQUENCE BUFFER 2;TPQ DISTRIBUCIÓN
262593;CABECERA SHUTTLE 01;TPQ DISTRIBUCIÓN
262618;CABECERA SHUTTLE 02;TPQ DISTRIBUCIÓN
262646;INDUCCIONES 04 PS02;TPQ DISTRIBUCIÓN
262691;CAJA VACÍA 3;TPQ DISTRIBUCIÓN
262717;CAJA VACÍA 1;TPQ DISTRIBUCIÓN
262736;CAJA VACÍA 2;TPQ DISTRIBUCIÓN
262751;CAJA VACÍA CTCV;TPQ DISTRIBUCIÓN
262759;CONEXIONES 5;TPQ DISTRIBUCIÓN
262768;CABECERA SALIDA SILO 1;TPQ DISTRIBUCIÓN
262788;CABECERA SALIDA SILO 2;TPQ DISTRIBUCIÓN
262808;CABECERA SALIDA SILO 3;TPQ DISTRIBUCIÓN
262837;SEQUENCE BUFFER 3;TPQ DISTRIBUCIÓN
262870;CONEXIONES 6;TPQ DISTRIBUCIÓN
262878;SEQUENCE BUFFER 4;TPQ DISTRIBUCIÓN
262892;INDUCCIONES 05 PS03;TPQ DISTRIBUCIÓN
262925;CONEXIONES SORTER 3;TPQ DISTRIBUCIÓN
262934;CONEXIONES 4;TPQ DISTRIBUCIÓN
262945;INDUCCIONES 03 PS02;TPQ DISTRIBUCIÓN
262963;CAJA VACÍA PRC;TPQ DISTRIBUCIÓN
262971;SORTER EXPEDICIONES 1;CPQ EXPEDICIÓN
262982;SORTER EXPEDICIONES 2;CPQ EXPEDICIÓN
262990;PACKING SORTER 1;CPQ DISTRIBUCIÓN
263038;PACKING SORTER 2;CPQ DISTRIBUCIÓN
263017;PACKING SORTER 3;CPQ DISTRIBUCIÓN
263024;PACKING SORTER 4;CPQ DISTRIBUCIÓN
263031;PACKING SORTER 5;CPQ DISTRIBUCIÓN
263069;LOOP RFID CPQ;CPQ RECEPCIÓN
263072;SILO 1;GPQ ALMACÉN
263095;SILO 2;GPQ ALMACÉN
263118;SILO 3;GPQ ALMACÉN
263159;SILO PSB;GPC ALMACÉN
263184;MULTISHUTTLE;MPQ DISTRIBUCIÓN
263205;PRC PLANTA 1 CPC;CPC DISTRIBUCIÓN
263218;PRC ENTRADA SILO PSB;TPC RECEPCIÓN
263235;PRC PLANTA 0 REC;TPC RECEPCIÓN
263248;PRC SALIDA SILO PSB;TPC DISTRIBUCIÓN
263257;PRC PLANTA 0;TPC DISTRIBUCIÓN
263280;PRC PLANTA 1;TPC DISTRIBUCIÓN
263299;PRC PLANTA 1 TPC ALM;TPC ALMACÉN
263304;PRC PLANTA 2;TPC ALMACÉN
241311;DSM_ARP_ISO_tech_IPM6000_ID272;DSM_TALLER_ MANTENIMIENTO
241312;DSM_ARP_PROFIBUS_tester_5_ID8;DSM_TALLER_ MANTENIMIENTO
241313;DSM_ARP_PROFIBUS_tester_5_ID228;DSM_TALLER_ MANTENIMIENTO
241314;DSM_CAL_COFAN_ID263;DSM_TALLER_ MANTENIMIENTO
241316;DSM_CAL_DIGITAL_CALIPER_ID275;DSM_TALLER_ MANTENIMIENTO
241317;DSM_CTF_TiS55+_ID1;DSM_TALLER_ MANTENIMIENTO
241318;DSM_DFC_LD500_ID243;DSM_TALLER_ MANTENIMIENTO
241319;DSM_DUS_Whisper_ID273;DSM_TALLER_ MANTENIMIENTO
241324;DSM_DIN_E.306_200D_ID17;DSM_TALLER_ MANTENIMIENTO
241326;DSM_DIN_E.306_200D_ID19;DSM_TALLER_ MANTENIMIENTO
241327;DSM_DIN_E.306_200D_ID20;DSM_TALLER_ MANTENIMIENTO
241328;DSM_DIN_E.306_200D_ID21;DSM_TALLER_ MANTENIMIENTO
241329;DSM_DIN_E.306_340D_ID22;DSM_TALLER_ MANTENIMIENTO
241330;DSM_DIN_E.306_340D_ID23;DSM_TALLER_ MANTENIMIENTO
241332;DSM_DIN_GEDORE_DREMASTER_SE_ID293;DSM_TALLER_ MANTENIMIENTO
241333;DSM_DIN_3700.08000_ID358;DSM_TALLER_ MANTENIMIENTO
241337;DSM_FRE_OPTIBELT_TT_ID136;DSM_TALLER_ MANTENIMIENTO
241338;DSM_FRE_OPTIBELT_TT_ID137_ARM2;DSM_TALLER_ MANTENIMIENTO
241340;DSM_FRE_OPTIBELT_TT_ID138;DSM_TALLER_ MANTENIMIENTO
241341;DSM_MEC_PCE_EM29_ID321;DSM_TALLER_ MANTENIMIENTO
241342;DSM_MEL_GLM_40_ID9;DSM_TALLER_ MANTENIMIENTO
241343;DSM_MUL_1587_ID3;DSM_TALLER_ MANTENIMIENTO
241344;DSM_MUL_1587_FC_ID250;DSM_TALLER_ MANTENIMIENTO
241345;DSM_MUL_1587_ID271;DSM_TALLER_ MANTENIMIENTO
241346;DSM_MIC_MITUTOYO_ID298;DSM_TALLER_ MANTENIMIENTO
241347;DSM_MUL_7_600_ID332;DSM_TALLER_ MANTENIMIENTO
241349;DSM_NIL_STHT77498_1_ID168;DSM_TALLER_ MANTENIMIENTO
241351;DSM_PIA_375FC_ID2;DSM_TALLER_ MANTENIMIENTO
241352;DSM_PIA_375FC_ID33;DSM_TALLER_ MANTENIMIENTO
241353;DSM_TAC_RPM10_ID5;DSM_TALLER_ MANTENIMIENTO
241354;DSM_TED_62_Mini_THERMOMETER_ID127;DSM_TALLER_ MANTENIMIENTO
241315;DSM_CAL_1368085_ID118;DSM_TALLER_SILO PSB
241320;DSM_DIN_BAHCO_ID302_SPSB;DSM_TALLER_SILO PSB
241321;DSM_DIN_BAHCO_ID302_BAN;DSM_TALLER_SILO PSB
241322;DSM_DIN_FACOM_ID301_SPSB;DSM_TALLER_SILO PSB
241323;DSM_DIN_FACOM_ID301_CAR;DSM_TALLER_SILO PSB
241325;DSM_DIN_E.306_200D_ID18;DSM_TALLER_SILO PSB
241331;DSM_DIN_E.306_340D_ID24;DSM_TALLER_SILO PSB
241339;DSM_FRE_OPTIBELT_TT_ID137_CAR;DSM_TALLER_SILO PSB
241348;DSM_NIL_GIM60_ID227;DSM_TALLER_SILO PSB
241350;DSM_NIO_NA324_ID322;DSM_TALLER_SILO PSB
241334;DSM_DIN_G054871_DZ_ID315;DSM_TALLER_SILO 3
241335;DSM_DIN_G060573_ID316;DSM_TALLER_SILO 3
241336;DSM_DIN_7000_BVK_ID311;DSM_TALLER_SILO 3
273585;MULTISHUTTLE EXPEDICIÓN;MPQ EXPEDICIÓN
262119;CRR3 Línea intercambio SS2 con SS1;SHIPPING 2
262120;CRR3 Línea principal;SHIPPING 2
262121;CRR3 Línea precintadora automática;SHIPPING 2
262122;CRR4 Línea cerradora 01;SHIPPING 2
262123;CRR4 Línea cerradora 02;SHIPPING 2
262124;CRR4 Línea cerradora semiautomática;SHIPPING 2
262125;CRR4 Línea flejadora;SHIPPING 2
262126;CRR4 Línea horno;SHIPPING 2
262127;CRR4 Línea operaciones;SHIPPING 2
262128;CRR4 Línea segundo intento RFID;SHIPPING 2
262129;CRR4 Línea principal de rechazo;SHIPPING 2
262130;CRR3 Bypass Ind 17;SHIPPING 2
262131;CRR3 Bypass Ind 16;SHIPPING 2
262132;CRR4 Colectora entrada manual rechazo;SHIPPING 2
262133;CRR4 Línea inducción 17;SHIPPING 2
262134;CRR4 Línea inducción 18;SHIPPING 2
262135;CRR4 Línea conexión shipping 1;SHIPPING 2
262136;CRR4 Desvío CRR3 shipping 1;SHIPPING 2
262137;CRR3 Línea tolva 93;SHIPPING 2
262138;CRR3 Línea tolva 99;SHIPPING 2
262139;CRR3 Línea intercambio SS1 con SS2;SHIPPING 2
262140;CRR4 Linea salida PS4 y PS5 a cerradoras;SHIPPING 2
262141;CRR4 Línea rechazo RFID 01;SHIPPING 2
262142;CRR4 Línea rechazo RFID 02;SHIPPING 2
262143;CRR4 Línea rechazo RFID 03;SHIPPING 2
262144;CRR4 Línea rechazo RFID 04;SHIPPING 2
262145;CRR4 Línea rechazo general 01;SHIPPING 2
262146;CRR4 Línea rechazo general 02;SHIPPING 2
262147;CRR4 Línea entrada man. rechazo RFID 01;SHIPPING 2
262148;CRR4 Línea entrada man. rechazo RFID 02;SHIPPING 2
262149;CRR4 Línea entrada man. rechazo general;SHIPPING 2
262150;CRR3 Línea flejadora;SHIPPING 2
262151;CRR3 Entrada manual;SHIPPING 2
262152;CRR3 Entrada inducción 16;SHIPPING 2
262153;CRR3 Entrada inducción 17;SHIPPING 2
262154;CRR3 Cuadro eléctrico;SHIPPING 2
262155;CRR4 Cuadro eléctrico;SHIPPING 2
262156;CRR4 Salida cerradoras shipping 02;SHIPPING 2
281142;CRR3 Bypass ind 17 a ind 18-19;SHIPPING 2
262158;FLJ1 Línea horno pequeño;SEGUNDO INTENTO
262159;FLJ1 Línea horno grande;SEGUNDO INTENTO
262160;FLJ1 Línea flejadora;SEGUNDO INTENTO
262161;FLJ1 Línea mesas 01;SEGUNDO INTENTO
262162;FLJ1 Línea mesas 02;SEGUNDO INTENTO
262163;FLJ1 Línea mesas 03;SEGUNDO INTENTO
262164;FLJ1 Línea mesas 04;SEGUNDO INTENTO
262165;FLJ1 Bypass mesas;SEGUNDO INTENTO
262166;FLJ1 Línea operaciones IND 11;SEGUNDO INTENTO
262167;FLJ1 Línea operaciones IND 13;SEGUNDO INTENTO
262168;FLJ1 Línea tolva 94 shipping;SEGUNDO INTENTO
262169;FLJ1 Línea principal;SEGUNDO INTENTO
262170;FLJ1 Colectora salida mesas shipping 01;SEGUNDO INTENTO
262171;FLJ1 Colectora operaciones;SEGUNDO INTENTO
262172;FLJ1 Cuadro eléctrico;SEGUNDO INTENTO
262173;FLJ1 Bypass shipping 02;SEGUNDO INTENTO
262175;CRR1 Loop cerradoras 01;SHIPPING 1
262176;CRR1 Cerradoras línea semiautomática;SHIPPING 1
262177;CRR1 Cerradoras línea 01;SHIPPING 1
262178;CRR1 Cerradoras línea 02;SHIPPING 1
262181;CRR1 Rechazo puesto 01;SHIPPING 1
262182;CRR1 Rechazo puesto 02;SHIPPING 1
262183;CRR1 Bypass loop;SHIPPING 1
262184;CRR1 Bypass Ind 11;SHIPPING 1
262185;CRR1 Bypass Ind 12;SHIPPING 1
262186;CRR2 Bypass loop;SHIPPING 1
262187;CRR2 Bypass Ind 12;SHIPPING 1
262188;CRR2 Bypass Ind 13;SHIPPING 1
262189;CRR1 Línea Evacuación 01;SHIPPING 1
262190;CRR1 Línea Evacuación 02;SHIPPING 1
262191;CRR1 Cross dock 01;SHIPPING 1
262193;CRR1 Cuadro eléctrico;SHIPPING 1
262192;CRR2 Loop cerradoras 02;SHIPPING 1
262194;CRR2 Cuadro eléctrico;SHIPPING 1
262195;CRR2 Línea Evacuación 03;SHIPPING 1
262196;CRR2 Línea Evacuación 04;SHIPPING 1
262179;CRR2 Cerradoras línea 03;SHIPPING 1
262180;CRR2 Cerradoras línea 04;SHIPPING 1
262198;IND6 Colector entrada inducciones 1-6;INDUCCIONES 06 PS04
262199;IND6 Colector entrada inducciones 7-12;INDUCCIONES 06 PS04
262200;IND6 Colector salida inducciones 1-6;INDUCCIONES 06 PS04
262201;IND6 Colector salida inducciones 7-12;INDUCCIONES 06 PS04
262202;IND6 Línea principal abridora;INDUCCIONES 06 PS04
262203;IND6 Entrada 01;INDUCCIONES 06 PS04
262204;IND6 Entrada 02;INDUCCIONES 06 PS04
262205;IND6 Entrada 03;INDUCCIONES 06 PS04
262206;IND6 Entrada 04;INDUCCIONES 06 PS04
262207;IND6 Entrada 05;INDUCCIONES 06 PS04
262208;IND6 Entrada 06;INDUCCIONES 06 PS04
262209;IND6 Entrada 07;INDUCCIONES 06 PS04
262210;IND6 Entrada 08;INDUCCIONES 06 PS04
262211;IND6 Entrada 09;INDUCCIONES 06 PS04
262212;IND6 Entrada 10;INDUCCIONES 06 PS04
262213;IND6 Entrada 11;INDUCCIONES 06 PS04
262214;IND6 Entrada 12;INDUCCIONES 06 PS04
262215;IND6 Salida 01;INDUCCIONES 06 PS04
262216;IND6 Salida 02;INDUCCIONES 06 PS04
262217;IND6 Salida 03;INDUCCIONES 06 PS04
262218;IND6 Salida 04;INDUCCIONES 06 PS04
262219;IND6 Salida 05;INDUCCIONES 06 PS04
262220;IND6 Salida 06;INDUCCIONES 06 PS04
262221;IND6 Salida 07;INDUCCIONES 06 PS04
262222;IND6 Salida 08;INDUCCIONES 06 PS04
262223;IND6 Salida 09;INDUCCIONES 06 PS04
262224;IND6 Salida 10;INDUCCIONES 06 PS04
262225;IND6 Salida 11;INDUCCIONES 06 PS04
262226;IND6 Salida 12;INDUCCIONES 06 PS04
262227;IND6 Loop caja vacía;INDUCCIONES 06 PS04
262228;IND6 Colector evacuación;INDUCCIONES 06 PS04
262229;IND6 Cuadro eléctrico;INDUCCIONES 06 PS04
262231;IND7 Colector entrada inducciones 1-6;INDUCCIONES 07 PS05
262232;IND7 Colector entrada inducciones 7-12;INDUCCIONES 07 PS05
262233;IND7 Colector salida inducciones 1-6;INDUCCIONES 07 PS05
262234;IND7 Colector salida inducciones 7-12;INDUCCIONES 07 PS05
262235;IND7 Línea principal abridora;INDUCCIONES 07 PS05
262236;IND7 Entrada 01;INDUCCIONES 07 PS05
262237;IND7 Entrada 02;INDUCCIONES 07 PS05
262238;IND7 Entrada 03;INDUCCIONES 07 PS05
262239;IND7 Entrada 04;INDUCCIONES 07 PS05
262240;IND7 Entrada 05;INDUCCIONES 07 PS05
262241;IND7 Entrada 06;INDUCCIONES 07 PS05
262242;IND7 Entrada 07;INDUCCIONES 07 PS05
262243;IND7 Entrada 08;INDUCCIONES 07 PS05
262244;IND7 Entrada 09;INDUCCIONES 07 PS05
262245;IND7 Entrada 10;INDUCCIONES 07 PS05
262246;IND7 Entrada 11;INDUCCIONES 07 PS05
262247;IND7 Entrada 12;INDUCCIONES 07 PS05
262248;IND7 Salida 01;INDUCCIONES 07 PS05
262249;IND7 Salida 02;INDUCCIONES 07 PS05
262250;IND7 Salida 03;INDUCCIONES 07 PS05
262251;IND7 Salida 04;INDUCCIONES 07 PS05
262252;IND7 Salida 05;INDUCCIONES 07 PS05
262253;IND7 Salida 06;INDUCCIONES 07 PS05
262254;IND7 Salida 07;INDUCCIONES 07 PS05
262255;IND7 Salida 08;INDUCCIONES 07 PS05
262256;IND7 Salida 09;INDUCCIONES 07 PS05
262257;IND7 Salida 10;INDUCCIONES 07 PS05
262258;IND7 Salida 11;INDUCCIONES 07 PS05
262259;IND7 Salida 12;INDUCCIONES 07 PS05
262260;IND7 Loop caja vacía;INDUCCIONES 07 PS05
262261;IND7 Cuadro eléctrico;INDUCCIONES 07 PS05
262263;EVC5 Colector evacuación;TAKE AWAY PS03
262264;EVC5 Línea evacuación 01;TAKE AWAY PS03
262265;EVC5 Línea evacuación 02;TAKE AWAY PS03
262266;EVC5 Línea evacuación 03;TAKE AWAY PS03
262267;EVC5 Línea evacuación 04;TAKE AWAY PS03
262268;EVC5 Línea evacuación 05;TAKE AWAY PS03
262269;EVC5 Línea evacuación 06;TAKE AWAY PS03
262270;EVC5 Línea evacuación 07;TAKE AWAY PS03
262271;EVC5 Línea evacuación 08;TAKE AWAY PS03
262272;EVC5 Cuadro eléctrico;TAKE AWAY PS03
262273;EVC4 Cuadro eléctrico;TAKE AWAY PS03
262275;IND6 Línea 1 evacuación take away;TAKE AWAY PS04
262276;IND6 Línea 2 evacuación take away;TAKE AWAY PS04
262278;IND7 Línea 1 evacuación take away;TAKE AWAY PS05
262279;IND7 Línea 2 evacuación take away;TAKE AWAY PS05
262281;VAC2 Línea cross dock 1;CAJA VACÍA VAC
262283;EVC1 Empujadores brazo 01 (T. 01 a 126);TAKE AWAY PS01
262284;EVC2 Empujadores brazo 02 (T. 127 a 252);TAKE AWAY PS01
262285;EVC2 Empujadores brazo 03 (T. 253 a 378);TAKE AWAY PS01
262286;EVC1 Empujadores brazo 04 (T. 379 a 504);TAKE AWAY PS01
262287;EVC1 Cuadro eléctrico;TAKE AWAY PS01
262288;EVC1 Evacuación 01;TAKE AWAY PS01
262289;EVC2 Cuadro eléctrico;TAKE AWAY PS01
262290;EVC2 Evacuación 02;TAKE AWAY PS01
262292;EVC3 Empujadores brazo 01 (T. 01 a 126);TAKE AWAY PS02
262293;EVC4 Empujadores brazo 02 (T. 127 a 252);TAKE AWAY PS02
262294;EVC4 Empujadores brazo 03 (T. 253 a 378);TAKE AWAY PS02
262295;EVC3 Empujadores brazo 04 (T. 379 a 504);TAKE AWAY PS02
262296;EVC3 Cuadro eléctrico;TAKE AWAY PS02
262297;EVC3 Evacuación 03;TAKE AWAY PS02
262298;EVC4 Evacuación 04;TAKE AWAY PS02
262300;VAC3 Línea cross dock 02;CAJA VACÍA 3 VAC
262302;EMP1 Cuadro eléctrico;EMPAQUETADO 1
262303;EMP1 Línea principal 01;EMPAQUETADO 1
262304;EMP1 Línea principal 02;EMPAQUETADO 1
262305;EMP1 Salida exportación 01;EMPAQUETADO 1
262306;EMP1 Salida exportación 02;EMPAQUETADO 1
262307;EMP1 Salida exportación 03;EMPAQUETADO 1
262308;EMP1 Salida exportación 04;EMPAQUETADO 1
262309;EMP1 Salida packing área 01;EMPAQUETADO 1
262310;EMP1 Salida packing área 02;EMPAQUETADO 1
262311;EMP1 Salida packing área 03;EMPAQUETADO 1
262312;EMP1 Salida packing área 04;EMPAQUETADO 1
262313;EMP1 Salida packing área 05;EMPAQUETADO 1
262314;EMP1 Entrada manual;EMPAQUETADO 1
262315;EMP1 Salida 1 CLA6;EMPAQUETADO 1
262316;EMP1 Salida 2 CLA6;EMPAQUETADO 1
262317;EMP1 Colectora salida CLA6;EMPAQUETADO 1
262318;EMP1 Bypass principal 01-02;EMPAQUETADO 1
262319;EMP1 Bypass 1 principal 02-01;EMPAQUETADO 1
262320;EMP1 Bypass 2 principal 02-01;EMPAQUETADO 1
262322;EMP2 Cuadro eléctrico;EMPAQUETADO 2
262323;EMP2 Línea etiquetado 1;EMPAQUETADO 2
262324;EMP2 Línea etiquetado 2;EMPAQUETADO 2
262325;EMP2 Línea etiquetado 3;EMPAQUETADO 2
262326;EMP2 Línea rechazo;EMPAQUETADO 2
262327;EMP2 Línea operaciones;EMPAQUETADO 2
262328;EMP2 Línea horno;EMPAQUETADO 2
262329;EMP2 Línea flejadora 1;EMPAQUETADO 2
262330;EMP2 Línea flejadora 2;EMPAQUETADO 2
262331;EMP2 Línea inducción 21;EMPAQUETADO 2
262332;EMP2 Línea inducción 22;EMPAQUETADO 2
262333;EMP2 Bypass IND 21;EMPAQUETADO 2
262334;EMP2 Línea conexión EMP1;EMPAQUETADO 2
263313;EMP2 Línea de rechazo 1;EMPAQUETADO 2
263314;EMP2 Línea de rechazo 2;EMPAQUETADO 2
263315;EMP2 Línea de rechazo 3;EMPAQUETADO 2
263316;EMP2 Colector salida rechazo;EMPAQUETADO 2
262336;EMP3 Cuadro eléctrico;EMPAQUETADO 3
262337;EMP3 Salida 1 CLA5;EMPAQUETADO 3
262338;EMP3 Salida 2 CLA5;EMPAQUETADO 3
262342;AER Muelle aéreo 340;MUELLES AÉREOS
262343;AER Muelle aéreo 342;MUELLES AÉREOS
262344;AER Muelle aéreo 343;MUELLES AÉREOS
262345;AER Muelle aéreo 345;MUELLES AÉREOS
262346;AER Muelle aéreo 346;MUELLES AÉREOS
262347;AER Muelle aéreo 148;MUELLES AÉREOS
262348;AER Muelle aéreo 149;MUELLES AÉREOS
262349;AER Muelle aéreo 151;MUELLES AÉREOS
262351;ENT1 Línea entrada 01;ENTRADAS 1
262352;ENT1 Línea entrada 02;ENTRADAS 1
262353;ENT1 Línea entrada 03;ENTRADAS 1
262354;ENT1 Línea entrada 04;ENTRADAS 1
262355;ENT1 Línea entrada 05;ENTRADAS 1
262356;ENT1 Línea entrada 06;ENTRADAS 1
262357;ENT1 Línea entrada 07;ENTRADAS 1
262358;ENT1 Línea entrada 08;ENTRADAS 1
262359;ENT1 ID01;ENTRADAS 1
262360;ENT1 ID02;ENTRADAS 1
262361;ENT1 ID03;ENTRADAS 1
262362;ENT1 ID04;ENTRADAS 1
262363;ENT1 ID05;ENTRADAS 1
262364;ENT1 ID06;ENTRADAS 1
262365;ENT1 ID07;ENTRADAS 1
262366;ENT1 ID08;ENTRADAS 1
262367;ENT1 ID segundo intento;ENTRADAS 1
262368;ENT1 RFID Palé;ENTRADAS 1
262369;ENT1 Telescópicos;ENTRADAS 1
262370;ENT1 Colector entrada;ENTRADAS 1
262371;ENT1 Colector entrada IDs;ENTRADAS 1
262372;ENT1 Colector salida IDs;ENTRADAS 1
262373;ENT1 Cuadro eléctrico;ENTRADAS 1
262375;ENT2 Línea entrada 09;ENTRADAS 2
262376;ENT2 Línea entrada 10;ENTRADAS 2
262377;ENT2 Línea entrada 11;ENTRADAS 2
262378;ENT2 Línea entrada 12;ENTRADAS 2
262379;ENT2 Línea entrada 13;ENTRADAS 2
262380;ENT2 Línea entrada 14;ENTRADAS 2
262381;ENT2 Línea entrada 15;ENTRADAS 2
262382;ENT2 ID09;ENTRADAS 2
262383;ENT2 ID10;ENTRADAS 2
262384;ENT2 ID11;ENTRADAS 2
262385;ENT2 ID12;ENTRADAS 2
262386;ENT2 ID13;ENTRADAS 2
262387;ENT2 ID14;ENTRADAS 2
262388;ENT2 ID15;ENTRADAS 2
262389;ENT2 ID16;ENTRADAS 2
262390;ENT2 ID segundo intento;ENTRADAS 2
262391;ENT2 Telescópicos;ENTRADAS 2
262392;ENT2 Colector entrada;ENTRADAS 2
262393;ENT2 Colector entrada IDs;ENTRADAS 2
262394;ENT2 Colector salida IDs;ENTRADAS 2
262395;ENT2 Cuadro eléctrico;ENTRADAS 2
262397;CNX1 Rechazo IDs;CONEXIONES SILO 1
262398;CNX1 Subida manual rechazo IDs;CONEXIONES SILO 1
262399;CNX1 Línea sin precintado;CONEXIONES SILO 1
262400;CNX1 Principal silo;CONEXIONES SILO 1
262401;CNX1 Cuadro eléctrico;CONEXIONES SILO 1
262402;CNX1 Rechazo entrada silo 1;CONEXIONES SILO 1
262403;CNX1 Entrada manual silo;CONEXIONES SILO 1
262404;CNX1 Desvío PLM1;CONEXIONES SILO 1
262405;CNX1 Salida silo;CONEXIONES SILO 1
262406;CNX1 Línea precintado 1;CONEXIONES SILO 1
262407;CNX1 Línea precintado 2;CONEXIONES SILO 1
262409;DPA1 Entrada 1;DESPALETIZADOR 1
262410;DPA1 Entrada 2;DESPALETIZADOR 1
262411;DPA1 Transferidor;DESPALETIZADOR 1
262412;DPA1 Evacuación;DESPALETIZADOR 1
262413;DPL1 Salida línea 1;DESPALETIZADOR 1
262414;DPL1 Salida línea 2;DESPALETIZADOR 1
262415;DPL1 Colector;DESPALETIZADOR 1
262416;DPL1 Cuadro eléctrico;DESPALETIZADOR 1
262418;DPL2 Salida línea 2;DESPALETIZADOR 2
262419;DPL2 Colector;DESPALETIZADOR 2
262420;DPA2 Entrada 1;DESPALETIZADOR 2
262421;DPA2 Entrada 2;DESPALETIZADOR 2
262422;DPA2 Transferidor;DESPALETIZADOR 2
262423;DPA2 Evacuación;DESPALETIZADOR 2
262424;DPL2 Salida línea 1;DESPALETIZADOR 2
262425;DPL2 Cuadro eléctrico;DESPALETIZADOR 2
262427;ENT3 Línea cerradora 01;ENTRADAS 3
262428;ENT3 Línea cerradora semiautomática 02;ENTRADAS 3
262429;ENT3 Línea cerradora 03;ENTRADAS 3
262430;ENT3 Segundo intento RFID;ENTRADAS 3
262431;ENT3 Entrada Ids desde rechazo;ENTRADAS 3
262432;ENT3 Línea rechazo;ENTRADAS 3
262433;ENT3 Línea entrada 01;ENTRADAS 3
262434;ENT3 Línea entrada 02;ENTRADAS 3
262435;ENT3 Línea entrada 03;ENTRADAS 3
262436;ENT3 Línea entrada 04;ENTRADAS 3
262437;ENT3 Línea entrada 05;ENTRADAS 3
262438;ENT3 Línea entrada 06;ENTRADAS 3
262439;ENT3 ID21;ENTRADAS 3
262440;ENT3 ID22;ENTRADAS 3
262441;ENT3 ID23;ENTRADAS 3
262442;ENT3 ID24;ENTRADAS 3
262443;ENT3 ID25;ENTRADAS 3
262444;ENT3 ID26;ENTRADAS 3
262445;ENT3 Puesto de identificación;ENTRADAS 3
262446;ENT3 Rechazo entradas;ENTRADAS 3
262447;ENT3 Descarga RFID sur;ENTRADAS 3
262448;ENT3 Descarga RFID norte;ENTRADAS 3
262449;ENT3 Entrada manual;ENTRADAS 3
262450;ENT3 Entrada puesto identificación;ENTRADAS 3
262451;ENT3 Entrada manual rechazo;ENTRADAS 3
262452;ENT3 RFID Palé;ENTRADAS 3
262453;ENT3 Telescópicos;ENTRADAS 3
262454;ENT3 Colector salida IDs;ENTRADAS 3
262455;ENT3 Colector salida cerradoras;ENTRADAS 3
262456;ENT3 Cuadro eléctrico;ENTRADAS 3
262457;ENT3 Colector de entradas hasta IDs;ENTRADAS 3
262459;SIL2 Cuadro eléctrico;CABECERA ENTRADA SILO 2
262460;SIL2 Entrada grúa 21;CABECERA ENTRADA SILO 2
262461;SIL2 Entrada grúa 22;CABECERA ENTRADA SILO 2
262462;SIL2 Entrada grúa 23;CABECERA ENTRADA SILO 2
262463;SIL2 Entrada grúa 24;CABECERA ENTRADA SILO 2
262464;SIL2 Entrada grúa 25;CABECERA ENTRADA SILO 2
262465;SIL2 Entrada grúa 26;CABECERA ENTRADA SILO 2
262466;SIL2 Entrada grúa 27;CABECERA ENTRADA SILO 2
262467;SIL2 Entrada grúa 28;CABECERA ENTRADA SILO 2
262468;SIL2 Entrada grúa 29;CABECERA ENTRADA SILO 2
262469;SIL2 Entrada grúa 30;CABECERA ENTRADA SILO 2
262470;SIL2 Entrada grúa 31;CABECERA ENTRADA SILO 2
262471;SIL2 Entrada grúa 32;CABECERA ENTRADA SILO 2
262472;SIL2 Entrada grúa 33;CABECERA ENTRADA SILO 2
262473;SIL2 Entrada grúa 34;CABECERA ENTRADA SILO 2
262474;SIL2 Entrada grúa 35;CABECERA ENTRADA SILO 2
262475;SIL2 Entrada grúa 36;CABECERA ENTRADA SILO 2
262476;SIL2 Entrada grúa 37;CABECERA ENTRADA SILO 2
262477;SIL2 Entrada grúa 38;CABECERA ENTRADA SILO 2
262478;SIL2 Loop de entrada;CABECERA ENTRADA SILO 2
262480;SIL3 Cuadro eléctrico;CABECERA ENTRADA SILO 3
262481;SIL3 Entrada grúa 01;CABECERA ENTRADA SILO 3
262482;SIL3 Entrada grúa 02;CABECERA ENTRADA SILO 3
262483;SIL3 Entrada grúa 03;CABECERA ENTRADA SILO 3
262484;SIL3 Entrada grúa 04;CABECERA ENTRADA SILO 3
262485;SIL3 Entrada grúa 05;CABECERA ENTRADA SILO 3
262486;SIL3 Entrada grúa 06;CABECERA ENTRADA SILO 3
262487;SIL3 Entrada grúa 07;CABECERA ENTRADA SILO 3
262488;SIL3 Entrada grúa 08;CABECERA ENTRADA SILO 3
262489;SIL3 Entrada grúa 09;CABECERA ENTRADA SILO 3
262490;SIL3 Entrada grúa 10;CABECERA ENTRADA SILO 3
262491;SIL3 Entrada grúa 11;CABECERA ENTRADA SILO 3
262492;SIL3 Entrada grúa 12;CABECERA ENTRADA SILO 3
262493;SIL3 Entrada grúa 13;CABECERA ENTRADA SILO 3
262494;SIL3 Entrada grúa 14;CABECERA ENTRADA SILO 3
262495;SIL3 Entrada grúa 15;CABECERA ENTRADA SILO 3
262496;SIL3 Entrada grúa 16;CABECERA ENTRADA SILO 3
262497;SIL3 Entrada grúa 17;CABECERA ENTRADA SILO 3
262498;SIL3 Entrada grúa 18;CABECERA ENTRADA SILO 3
262499;SIL3 Entrada grúa 19;CABECERA ENTRADA SILO 3
262500;SIL3 Entrada grúa 20;CABECERA ENTRADA SILO 3
262501;SIL3 Loop de entrada;CABECERA ENTRADA SILO 3
262503;SIL1 Entrada grúa 01;CABECERA ENTRADA SILO 1
262504;SIL1 Entrada grúa 02;CABECERA ENTRADA SILO 1
262505;SIL1 Entrada grúa 03;CABECERA ENTRADA SILO 1
262506;SIL1 Entrada grúa 04;CABECERA ENTRADA SILO 1
262507;SIL1 Entrada grúa 05;CABECERA ENTRADA SILO 1
262508;SIL1 Entrada grúa 06;CABECERA ENTRADA SILO 1
262509;SIL1 Entrada grúa 07;CABECERA ENTRADA SILO 1
262510;SIL1 Entrada grúa 08;CABECERA ENTRADA SILO 1
262511;SIL1 Entrada grúa 09;CABECERA ENTRADA SILO 1
262512;SIL1 Entrada grúa 10;CABECERA ENTRADA SILO 1
262513;SIL1 Entrada grúa 11;CABECERA ENTRADA SILO 1
262514;SIL1 Entrada grúa 12;CABECERA ENTRADA SILO 1
262515;SIL1 Entrada grúa 13;CABECERA ENTRADA SILO 1
262516;SIL1 Entrada grúa 14;CABECERA ENTRADA SILO 1
262517;SIL1 Entrada grúa 15;CABECERA ENTRADA SILO 1
262518;SIL1 Entrada grúa 16;CABECERA ENTRADA SILO 1
262519;SIL1 Entrada grúa 17;CABECERA ENTRADA SILO 1
262520;SIL1 Entrada grúa 18;CABECERA ENTRADA SILO 1
262521;SIL1 Loop de entrada;CABECERA ENTRADA SILO 1
262522;SIL1 Cuadro eléctrico;CABECERA ENTRADA SILO 1
262524;CNX2 Rechazo salida silos;CONEXIONES SILO 2
262525;CNX2 Cross dock 1;CONEXIONES SILO 2
262526;CNX2 Cuadro eléctrico;CONEXIONES SILO 2
262527;CNX2 Principal silo;CONEXIONES SILO 2
262528;CNX2 Rechazo IDs;CONEXIONES SILO 2
262529;CNX2 Subida manual;CONEXIONES SILO 2
262530;CNX2 Rechazo entrada silo 2;CONEXIONES SILO 2
262531;CNX2 Desvío PLM2;CONEXIONES SILO 2
262532;CNX2 Cross dock 1 Salida silo 1;CONEXIONES SILO 2
262533;CNX2 Cross dock 1 Salida silo 2;CONEXIONES SILO 2
262534;CNX2 Salida silo 2;CONEXIONES SILO 2
262535;CNX2 Línea precintado 01;CONEXIONES SILO 2
262536;CNX2 Línea precintado 02;CONEXIONES SILO 2
262537;CNX2 Línea precintado 03;CONEXIONES SILO 2
262539;RFID1 Loop RFID 01;LOOP RFID
262540;RFID2 Loop RFID 02;LOOP RFID
262542;IND1 Colector de entrada inducciones 01;INDUCCIONES 01 PS01
262543;IND1 Colector de salida inducciones 01;INDUCCIONES 01 PS01
262544;IND1 Cuadro eléctrico;INDUCCIONES 01 PS01
262545;IND1 Entrada inducción 01;INDUCCIONES 01 PS01
262546;IND1 Entrada inducción 02;INDUCCIONES 01 PS01
262547;IND1 Entrada inducción 03;INDUCCIONES 01 PS01
262548;IND1 Entrada inducción 04;INDUCCIONES 01 PS01
262549;IND1 Entrada inducción 05;INDUCCIONES 01 PS01
262550;IND1 Entrada inducción 06;INDUCCIONES 01 PS01
262551;IND1 Entrada inducción 07;INDUCCIONES 01 PS01
262552;IND1 Entrada inducción 08;INDUCCIONES 01 PS01
262553;IND1 Entrada inducción 09;INDUCCIONES 01 PS01
262554;IND1 Entrada inducción 10;INDUCCIONES 01 PS01
262556;IND2 Colector de entrada inducciones 02;INDUCCIONES 02 PS01
262557;IND2 Colector de salida inducciones 02;INDUCCIONES 02 PS01
262558;IND2 Cuadro eléctrico;INDUCCIONES 02 PS01
262559;IND2 Entrada inducción 12;INDUCCIONES 02 PS01
262560;IND2 Entrada inducción 13;INDUCCIONES 02 PS01
262561;IND2 Entrada inducción 14;INDUCCIONES 02 PS01
262562;IND2 Entrada inducción 15;INDUCCIONES 02 PS01
262563;IND2 Entrada inducción 16;INDUCCIONES 02 PS01
262564;IND2 Entrada inducción 17;INDUCCIONES 02 PS01
262565;IND2 Entrada inducción 18;INDUCCIONES 02 PS01
262566;IND2 Entrada inducción 19;INDUCCIONES 02 PS01
262567;IND2 Entrada inducción 20;INDUCCIONES 02 PS01
262568;IND2 Entrada inducción 21;INDUCCIONES 02 PS01
282976;IND2 Entrada inducción 11;INDUCCIONES 02 PS01
262570;PLM2 Colector sorter 1 y sorter 2;SEQUENCE BUFFER 2
262571;PLM2 Colector sorter 3;SEQUENCE BUFFER 2
262572;PLM2 Retorno pulmón;SEQUENCE BUFFER 2
262573;PLM2 Línea 01;SEQUENCE BUFFER 2
262574;PLM2 Línea 02;SEQUENCE BUFFER 2
262575;PLM2 Línea 03;SEQUENCE BUFFER 2
262576;PLM2 Línea 04;SEQUENCE BUFFER 2
262577;PLM2 Línea 05;SEQUENCE BUFFER 2
262578;PLM2 Línea 06;SEQUENCE BUFFER 2
262579;PLM2 Línea 07;SEQUENCE BUFFER 2
262580;PLM2 Línea 08;SEQUENCE BUFFER 2
262581;PLM2 Línea 09;SEQUENCE BUFFER 2
262582;PLM2 Línea 10;SEQUENCE BUFFER 2
262583;PLM2 Línea 11;SEQUENCE BUFFER 2
262584;PLM2 Línea 12;SEQUENCE BUFFER 2
262585;PLM2 Línea 13;SEQUENCE BUFFER 2
262586;PLM2 Línea 14;SEQUENCE BUFFER 2
262587;PLM2 Línea 15;SEQUENCE BUFFER 2
262588;PLM2 Línea 16;SEQUENCE BUFFER 2
262589;PLM2 Línea 17;SEQUENCE BUFFER 2
262590;PLM2 Línea 18;SEQUENCE BUFFER 2
262591;PLM2 Colector de entrada;SEQUENCE BUFFER 2
262592;PLM2 Cuadro eléctrico;SEQUENCE BUFFER 2
262594;SHU1 Loop de entrada shuttle 1;CABECERA SHUTTLE 01
262595;SHU1 Colector salida shuttle 1;CABECERA SHUTTLE 01
262596;SHU1 Entrada pasillo 01 derecha;CABECERA SHUTTLE 01
262597;SHU1 Entrada pasillo 01 izquierda;CABECERA SHUTTLE 01
262598;SHU1 Entrada pasillo 02 derecha;CABECERA SHUTTLE 01
262599;SHU1 Entrada pasillo 02 izquierda;CABECERA SHUTTLE 01
262600;SHU1 Entrada pasillo 03 derecha;CABECERA SHUTTLE 01
262601;SHU1 Entrada pasillo 03 izquierda;CABECERA SHUTTLE 01
262602;SHU1 Entrada pasillo 04 derecha;CABECERA SHUTTLE 01
262603;SHU1 Entrada pasillo 04 izquierda;CABECERA SHUTTLE 01
262604;SHU1 Entrada pasillo 05 derecha;CABECERA SHUTTLE 01
262605;SHU1 Entrada pasillo 05 izquierda;CABECERA SHUTTLE 01
262606;SHU1 Salida pasillo 01 derecha;CABECERA SHUTTLE 01
262607;SHU1 Salida pasillo 01 izquierda;CABECERA SHUTTLE 01
262608;SHU1 Salida pasillo 02 derecha;CABECERA SHUTTLE 01
262609;SHU1 Salida pasillo 02 izquierda;CABECERA SHUTTLE 01
262610;SHU1 Salida pasillo 03 derecha;CABECERA SHUTTLE 01
262611;SHU1 Salida pasillo 03 izquierda;CABECERA SHUTTLE 01
262612;SHU1 Salida pasillo 04 derecha;CABECERA SHUTTLE 01
262613;SHU1 Salida pasillo 04 izquierda;CABECERA SHUTTLE 01
262614;SHU1 Salida pasillo 05 derecha;CABECERA SHUTTLE 01
262615;SHU1 Salida pasillo 05 izquierda;CABECERA SHUTTLE 01
262616;SHU1 Bypass retorno loop entrada;CABECERA SHUTTLE 01
262617;SHU1 Cuadro eléctrico;CABECERA SHUTTLE 01
262619;SHU2 Loop de entrada shuttle 2;CABECERA SHUTTLE 02
262620;SHU2 Colector salida shuttle 2;CABECERA SHUTTLE 02
262621;SHU2 Bypass retorno loop entrada;CABECERA SHUTTLE 02
262622;SHU2 Entrada pasillo 06 derecha;CABECERA SHUTTLE 02
262623;SHU2 Entrada pasillo 06 izquierda;CABECERA SHUTTLE 02
262624;SHU2 Entrada pasillo 07 derecha;CABECERA SHUTTLE 02
262625;SHU2 Entrada pasillo 07 izquierda;CABECERA SHUTTLE 02
262626;SHU2 Entrada pasillo 08 derecha;CABECERA SHUTTLE 02
262627;SHU2 Entrada pasillo 08 izquierda;CABECERA SHUTTLE 02
262628;SHU2 Entrada pasillo 09 derecha;CABECERA SHUTTLE 02
262629;SHU2 Entrada pasillo 09 izquierda;CABECERA SHUTTLE 02
262630;SHU2 Entrada pasillo 10 derecha;CABECERA SHUTTLE 02
262631;SHU2 Entrada pasillo 10 izquierda;CABECERA SHUTTLE 02
262632;SHU2 Salida pasillo 06 derecha;CABECERA SHUTTLE 02
262633;SHU2 Salida pasillo 06 izquierda;CABECERA SHUTTLE 02
262634;SHU2 Salida pasillo 07 derecha;CABECERA SHUTTLE 02
262635;SHU2 Salida pasillo 07 izquierda;CABECERA SHUTTLE 02
262636;SHU2 Salida pasillo 08 derecha;CABECERA SHUTTLE 02
262637;SHU2 Salida pasillo 08 izquierda;CABECERA SHUTTLE 02
262638;SHU2 Salida pasillo 09 derecha;CABECERA SHUTTLE 02
262639;SHU2 Salida pasillo 09 izquierda;CABECERA SHUTTLE 02
262640;SHU2 Salida pasillo 10 derecha;CABECERA SHUTTLE 02
262641;SHU2 Salida pasillo 10 izquierda;CABECERA SHUTTLE 02
262642;SHU2 Bypass SHU1-SHU2;CABECERA SHUTTLE 02
262643;SHU2 Bypass SHU2-SHU1;CABECERA SHUTTLE 02
262644;SHU2 Línea suministro sorter 04 y 05;CABECERA SHUTTLE 02
262645;SHU2 Cuadro eléctrico;CABECERA SHUTTLE 02
262647;IND4 Línea abridora sorter 02;INDUCCIONES 04 PS02
262648;IND4 Entrada inducción 13;INDUCCIONES 04 PS02
262649;IND4 Entrada inducción 14;INDUCCIONES 04 PS02
262650;IND4 Entrada inducción 15;INDUCCIONES 04 PS02
262651;IND4 Entrada inducción 16;INDUCCIONES 04 PS02
262652;IND4 Entrada inducción 17;INDUCCIONES 04 PS02
262653;IND4 Entrada inducción 18;INDUCCIONES 04 PS02
262654;IND4 Entrada inducción 19;INDUCCIONES 04 PS02
262655;IND4 Entrada inducción 20;INDUCCIONES 04 PS02
262656;IND4 Entrada inducción 21;INDUCCIONES 04 PS02
262657;IND4 Entrada inducción 22;INDUCCIONES 04 PS02
262658;IND4 Entrada inducción 23;INDUCCIONES 04 PS02
262659;IND4 Entrada inducción 24;INDUCCIONES 04 PS02
262660;IND4 Colector de entrada inducciones 04;INDUCCIONES 04 PS02
262661;IND4 Colector de salida inducciones 04;INDUCCIONES 04 PS02
262662;IND4 Cuadro eléctrico;INDUCCIONES 04 PS02
262664;PLM1 Línea 01;SEQUENCE BUFFER 1
262665;PLM1 Línea 02;SEQUENCE BUFFER 1
262666;PLM1 Línea 03;SEQUENCE BUFFER 1
262667;PLM1 Línea 04;SEQUENCE BUFFER 1
262668;PLM1 Línea 05;SEQUENCE BUFFER 1
262669;PLM1 Línea 06;SEQUENCE BUFFER 1
262670;PLM1 Línea 07;SEQUENCE BUFFER 1
262671;PLM1 Línea 08;SEQUENCE BUFFER 1
262672;PLM1 Línea 09;SEQUENCE BUFFER 1
262673;PLM1 Línea 10;SEQUENCE BUFFER 1
262674;PLM1 Línea 11;SEQUENCE BUFFER 1
262675;PLM1 Línea 12;SEQUENCE BUFFER 1
262676;PLM1 Línea 13;SEQUENCE BUFFER 1
262677;PLM1 Línea 14;SEQUENCE BUFFER 1
262678;PLM1 Línea 15;SEQUENCE BUFFER 1
262679;PLM1 Línea 16;SEQUENCE BUFFER 1
262680;PLM1 Línea 17;SEQUENCE BUFFER 1
262681;PLM1 Línea 18;SEQUENCE BUFFER 1
262682;PLM1 Línea 19;SEQUENCE BUFFER 1
262683;PLM1 Línea 20;SEQUENCE BUFFER 1
262684;PLM1 Línea 21;SEQUENCE BUFFER 1
262685;PLM1 Línea 22;SEQUENCE BUFFER 1
262686;PLM1 Línea 23;SEQUENCE BUFFER 1
262687;PLM1 Línea abridora sorter 01;SEQUENCE BUFFER 1
262688;PLM1 Loop;SEQUENCE BUFFER 1
262689;PLM1 Colector salida;SEQUENCE BUFFER 1
262690;PLM1 Cuadro eléctrico;SEQUENCE BUFFER 1
262692;VAC3 Entrada manual a sorter;CAJA VACÍA 3
262693;VAC3 Línea de acumulación;CAJA VACÍA 3
262694;VAC3 Línea retorno cajas vacías;CAJA VACÍA 3
262695;VAC3 Línea retorno cerradoras shuttle;CAJA VACÍA 3
262696;VAC3 Línea colocadora 01;CAJA VACÍA 3
262697;VAC3 Línea colocadora 02;CAJA VACÍA 3
262698;VAC3 Líneas formadora;CAJA VACÍA 3
262699;VAC3 Línea verificación caja vacía;CAJA VACÍA 3
262700;VAC3 Línea picking 01;CAJA VACÍA 3
262701;VAC3 Línea picking 02;CAJA VACÍA 3
262702;VAC3 Retorno cross dock 02;CAJA VACÍA 3
262703;VAC3 Línea entrada manual caja vacía;CAJA VACÍA 3
262704;VAC3 Briquetadora;CAJA VACÍA 3
262705;VAC3 Rechazo 01;CAJA VACÍA 3
262706;VAC3 Rechazo 02;CAJA VACÍA 3
262707;VAC3 Rechazo 03;CAJA VACÍA 3
262708;VAC3 Desvío sorter 03;CAJA VACÍA 3
262709;VAC3 Retorno pick cross dock 02;CAJA VACÍA 3
262710;VAC3 Suministro CNX3 a sorter 04 y 05;CAJA VACÍA 3
262711;VAC3 Cuadro eléctrico;CAJA VACÍA 3
262712;VAC3 Sum. sorter 04 y 05 desde shuttle;CAJA VACÍA 3
262713;VAC3 Línea retorno sorter 04 y 05;CAJA VACÍA 3
262714;VAC3 Suministro cajas vacías;CAJA VACÍA 3
262715;VAC3 Suministro cajas vacías sorter 04;CAJA VACÍA 3
262716;VAC3 Suministro cajas vacías sorter 05;CAJA VACÍA 3
262718;CTCV 853 Cadena de caja vacía;CAJA VACÍA 1
262719;CTCV 854 Cadena de caja vacía;CAJA VACÍA 1
262720;VAC1 Retorno silo;CAJA VACÍA 1
262721;VAC1 Rechazo;CAJA VACÍA 1
262722;VAC1 Línea manual de entradas;CAJA VACÍA 1
262723;VAC1 Línea entrada manual 01;CAJA VACÍA 1
262724;VAC1 Línea entrada manual 02;CAJA VACÍA 1
262725;VAC1 Línea entrada manual 03;CAJA VACÍA 1
262726;VAC1 Línea entrada manual 04;CAJA VACÍA 1
262727;VAC1 Línea colocadora;CAJA VACÍA 1
262728;VAC1 Bypass VAC1-VAC2;CAJA VACÍA 1
262729;VAC1 Cuadro eléctrico;CAJA VACÍA 1
262730;VAC1 Línea vacías;CAJA VACÍA 1
262731;VAC1 Línea vacías 01;CAJA VACÍA 1
262732;VAC1 Línea vacías 02;CAJA VACÍA 1
262733;VAC1 Línea vacías 03;CAJA VACÍA 1
262734;VAC1 Línea vacías 04;CAJA VACÍA 1
262735;VAC1 Línea vacías 05;CAJA VACÍA 1
262737;CTCV 855 Cadena de caja vacía;CAJA VACÍA 2
262738;CTCV 856 Cadena de caja vacía;CAJA VACÍA 2
262739;VAC2 Retorno silo;CAJA VACÍA 2
262740;VAC2 Retorno shuttle;CAJA VACÍA 2
262741;VAC2 Línea colocadora;CAJA VACÍA 2
262742;VAC2 Cuadro eléctrico;CAJA VACÍA 2
262743;VAC2 Rechazo;CAJA VACÍA 2
262744;VAC2 Retorno silo entre pulmones;CAJA VACÍA 2
262745;VAC2 Línea vacías;CAJA VACÍA 2
262746;VAC2 Línea vacías 01;CAJA VACÍA 2
262747;VAC2 Línea vacías 02;CAJA VACÍA 2
262748;VAC2 Línea vacías 03;CAJA VACÍA 2
262749;VAC2 Línea vacías 04;CAJA VACÍA 2
262750;VAC2 Línea vacías 05;CAJA VACÍA 2
262752;CTCV1 Cadena de caja vacía;CAJA VACÍA CTCV
262753;CTCV2 Cadena de caja vacía;CAJA VACÍA CTCV
262754;CTCV 853 Cuadro eléctrico;CAJA VACÍA CTCV
262755;CTCV 854 Cuadro eléctrico;CAJA VACÍA CTCV
262756;CTCV 855 Cuadro eléctrico;CAJA VACÍA CTCV
262757;CTCV 856 Cuadro eléctrico;CAJA VACÍA CTCV
262758;CTCV1 Cuadro eléctrico;CAJA VACÍA CTCV
262760;CNX5 Retorno shuttle;CONEXIONES 5
262761;CNX5 Línea cerradora semiautomática;CONEXIONES 5
262762;CNX5 Línea cerradora 1;CONEXIONES 5
262763;CNX5 Línea cerradora 2;CONEXIONES 5
262764;CNX5 Colector salida cerradoras-shuttle;CONEXIONES 5
262765;CNX5 Línea entrada cerradoras - shuttle;CONEXIONES 5
262766;CNX5 Línea Bypass a CNX6;CONEXIONES 5
262767;CNX5 Cuadro eléctrico;CONEXIONES 5
262769;SIL1 Salida grúa 01;CABECERA SALIDA SILO 1
262770;SIL1 Salida grúa 02;CABECERA SALIDA SILO 1
262771;SIL1 Salida grúa 03;CABECERA SALIDA SILO 1
262772;SIL1 Salida grúa 04;CABECERA SALIDA SILO 1
262773;SIL1 Salida grúa 05;CABECERA SALIDA SILO 1
262774;SIL1 Salida grúa 06;CABECERA SALIDA SILO 1
262775;SIL1 Salida grúa 07;CABECERA SALIDA SILO 1
262776;SIL1 Salida grúa 08;CABECERA SALIDA SILO 1
262777;SIL1 Salida grúa 09;CABECERA SALIDA SILO 1
262778;SIL1 Salida grúa 10;CABECERA SALIDA SILO 1
262779;SIL1 Salida grúa 11;CABECERA SALIDA SILO 1
262780;SIL1 Salida grúa 12;CABECERA SALIDA SILO 1
262781;SIL1 Salida grúa 13;CABECERA SALIDA SILO 1
262782;SIL1 Salida grúa 14;CABECERA SALIDA SILO 1
262783;SIL1 Salida grúa 15;CABECERA SALIDA SILO 1
262784;SIL1 Salida grúa 16;CABECERA SALIDA SILO 1
262785;SIL1 Salida grúa 17;CABECERA SALIDA SILO 1
262786;SIL1 Salida grúa 18;CABECERA SALIDA SILO 1
262787;SIL1 Colector salida;CABECERA SALIDA SILO 1
262789;SIL2 Salida grúa 21;CABECERA SALIDA SILO 2
262790;SIL2 Salida grúa 22;CABECERA SALIDA SILO 2
262791;SIL2 Salida grúa 23;CABECERA SALIDA SILO 2
262792;SIL2 Salida grúa 24;CABECERA SALIDA SILO 2
262793;SIL2 Salida grúa 25;CABECERA SALIDA SILO 2
262794;SIL2 Salida grúa 26;CABECERA SALIDA SILO 2
262795;SIL2 Salida grúa 27;CABECERA SALIDA SILO 2
262796;SIL2 Salida grúa 28;CABECERA SALIDA SILO 2
262797;SIL2 Salida grúa 29;CABECERA SALIDA SILO 2
262798;SIL2 Salida grúa 30;CABECERA SALIDA SILO 2
262799;SIL2 Salida grúa 31;CABECERA SALIDA SILO 2
262800;SIL2 Salida grúa 32;CABECERA SALIDA SILO 2
262801;SIL2 Salida grúa 33;CABECERA SALIDA SILO 2
262802;SIL2 Salida grúa 34;CABECERA SALIDA SILO 2
262803;SIL2 Salida grúa 35;CABECERA SALIDA SILO 2
262804;SIL2 Salida grúa 36;CABECERA SALIDA SILO 2
262805;SIL2 Salida grúa 37;CABECERA SALIDA SILO 2
262806;SIL2 Salida grúa 38;CABECERA SALIDA SILO 2
262807;SIL2 Colector salida;CABECERA SALIDA SILO 2
262809;SIL3 Salida grúa 01;CABECERA SALIDA SILO 3
262810;SIL3 Salida grúa 02;CABECERA SALIDA SILO 3
262811;SIL3 Salida grúa 03;CABECERA SALIDA SILO 3
262812;SIL3 Salida grúa 04;CABECERA SALIDA SILO 3
262813;SIL3 Salida grúa 05;CABECERA SALIDA SILO 3
262814;SIL3 Salida grúa 06;CABECERA SALIDA SILO 3
262815;SIL3 Salida grúa 07;CABECERA SALIDA SILO 3
262816;SIL3 Salida grúa 08;CABECERA SALIDA SILO 3
262817;SIL3 Salida grúa 09;CABECERA SALIDA SILO 3
262818;SIL3 Salida grúa 10;CABECERA SALIDA SILO 3
262819;SIL3 Salida grúa 11;CABECERA SALIDA SILO 3
262820;SIL3 Salida grúa 12;CABECERA SALIDA SILO 3
262821;SIL3 Salida grúa 13;CABECERA SALIDA SILO 3
262822;SIL3 Salida grúa 14;CABECERA SALIDA SILO 3
262823;SIL3 Salida grúa 15;CABECERA SALIDA SILO 3
262824;SIL3 Salida grúa 16;CABECERA SALIDA SILO 3
262825;SIL3 Salida grúa 17;CABECERA SALIDA SILO 3
262826;SIL3 Salida grúa 18;CABECERA SALIDA SILO 3
262827;SIL3 Salida grúa 19;CABECERA SALIDA SILO 3
262828;SIL3 Salida grúa 20;CABECERA SALIDA SILO 3
262829;SIL3 Retorno silo;CABECERA SALIDA SILO 3
262830;SIL3 Retorno Ids;CABECERA SALIDA SILO 3
262831;SIL3 Rechazo silo;CABECERA SALIDA SILO 3
262832;SIL3 Colector de salida 1 - 10;CABECERA SALIDA SILO 3
262833;SIL3 Colector de salida 11 - 20;CABECERA SALIDA SILO 3
262834;SIL3 Bypass salida a entrada;CABECERA SALIDA SILO 3
262835;SIL3 Bypass entrada a salida;CABECERA SALIDA SILO 3
262836;SIL3 Bypass precintado;CABECERA SALIDA SILO 3
262838;PLM3 Línea 01;SEQUENCE BUFFER 3
262839;PLM3 Línea 02;SEQUENCE BUFFER 3
262840;PLM3 Línea 03;SEQUENCE BUFFER 3
262841;PLM3 Línea 04;SEQUENCE BUFFER 3
262842;PLM3 Línea 05;SEQUENCE BUFFER 3
262843;PLM3 Línea 06;SEQUENCE BUFFER 3
262844;PLM3 Línea 07;SEQUENCE BUFFER 3
262845;PLM3 Línea 08;SEQUENCE BUFFER 3
262846;PLM3 Línea 09;SEQUENCE BUFFER 3
262847;PLM3 Línea 10;SEQUENCE BUFFER 3
262848;PLM3.1 Línea 11;SEQUENCE BUFFER 3
262849;PLM3.1 Línea 12;SEQUENCE BUFFER 3
262850;PLM3.1 Línea 13;SEQUENCE BUFFER 3
262851;PLM3.1 Línea 14;SEQUENCE BUFFER 3
262852;PLM3.1 Línea 15;SEQUENCE BUFFER 3
262853;PLM3.1 Línea 16;SEQUENCE BUFFER 3
262854;PLM3.1 Línea 17;SEQUENCE BUFFER 3
262855;PLM3.1 Línea 18;SEQUENCE BUFFER 3
262856;PLM3.1 Línea 19;SEQUENCE BUFFER 3
262857;PLM3.1 Línea 20;SEQUENCE BUFFER 3
262858;PLM3 Línea principal pulmón;SEQUENCE BUFFER 3
262859;PLM3 Línea directa sorter + loop;SEQUENCE BUFFER 3
262860;PLM3 Loop pulmón 3;SEQUENCE BUFFER 3
262861;PLM3 Colector salida pulmón;SEQUENCE BUFFER 3
262862;PLM3 Bypass salida pulmón;SEQUENCE BUFFER 3
262863;PLM3 Retorno silo 3;SEQUENCE BUFFER 3
262864;PLM3 Línea alimentación pulmón 4;SEQUENCE BUFFER 3
262865;PLM3 Bypass retorno pulmón;SEQUENCE BUFFER 3
262866;PLM3 Cross dock 2;SEQUENCE BUFFER 3
262867;PLM3 Bypass retorno cross dock 2;SEQUENCE BUFFER 3
262868;PLM3 Cuadro eléctrico;SEQUENCE BUFFER 3
262869;PLM3.1 Cuadro eléctrico;SEQUENCE BUFFER 3
262871;CNX6 Línea cerradora 1;CONEXIONES 6
262872;CNX6 Línea cerradora 2;CONEXIONES 6
262873;CNX6 Línea Bypass CNX5;CONEXIONES 6
262874;CNX6 Retorno shuttle;CONEXIONES 6
262875;CNX6 Línea retorno cerradoras;CONEXIONES 6
262876;CNX6 Colector salida cerradoras-shuttle;CONEXIONES 6
262877;CNX6 Cuadro eléctrico;CONEXIONES 6
273824;CNX6 Retorno cerradoras-shuttle CNX3;CONEXIONES 6
262879;PLM4 Línea 01;SEQUENCE BUFFER 4
262880;PLM4 Línea 02;SEQUENCE BUFFER 4
262881;PLM4 Línea 03;SEQUENCE BUFFER 4
262882;PLM4 Línea 04;SEQUENCE BUFFER 4
262883;PLM4 Línea 05;SEQUENCE BUFFER 4
262884;PLM4 Línea 06;SEQUENCE BUFFER 4
262885;PLM4 Línea 07;SEQUENCE BUFFER 4
262886;PLM4 Línea 08;SEQUENCE BUFFER 4
262887;PLM4 Línea 09;SEQUENCE BUFFER 4
262888;PLM4 Línea 10;SEQUENCE BUFFER 4
262889;PLM4 Loop de entrada pulmón 4;SEQUENCE BUFFER 4
262890;PLM4 Salida pulmón 4;SEQUENCE BUFFER 4
262891;PLM4 Cuadro eléctrico;SEQUENCE BUFFER 4
262893;IND5 Loop de entrada;INDUCCIONES 05 PS03
262894;IND5 Colector de salida 01 a 06;INDUCCIONES 05 PS03
262895;IND5 Colector de salida 07 a 12;INDUCCIONES 05 PS03
262896;IND5 Entrada 01;INDUCCIONES 05 PS03
262897;IND5 Entrada 02;INDUCCIONES 05 PS03
262898;IND5 Entrada 03;INDUCCIONES 05 PS03
262899;IND5 Entrada 04;INDUCCIONES 05 PS03
262900;IND5 Entrada 05;INDUCCIONES 05 PS03
262901;IND5 Entrada 06;INDUCCIONES 05 PS03
262902;IND5 Entrada 07;INDUCCIONES 05 PS03
262903;IND5 Entrada 08;INDUCCIONES 05 PS03
262904;IND5 Entrada 09;INDUCCIONES 05 PS03
262905;IND5 Entrada 10;INDUCCIONES 05 PS03
262906;IND5 Entrada 11;INDUCCIONES 05 PS03
262907;IND5 Entrada 12;INDUCCIONES 05 PS03
262908;IND5 Entrada manual principal;INDUCCIONES 05 PS03
262909;IND5 Entrada manual 01;INDUCCIONES 05 PS03
262910;IND5 Entrada manual 02;INDUCCIONES 05 PS03
262911;IND5 Entrada manual 03;INDUCCIONES 05 PS03
262912;IND5 Salida 01;INDUCCIONES 05 PS03
262913;IND5 Salida 02;INDUCCIONES 05 PS03
262914;IND5 Salida 03;INDUCCIONES 05 PS03
262915;IND5 Salida 04;INDUCCIONES 05 PS03
262916;IND5 Salida 05;INDUCCIONES 05 PS03
262917;IND5 Salida 06;INDUCCIONES 05 PS03
262918;IND5 Salida 07;INDUCCIONES 05 PS03
262919;IND5 Salida 08;INDUCCIONES 05 PS03
262920;IND5 Salida 09;INDUCCIONES 05 PS03
262921;IND5 Salida 10;INDUCCIONES 05 PS03
262922;IND5 Salida 11;INDUCCIONES 05 PS03
262923;IND5 Salida 12;INDUCCIONES 05 PS03
262924;IND5 Cuadro eléctrico;INDUCCIONES 05 PS03
262926;CNX3 Línea 1 alimentación sorter 3;CONEXIONES SORTER 3
262927;CNX3 Línea de retorno silos;CONEXIONES SORTER 3
262928;CNX3 Línea de rechazo;CONEXIONES SORTER 3
262929;CNX3 Línea de retorno multishuttle;CONEXIONES SORTER 3
262930;CNX3 Línea cajas vacías 3;CONEXIONES SORTER 3
262931;CNX3 Bypass retorno sorter 3;CONEXIONES SORTER 3
262932;CNX3 Línea 2 alimentación sorter 3;CONEXIONES SORTER 3
262933;CNX3 Cuadro eléctrico;CONEXIONES SORTER 3
262935;CNX4 Línea salida shuttle;CONEXIONES 4
262936;CNX4 Línea salida pulmón 2;CONEXIONES 4
262937;CNX4 Línea retorno pulmón 2;CONEXIONES 4
262938;CNX4 Línea cross dock;CONEXIONES 4
262939;CNX4 Línea entrada pulmón 1;CONEXIONES 4
262940;CNX4 Línea rechazo silos;CONEXIONES 4
262941;CNX4 Línea salida pulmón 1;CONEXIONES 4
262942;CNX4 Línea retorno silos;CONEXIONES 4
262943;CNX4 Línea colectora pulmón 2;CONEXIONES 4
262944;CNX4 Cuadro eléctrico;CONEXIONES 4
262946;IND3 Entrada inducción 01;INDUCCIONES 03 PS02
262947;IND3 Entrada inducción 02;INDUCCIONES 03 PS02
262948;IND3 Entrada inducción 03;INDUCCIONES 03 PS02
262949;IND3 Entrada inducción 04;INDUCCIONES 03 PS02
262950;IND3 Entrada inducción 05;INDUCCIONES 03 PS02
262951;IND3 Entrada inducción 06;INDUCCIONES 03 PS02
262952;IND3 Entrada inducción 07;INDUCCIONES 03 PS02
262953;IND3 Entrada inducción 08;INDUCCIONES 03 PS02
262954;IND3 Entrada inducción 09;INDUCCIONES 03 PS02
262955;IND3 Entrada inducción 10;INDUCCIONES 03 PS02
262956;IND3 Entrada inducción 11;INDUCCIONES 03 PS02
262957;IND3 Entrada inducción 12;INDUCCIONES 03 PS02
262958;IND3 Cross dock 01 a sorter 02;INDUCCIONES 03 PS02
262959;IND3 Colector de salida inducciones 03;INDUCCIONES 03 PS02
262960;IND3 Colector de entrada Inducciones 03;INDUCCIONES 03 PS02
262961;IND3 Cuadro eléctrico;INDUCCIONES 03 PS02
262962;IND3 Bypass entre IND3 y IND1;INDUCCIONES 03 PS02
262964;PLC850 Cadena de caja vacía Cuadro el.;CAJA VACÍA PRC
262965;PLC857 Cadena de caja vacía Cuadro el.;CAJA VACÍA PRC
262966;PLC850 Línea formadora;CAJA VACÍA PRC
262967;PLC857 Línea formadora 01;CAJA VACÍA PRC
262968;PLC857 Línea formadora 02;CAJA VACÍA PRC
262969;PLC850 Cadena de caja vacía;CAJA VACÍA PRC
262970;PLC857 Cadena de caja vacía;CAJA VACÍA PRC
262972;SS1 Grupo de tolvas;SORTER EXPEDICIONES 1
262973;SS1 Cuadro eléctrico;SORTER EXPEDICIONES 1
262974;SS1 Clasificador;SORTER EXPEDICIONES 1
262975;SS1 Inducción 11;SORTER EXPEDICIONES 1
262976;SS1 Inducción 12;SORTER EXPEDICIONES 1
262977;SS1 Inducción 13;SORTER EXPEDICIONES 1
262978;SS1 Inducción 14;SORTER EXPEDICIONES 1
262979;SS1 Inducción 15;SORTER EXPEDICIONES 1
262980;SS1 Inducción 21;SORTER EXPEDICIONES 1
262981;SS1 Inducción 22;SORTER EXPEDICIONES 1
262983;SS2 Grupo de tolvas;SORTER EXPEDICIONES 2
262984;SS2 Cuadro eléctrico;SORTER EXPEDICIONES 2
262985;SS2 Clasificador;SORTER EXPEDICIONES 2
262986;SS2 Inducciones 16;SORTER EXPEDICIONES 2
262987;SS2 Inducciones 17;SORTER EXPEDICIONES 2
262988;SS2 Inducciones 18;SORTER EXPEDICIONES 2
262989;SS2 Inducciones 19;SORTER EXPEDICIONES 2
262991;PS1 Cuadro eléctrico;PACKING SORTER 1
262992;PS1 Clasificador;PACKING SORTER 1
262993;PS1 Inducción 01;PACKING SORTER 1
262994;PS1 Inducción 02;PACKING SORTER 1
262995;PS1 Inducción 03;PACKING SORTER 1
262996;PS1 Inducción 04;PACKING SORTER 1
262997;PS1 Inducción 05;PACKING SORTER 1
262998;PS1 Inducción 06;PACKING SORTER 1
262999;PS1 Inducción 07;PACKING SORTER 1
263000;PS1 Inducción 08;PACKING SORTER 1
263001;PS1 Inducción 09;PACKING SORTER 1
263002;PS1 Inducción 10;PACKING SORTER 1
263003;PS1 Inducción 12;PACKING SORTER 1
263004;PS1 Inducción 13;PACKING SORTER 1
263005;PS1 Inducción 14;PACKING SORTER 1
263006;PS1 Inducción 15;PACKING SORTER 1
263007;PS1 Inducción 16;PACKING SORTER 1
263008;PS1 Inducción 17;PACKING SORTER 1
263009;PS1 Inducción 18;PACKING SORTER 1
263010;PS1 Inducción 19;PACKING SORTER 1
263011;PS1 Inducción 20;PACKING SORTER 1
263012;PS1 Inducción 21;PACKING SORTER 1
263013;PS1 Grupos de destinos 01;PACKING SORTER 1
263014;PS1 Grupos de destinos 02;PACKING SORTER 1
263015;PS1 Grupos de destinos 03;PACKING SORTER 1
263016;PS1 Grupos de destinos 04;PACKING SORTER 1
263018;PS3 Cuadro eléctrico;PACKING SORTER 3
263019;PS3 Clasificador;PACKING SORTER 3
263020;PS3 Grupos de destinos 01;PACKING SORTER 3
263021;PS3 Grupos de destinos 02;PACKING SORTER 3
263022;PS3 Grupos de destinos 03;PACKING SORTER 3
263023;PS3 Grupos de destinos 04;PACKING SORTER 3
263025;PS4 Cuadro eléctrico;PACKING SORTER 4
263026;PS4 Clasificador;PACKING SORTER 4
263027;PS4 Grupos de destinos 01;PACKING SORTER 4
263028;PS4 Grupos de destinos 02;PACKING SORTER 4
263029;PS4 Grupos de destinos 03;PACKING SORTER 4
263030;PS4 Grupos de destinos 04;PACKING SORTER 4
263032;PS5 Cuadro eléctrico;PACKING SORTER 5
263033;PS5 Clasificador;PACKING SORTER 5
263034;PS5 Grupos de destinos 01;PACKING SORTER 5
263035;PS5 Grupos de destinos 02;PACKING SORTER 5
263036;PS5 Grupos de destinos 03;PACKING SORTER 5
263037;PS5 Grupos de destinos 04;PACKING SORTER 5
263039;PS2 Clasificador;PACKING SORTER 2
263040;PS2 Inducción 01;PACKING SORTER 2
263041;PS2 Inducción 02;PACKING SORTER 2
263042;PS2 Inducción 03;PACKING SORTER 2
263043;PS2 Inducción 04;PACKING SORTER 2
263044;PS2 Inducción 05;PACKING SORTER 2
263045;PS2 Inducción 06;PACKING SORTER 2
263046;PS2 Inducción 07;PACKING SORTER 2
263047;PS2 Inducción 08;PACKING SORTER 2
263048;PS2 Inducción 09;PACKING SORTER 2
263049;PS2 Inducción 10;PACKING SORTER 2
263050;PS2 Inducción 11;PACKING SORTER 2
263051;PS2 Inducción 12;PACKING SORTER 2
263052;PS2 Inducción 13;PACKING SORTER 2
263053;PS2 Inducción 14;PACKING SORTER 2
263054;PS2 Inducción 15;PACKING SORTER 2
263055;PS2 Inducción 16;PACKING SORTER 2
263056;PS2 Inducción 17;PACKING SORTER 2
263057;PS2 Inducción 18;PACKING SORTER 2
263058;PS2 Inducción 19;PACKING SORTER 2
263059;PS2 Inducción 20;PACKING SORTER 2
263060;PS2 Inducción 21;PACKING SORTER 2
263061;PS2 Inducción 22;PACKING SORTER 2
263062;PS2 Inducción 23;PACKING SORTER 2
263063;PS2 Inducción 24;PACKING SORTER 2
263064;PS2 Grupos de destinos 01;PACKING SORTER 2
263065;PS2 Grupos de destinos 02;PACKING SORTER 2
263066;PS2 Grupos de destinos 03;PACKING SORTER 2
263067;PS2 Grupos de destinos 04;PACKING SORTER 2
263068;PS2 Cuadro eléctrico;PACKING SORTER 2
263070;RFID1 Cuadro eléctrico;LOOP RFID CPQ
263071;RFID2 Cuadro eléctrico;LOOP RFID CPQ
263076;PCC1S1 Grúa 01;SILO 1
263077;PCC1S1 Grúa 02;SILO 1
263078;PCC1S1 Grúa 03;SILO 1
263079;PCC1S1 Grúa 04;SILO 1
263080;PCC1S1 Grúa 05;SILO 1
263081;PCC2S1 Grúa 06;SILO 1
263082;PCC2S1 Grúa 07;SILO 1
263083;PCC2S1 Grúa 08;SILO 1
263084;PCC2S1 Grúa 09;SILO 1
263085;PCC2S1 Grúa 10;SILO 1
263086;PCC3S1 Grúa 11;SILO 1
263087;PCC3S1 Grúa 12;SILO 1
263088;PCC3S1 Grúa 13;SILO 1
263089;PCC3S1 Grúa 14;SILO 1
263090;PCC3S1 Grúa 15;SILO 1
263073;PCC4S1 Grúa 16;SILO 1
263074;PCC4S1 Grúa 17;SILO 1
263075;PCC4S1 Grúa 18;SILO 1
263091;PCC1S1 Cuadro eléctrico;SILO 1
263092;PCC2S1 Cuadro eléctrico;SILO 1
263093;PCC3S1 Cuadro eléctrico;SILO 1
263094;PCC4S1 Cuadro eléctrico;SILO 1
263096;PCC1S2 Grúa 21;SILO 2
263097;PCC1S2 Grúa 22;SILO 2
263098;PCC1S2 Grúa 23;SILO 2
263099;PCC1S2 Grúa 24;SILO 2
263100;PCC1S2 Grúa 25;SILO 2
263101;PCC2S2 Grúa 26;SILO 2
263102;PCC2S2 Grúa 27;SILO 2
263103;PCC2S2 Grúa 28;SILO 2
263104;PCC2S2 Grúa 29;SILO 2
263105;PCC2S2 Grúa 30;SILO 2
263106;PCC3S2 Grúa 31;SILO 2
263107;PCC3S2 Grúa 32;SILO 2
263108;PCC3S2 Grúa 33;SILO 2
263109;PCC3S2 Grúa 34;SILO 2
263110;PCC3S2 Grúa 35;SILO 2
263111;PCC4S2 Grúa 36;SILO 2
263112;PCC4S2 Grúa 37;SILO 2
263113;PCC4S2 Grúa 38;SILO 2
263114;PCC1S2 Cuadro eléctrico;SILO 2
263115;PCC2S2 Cuadro eléctrico;SILO 2
263116;PCC3S2 Cuadro eléctrico;SILO 2
263117;PCC4S2 Cuadro eléctrico;SILO 2
263119;PLC1 Grúa 01;SILO 3
263120;PLC2 Grúa 02;SILO 3
263121;PLC3 Grúa 03;SILO 3
263122;PLC4 Grúa 04;SILO 3
263123;PLC5 Grúa 05;SILO 3
263124;PLC6 Grúa 06;SILO 3
263125;PLC7 Grúa 07;SILO 3
263126;PLC8 Grúa 08;SILO 3
263127;PLC9 Grúa 09;SILO 3
263128;PLC10 Grúa 10;SILO 3
263129;PLC11 Grúa 11;SILO 3
263130;PLC12 Grúa 12;SILO 3
263131;PLC13 Grúa 13;SILO 3
263132;PLC14 Grúa 14;SILO 3
263133;PLC15 Grúa 15;SILO 3
263134;PLC16 Grúa 16;SILO 3
263135;PLC17 Grúa 17;SILO 3
263136;PLC18 Grúa 18;SILO 3
263137;PLC19 Grúa 19;SILO 3
263138;PLC20 Grúa 20;SILO 3
263139;PLC1 Grúa 01 Cuadro eléctrico;SILO 3
263140;PLC2 Grúa 02 Cuadro eléctrico;SILO 3
263141;PLC3 Grúa 03 Cuadro eléctrico;SILO 3
263142;PLC4 Grúa 04 Cuadro eléctrico;SILO 3
263143;PLC5 Grúa 05 Cuadro eléctrico;SILO 3
263144;PLC6 Grúa 06 Cuadro eléctrico;SILO 3
263145;PLC7 Grúa 07 Cuadro eléctrico;SILO 3
263146;PLC8 Grúa 08 Cuadro eléctrico;SILO 3
263147;PLC9 Grúa 09 Cuadro eléctrico;SILO 3
263148;PLC10 Grúa 10 Cuadro eléctrico;SILO 3
263149;PLC11 Grúa 11 Cuadro eléctrico;SILO 3
263150;PLC12 Grúa 12 Cuadro eléctrico;SILO 3
263151;PLC13 Grúa 13 Cuadro eléctrico;SILO 3
263152;PLC14 Grúa 14 Cuadro eléctrico;SILO 3
263153;PLC15 Grúa 15 Cuadro eléctrico;SILO 3
263154;PLC16 Grúa 16 Cuadro eléctrico;SILO 3
263155;PLC17 Grúa 17 Cuadro eléctrico;SILO 3
263156;PLC18 Grúa 18 Cuadro eléctrico;SILO 3
263157;PLC19 Grúa 19 Cuadro eléctrico;SILO 3
263158;PLC20 Grúa 20 Cuadro eléctrico;SILO 3
263160;PLC1 PSB Pasillo 01;SILO PSB
263161;PLC2 PSB Pasillo 02;SILO PSB
263162;PLC3 PSB Pasillo 03;SILO PSB
263163;PLC4 PSB Pasillo 04;SILO PSB
263164;PLC5 PSB Pasillo 05;SILO PSB
263165;PLC6 PSB Pasillo 06;SILO PSB
263166;PLC7 PSB Pasillo 07;SILO PSB
263167;PLC8 PSB Pasillo 08;SILO PSB
263168;PLC9 PSB Pasillo 09;SILO PSB
263169;PLC10 PSB Pasillo 10;SILO PSB
263170;PLC11 PSB Pasillo 11;SILO PSB
263171;PLC12 PSB Pasillo 12;SILO PSB
263172;PLC1 PSB Pasillo 01 Cuadro eléctrico;SILO PSB
263173;PLC2 PSB Pasillo 02 Cuadro eléctrico;SILO PSB
263174;PLC3 PSB Pasillo 03 Cuadro eléctrico;SILO PSB
263175;PLC4 PSB Pasillo 04 Cuadro eléctrico;SILO PSB
263176;PLC5 PSB Pasillo 05 Cuadro eléctrico;SILO PSB
263177;PLC6 PSB Pasillo 06 Cuadro eléctrico;SILO PSB
263178;PLC7 PSB Pasillo 07 Cuadro eléctrico;SILO PSB
263179;PLC8 PSB Pasillo 08 Cuadro eléctrico;SILO PSB
263180;PLC9 PSB Pasillo 09 Cuadro eléctrico;SILO PSB
263181;PLC10 PSB Pasillo 10 Cuadro eléctrico;SILO PSB
263182;PLC11 PSB Pasillo 11 Cuadro eléctrico;SILO PSB
263183;PLC12 PSB Pasillo 12 Cuadro eléctrico;SILO PSB
263185;MS Pasillo 01;MULTISHUTTLE
263186;MS Pasillo 02;MULTISHUTTLE
263187;MS Pasillo 03;MULTISHUTTLE
263188;MS Pasillo 04;MULTISHUTTLE
263189;MS Pasillo 05;MULTISHUTTLE
263190;MS Pasillo 06;MULTISHUTTLE
263191;MS Pasillo 07;MULTISHUTTLE
263192;MS Pasillo 08;MULTISHUTTLE
263193;MS Pasillo 09;MULTISHUTTLE
263194;MS Pasillo 10;MULTISHUTTLE
263195;MS Pasillo 01 Cuadro eléctrico;MULTISHUTTLE
263196;MS Pasillo 02 Cuadro eléctrico;MULTISHUTTLE
263197;MS Pasillo 03 Cuadro eléctrico;MULTISHUTTLE
263198;MS Pasillo 04 Cuadro eléctrico;MULTISHUTTLE
263199;MS Pasillo 05 Cuadro eléctrico;MULTISHUTTLE
263200;MS Pasillo 06 Cuadro eléctrico;MULTISHUTTLE
263201;MS Pasillo 07 Cuadro eléctrico;MULTISHUTTLE
263202;MS Pasillo 08 Cuadro eléctrico;MULTISHUTTLE
263203;MS Pasillo 09 Cuadro eléctrico;MULTISHUTTLE
263204;MS Pasillo 10 Cuadro eléctrico;MULTISHUTTLE
263206;PLC252 Clasificador 01 Cuadro eléctrico;PRC PLANTA 1 CPC
263207;PLC253 Clasificador 02 Cuadro eléctrico;PRC PLANTA 1 CPC
263208;PLC259 Clasificador 03 Cuadro eléctrico;PRC PLANTA 1 CPC
263209;PLC260 Clasificador 04 Cuadro eléctrico;PRC PLANTA 1 CPC
263210;PLC455 Clasificador 05 Cuadro eléctrico;PRC PLANTA 1 CPC
263211;PLC456 Clasificador 06 Cuadro eléctrico;PRC PLANTA 1 CPC
263212;PLC252 Clasificador 01;PRC PLANTA 1 CPC
263213;PLC253 Clasificador 02;PRC PLANTA 1 CPC
263214;PLC259 Clasificador 03;PRC PLANTA 1 CPC
263215;PLC260 Clasificador 04;PRC PLANTA 1 CPC
263216;PLC455 Clasificador 05;PRC PLANTA 1 CPC
263217;PLC456 Clasificador 06;PRC PLANTA 1 CPC
263219;PLC285 Colectora de entrada grúas 1-6;PRC ENTRADA SILO PSB
263220;PLC286 Colectora de entrada grúas 7-12;PRC ENTRADA SILO PSB
263221;PLC226 Colectora HB1;PRC ENTRADA SILO PSB
263222;PLC270 Colectora DSA 1;PRC ENTRADA SILO PSB
263223;PLC230 Entrada HB2;PRC ENTRADA SILO PSB
263224;PLC227 Colectora HB2;PRC ENTRADA SILO PSB
263225;PLC268 Colectora DSA 2;PRC ENTRADA SILO PSB
263226;PLC229 Entrada HB1 Cuadro eléctrico;PRC ENTRADA SILO PSB
263227;PLC226 Colectora HB1 Cuadro eléctrico;PRC ENTRADA SILO PSB
263228;PLC285 Colectora ent. grúas 1-6 C. el.;PRC ENTRADA SILO PSB
263229;PLC270 Colectora DSA 1 Cuadro eléctrico;PRC ENTRADA SILO PSB
263230;PLC230 Entrada HB2 Cuadro eléctrico;PRC ENTRADA SILO PSB
263231;PLC227 Colectora HB2 Cuadro eléctrico;PRC ENTRADA SILO PSB
263232;PLC286 Colectora ent. grúas 7-12 C. el.;PRC ENTRADA SILO PSB
263233;PLC268 Colectora DSA 2 Cuadro eléctrico;PRC ENTRADA SILO PSB
263234;PLC229 Entrada HB1;PRC ENTRADA SILO PSB
263236;PLC201 Indock 01;PRC PLANTA 0 REC
263237;PLC206 Indock 02;PRC PLANTA 0 REC
263238;PLC211 Indock 03;PRC PLANTA 0 REC
263239;PLC222 Colectora Pre-reparto;PRC PLANTA 0 REC
263240;PLC201 Indock 01 Cuadro eléctrico;PRC PLANTA 0 REC
263241;PLC206 Indock 02 Cuadro eléctrico;PRC PLANTA 0 REC
263242;PLC211 Indock 03 Cuadro eléctrico;PRC PLANTA 0 REC
263243;PLC233 Indock 04;PRC PLANTA 0 REC
263244;PLC233 Indock 04 Cuadro eléctrico;PRC PLANTA 0 REC
263245;PLC238 Indock 05;PRC PLANTA 0 REC
263246;PLC238 Indock 05 Cuadro eléctrico;PRC PLANTA 0 REC
263247;PLC222 Colectora Pre-reparto Cuadro el.;PRC PLANTA 0 REC
282985;PLC201 Línea automática 831;PRC PLANTA 0 REC
282993;PLC201 Línea automática 832;PRC PLANTA 0 REC
283001;PLC201 Línea automática 833;PRC PLANTA 0 REC
283009;PLC201 Línea automática 834;PRC PLANTA 0 REC
283017;PLC206 Línea automática 835;PRC PLANTA 0 REC
283031;PLC206 Línea automática 836;PRC PLANTA 0 REC
283043;PLC206 Línea automática 837;PRC PLANTA 0 REC
283045;PLC211 Línea automática 838;PRC PLANTA 0 REC
283047;PLC211 Línea automática 839;PRC PLANTA 0 REC
283049;PLC211 Línea automática 840;PRC PLANTA 0 REC
283051;PLC211 Línea automática 841;PRC PLANTA 0 REC
283053;PLC211 Línea automática 842;PRC PLANTA 0 REC
283055;PLC233 Línea automática 843;PRC PLANTA 0 REC
283057;PLC233 Línea automática 844;PRC PLANTA 0 REC
283059;PLC233 Línea automática 845;PRC PLANTA 0 REC
283061;PLC233 Línea automática 846;PRC PLANTA 0 REC
283063;PLC238 Línea automática 847;PRC PLANTA 0 REC
283065;PLC238 Línea automática 848;PRC PLANTA 0 REC
283067;PLC238 Línea automática 849;PRC PLANTA 0 REC
283069;PLC238 Free flow indock 5;PRC PLANTA 0 REC
263249;PLC287 Colectora de salida grúas 1-6;PRC SALIDA SILO PSB
263250;PLC288 Colectora de salida grúas 7-12;PRC SALIDA SILO PSB
263251;PLC228 Salida a DSA 1;PRC SALIDA SILO PSB
263252;PLC231 Salida a DSA 2;PRC SALIDA SILO PSB
263253;PLC287 Colectora salida grúas 1-6 C. el;PRC SALIDA SILO PSB
263254;PLC228 Salida a DSA 1 Cuadro eléctrico;PRC SALIDA SILO PSB
263255;PLC288 Colectora salida grúas 7-12 C. e;PRC SALIDA SILO PSB
263256;PLC231 Salida a DSA 2 Cuadro eléctrico;PRC SALIDA SILO PSB
263258;PLC216 Pre-reparto 01 Cuadro eléctrico;PRC PLANTA 0
263259;PLC217 Pre-reparto 01 Cuadro eléctrico;PRC PLANTA 0
263260;PLC219 Pre-reparto 02 Cuadro eléctrico;PRC PLANTA 0
263261;PLC220 Pre-reparto 02 Cuadro eléctrico;PRC PLANTA 0
263262;PLC223 Pre-reparto 03 Cuadro eléctrico;PRC PLANTA 0
263263;PLC224 Pre-reparto 03 Cuadro eléctrico;PRC PLANTA 0
263264;PLC232 Pre-reparto 04 Cuadro eléctrico;PRC PLANTA 0
263265;PLC239 Pre-reparto 05 Cuadro eléctrico;PRC PLANTA 0
263266;PLC218 Exportación 01 Cuadro eléctrico;PRC PLANTA 0
263267;PLC221 Exportación 02 Cuadro eléctrico;PRC PLANTA 0
263268;PLC225 Exportación 03 Cuadro eléctrico;PRC PLANTA 0
263269;PLC218 Exportación 01;PRC PLANTA 0
263270;PLC221 Exportación 02;PRC PLANTA 0
263271;PLC225 Exportación 03;PRC PLANTA 0
263272;PLC216 Pre-reparto 01;PRC PLANTA 0
263273;PLC217 Pre-reparto 01;PRC PLANTA 0
263274;PLC219 Pre-reparto 02;PRC PLANTA 0
263275;PLC220 Pre-reparto 02;PRC PLANTA 0
263276;PLC223 Pre-reparto 03;PRC PLANTA 0
263277;PLC224 Pre-reparto 03;PRC PLANTA 0
263278;PLC232 Pre-reparto 04;PRC PLANTA 0
263279;PLC239 Pre-reparto 05;PRC PLANTA 0
283071;PLC216 Free flow indock 1;PRC PLANTA 0
283073;PLC219 Free flow indock 2;PRC PLANTA 0
283075;PLC223 Free flow indock 3;PRC PLANTA 0
283077;PLC232 Free flow indock 4;PRC PLANTA 0
263281;PLC251 Colectora CLA1 y CLA2 Cuadro el.;PRC PLANTA 1
263282;PLC258 Colectora CLA3 y CLA4 Cuadro el.;PRC PLANTA 1
263283;PLC265 Colectora CLA5 y CLA6 Cuadro el.;PRC PLANTA 1
263284;PLC261 Distribuidor 01 Cuadro eléctrico;PRC PLANTA 1
263285;PLC256 Distribuidor 02 Cuadro eléctrico;PRC PLANTA 1
263286;PLC254 Pack 01 Cuadro eléctrico;PRC PLANTA 1
263287;PLC255 Pack 02 Cuadro eléctrico;PRC PLANTA 1
263288;PLC251 Colectora CLA1 y CLA2;PRC PLANTA 1
263289;PLC257 Pack 03 Cuadro eléctrico;PRC PLANTA 1
263290;PLC258 Colectora CLA3 y CLA4;PRC PLANTA 1
263291;PLC262 Pack 04 Cuadro eléctrico;PRC PLANTA 1
263292;PLC265 Colectora CLA5 y CLA6;PRC PLANTA 1
263293;PLC261 Distribuidor 01;PRC PLANTA 1
263294;PLC256 Distribuidor 02;PRC PLANTA 1
263295;PLC254 Pack 01;PRC PLANTA 1
263296;PLC255 Pack 02;PRC PLANTA 1
263297;PLC257 Pack 03;PRC PLANTA 1
263298;PLC262 Pack 04;PRC PLANTA 1
263300;PLC263 Stock 05;PRC PLANTA 1 TPC ALM
263301;PLC263 Stock 05 Cuadro eléctrico;PRC PLANTA 1 TPC ALM
263302;PLC266 Stock 06 Cuadro eléctrico;PRC PLANTA 1 TPC ALM
263303;PLC266 Stock 06;PRC PLANTA 1 TPC ALM
263305;PLC271 Stock 01 Cuadro eléctrico;PRC PLANTA 2
263306;PLC273 Stock 02 Cuadro eléctrico;PRC PLANTA 2
263307;PLC277 Stock 03 Cuadro eléctrico;PRC PLANTA 2
263308;PLC275 Stock 04 Cuadro eléctrico;PRC PLANTA 2
263309;PLC271 Stock 01;PRC PLANTA 2
263310;PLC273 Stock 02;PRC PLANTA 2
263311;PLC277 Stock 03;PRC PLANTA 2
263312;PLC275 Stock 04;PRC PLANTA 2
283079;W000 Área de servicio;MULTISHUTTLE EXPEDICIÓN
283081;W001 Cuadro eléctrico;MULTISHUTTLE EXPEDICIÓN
283087;W001 Elevador der. pasillo 01 MS;MULTISHUTTLE EXPEDICIÓN
283093;W001 Elevador izq. pasillo 01 MS;MULTISHUTTLE EXPEDICIÓN
283099;W001 Pasillo 01 nivel 01 altura 01;MULTISHUTTLE EXPEDICIÓN
283105;W001 Pasillo 01 nivel 01 altura 02;MULTISHUTTLE EXPEDICIÓN
283112;W001 Pasillo 01 nivel 01 altura 03;MULTISHUTTLE EXPEDICIÓN
283123;W001 Pasillo 01 nivel 01 altura 04;MULTISHUTTLE EXPEDICIÓN
283125;W001 Pasillo 01 nivel 01 altura 05;MULTISHUTTLE EXPEDICIÓN
283128;W001 Pasillo 01 nivel 02 altura 06;MULTISHUTTLE EXPEDICIÓN
283131;W001 Pasillo 01 nivel 02 altura 07;MULTISHUTTLE EXPEDICIÓN
283136;W001 Pasillo 01 nivel 02 altura 08;MULTISHUTTLE EXPEDICIÓN
283151;W001 Pasillo 01 nivel 02 altura 09;MULTISHUTTLE EXPEDICIÓN
283156;W001 Pasillo 01 nivel 02 altura 10;MULTISHUTTLE EXPEDICIÓN
283161;W001 Pasillo 01 nivel 03 altura 11;MULTISHUTTLE EXPEDICIÓN
283168;W001 Pasillo 01 nivel 03 altura 12;MULTISHUTTLE EXPEDICIÓN
283175;W001 Pasillo 01 nivel 03 altura 13;MULTISHUTTLE EXPEDICIÓN
283180;W001 Pasillo 01 nivel 03 altura 14;MULTISHUTTLE EXPEDICIÓN
283187;W001 Pasillo 01 nivel 03 altura 15;MULTISHUTTLE EXPEDICIÓN
283192;W001 Pasillo 01 nivel 04 altura 16;MULTISHUTTLE EXPEDICIÓN
283199;W001 Pasillo 01 nivel 04 altura 17;MULTISHUTTLE EXPEDICIÓN
283206;W001 Pasillo 01 nivel 04 altura 18;MULTISHUTTLE EXPEDICIÓN
283213;W001 Pasillo 01 nivel 04 altura 19;MULTISHUTTLE EXPEDICIÓN
283220;W002 Cuadro eléctrico;MULTISHUTTLE EXPEDICIÓN
283227;W002 Elevador der. pasillo 02 MS;MULTISHUTTLE EXPEDICIÓN
283234;W002 Elevador izq. pasillo 02 MS;MULTISHUTTLE EXPEDICIÓN
283241;W002 Pasillo 02 nivel 01 altura 01;MULTISHUTTLE EXPEDICIÓN
283248;W002 Pasillo 02 nivel 01 altura 02;MULTISHUTTLE EXPEDICIÓN
283255;W002 Pasillo 02 nivel 01 altura 03;MULTISHUTTLE EXPEDICIÓN
283262;W002 Pasillo 02 nivel 01 altura 04;MULTISHUTTLE EXPEDICIÓN
283264;W002 Pasillo 02 nivel 01 altura 05;MULTISHUTTLE EXPEDICIÓN
283266;W002 Pasillo 02 nivel 02 altura 06;MULTISHUTTLE EXPEDICIÓN
283268;W002 Pasillo 02 nivel 02 altura 07;MULTISHUTTLE EXPEDICIÓN
283273;W002 Pasillo 02 nivel 02 altura 08;MULTISHUTTLE EXPEDICIÓN
283278;W002 Pasillo 02 nivel 02 altura 09;MULTISHUTTLE EXPEDICIÓN
283283;W002 Pasillo 02 nivel 02 altura 10;MULTISHUTTLE EXPEDICIÓN
283288;W002 Pasillo 02 nivel 03 altura 11;MULTISHUTTLE EXPEDICIÓN
283295;W002 Pasillo 02 nivel 03 altura 12;MULTISHUTTLE EXPEDICIÓN
283302;W002 Pasillo 02 nivel 03 altura 13;MULTISHUTTLE EXPEDICIÓN
283307;W002 Pasillo 02 nivel 03 altura 14;MULTISHUTTLE EXPEDICIÓN
283314;W002 Pasillo 02 nivel 03 altura 15;MULTISHUTTLE EXPEDICIÓN
283319;W002 Pasillo 02 nivel 04 altura 16;MULTISHUTTLE EXPEDICIÓN
283326;W002 Pasillo 02 nivel 04 altura 17;MULTISHUTTLE EXPEDICIÓN
283333;W002 Pasillo 02 nivel 04 altura 18;MULTISHUTTLE EXPEDICIÓN
283340;W002 Pasillo 02 nivel 04 altura 19;MULTISHUTTLE EXPEDICIÓN
283347;W003 Cuadro eléctrico;MULTISHUTTLE EXPEDICIÓN
283354;W003 Elevador der. pasillo 03 MS;MULTISHUTTLE EXPEDICIÓN
283361;W003 Elevador izq. pasillo 03 MS;MULTISHUTTLE EXPEDICIÓN
283368;W003 Pasillo 03 nivel 01 altura 01;MULTISHUTTLE EXPEDICIÓN
283375;W003 Pasillo 03 nivel 01 altura 02;MULTISHUTTLE EXPEDICIÓN
283382;W003 Pasillo 03 nivel 01 altura 03;MULTISHUTTLE EXPEDICIÓN
283389;W003 Pasillo 03 nivel 01 altura 04;MULTISHUTTLE EXPEDICIÓN
283391;W003 Pasillo 03 nivel 01 altura 05;MULTISHUTTLE EXPEDICIÓN
283393;W003 Pasillo 03 nivel 02 altura 06;MULTISHUTTLE EXPEDICIÓN
283395;W003 Pasillo 03 nivel 02 altura 07;MULTISHUTTLE EXPEDICIÓN
283400;W003 Pasillo 03 nivel 02 altura 08;MULTISHUTTLE EXPEDICIÓN
283405;W003 Pasillo 03 nivel 02 altura 09;MULTISHUTTLE EXPEDICIÓN
283410;W003 Pasillo 03 nivel 02 altura 10;MULTISHUTTLE EXPEDICIÓN
283415;W003 Pasillo 03 nivel 03 altura 11;MULTISHUTTLE EXPEDICIÓN
283422;W003 Pasillo 03 nivel 03 altura 12;MULTISHUTTLE EXPEDICIÓN
283429;W003 Pasillo 03 nivel 03 altura 13;MULTISHUTTLE EXPEDICIÓN
283434;W003 Pasillo 03 nivel 03 altura 14;MULTISHUTTLE EXPEDICIÓN
283441;W003 Pasillo 03 nivel 03 altura 15;MULTISHUTTLE EXPEDICIÓN
283446;W003 Pasillo 03 nivel 04 altura 16;MULTISHUTTLE EXPEDICIÓN
283453;W003 Pasillo 03 nivel 04 altura 17;MULTISHUTTLE EXPEDICIÓN
283460;W003 Pasillo 03 nivel 04 altura 18;MULTISHUTTLE EXPEDICIÓN
283467;W003 Pasillo 03 nivel 04 altura 19;MULTISHUTTLE EXPEDICIÓN
283474;W004 Cuadro eléctrico;MULTISHUTTLE EXPEDICIÓN
283481;W004 Elevador der. pasillo 04 MS;MULTISHUTTLE EXPEDICIÓN
283488;W004 Elevador izq. pasillo 04 MS;MULTISHUTTLE EXPEDICIÓN
283495;W004 Pasillo 04 nivel 01 altura 01;MULTISHUTTLE EXPEDICIÓN
283502;W004 Pasillo 04 nivel 01 altura 02;MULTISHUTTLE EXPEDICIÓN
283509;W004 Pasillo 04 nivel 01 altura 03;MULTISHUTTLE EXPEDICIÓN
283516;W004 Pasillo 04 nivel 01 altura 04;MULTISHUTTLE EXPEDICIÓN
283518;W004 Pasillo 04 nivel 01 altura 05;MULTISHUTTLE EXPEDICIÓN
283520;W004 Pasillo 04 nivel 02 altura 06;MULTISHUTTLE EXPEDICIÓN
283522;W004 Pasillo 04 nivel 02 altura 07;MULTISHUTTLE EXPEDICIÓN
283527;W004 Pasillo 04 nivel 02 altura 08;MULTISHUTTLE EXPEDICIÓN
283532;W004 Pasillo 04 nivel 02 altura 09;MULTISHUTTLE EXPEDICIÓN
283537;W004 Pasillo 04 nivel 02 altura 10;MULTISHUTTLE EXPEDICIÓN
283542;W004 Pasillo 04 nivel 03 altura 11;MULTISHUTTLE EXPEDICIÓN
283549;W004 Pasillo 04 nivel 03 altura 12;MULTISHUTTLE EXPEDICIÓN
283556;W004 Pasillo 04 nivel 03 altura 13;MULTISHUTTLE EXPEDICIÓN
283561;W004 Pasillo 04 nivel 03 altura 14;MULTISHUTTLE EXPEDICIÓN
283568;W004 Pasillo 04 nivel 03 altura 15;MULTISHUTTLE EXPEDICIÓN
283573;W004 Pasillo 04 nivel 04 altura 16;MULTISHUTTLE EXPEDICIÓN
283580;W004 Pasillo 04 nivel 04 altura 17;MULTISHUTTLE EXPEDICIÓN
283587;W004 Pasillo 04 nivel 04 altura 18;MULTISHUTTLE EXPEDICIÓN
283594;W004 Pasillo 04 nivel 04 altura 19;MULTISHUTTLE EXPEDICIÓN
283601;W005 Cuadro eléctrico;MULTISHUTTLE EXPEDICIÓN
283608;W005 Elevador der. pasillo 05 MS;MULTISHUTTLE EXPEDICIÓN
283615;W005 Elevador izq. pasillo 05 MS;MULTISHUTTLE EXPEDICIÓN
283622;W005 Pasillo 05 nivel 01 altura 01;MULTISHUTTLE EXPEDICIÓN
283629;W005 Pasillo 05 nivel 01 altura 02;MULTISHUTTLE EXPEDICIÓN
283636;W005 Pasillo 05 nivel 01 altura 03;MULTISHUTTLE EXPEDICIÓN
283643;W005 Pasillo 05 nivel 01 altura 04;MULTISHUTTLE EXPEDICIÓN
283645;W005 Pasillo 05 nivel 01 altura 05;MULTISHUTTLE EXPEDICIÓN
283647;W005 Pasillo 05 nivel 02 altura 06;MULTISHUTTLE EXPEDICIÓN
283649;W005 Pasillo 05 nivel 02 altura 07;MULTISHUTTLE EXPEDICIÓN
283654;W005 Pasillo 05 nivel 02 altura 08;MULTISHUTTLE EXPEDICIÓN
283659;W005 Pasillo 05 nivel 02 altura 09;MULTISHUTTLE EXPEDICIÓN
283664;W005 Pasillo 05 nivel 02 altura 10;MULTISHUTTLE EXPEDICIÓN
283669;W005 Pasillo 05 nivel 03 altura 11;MULTISHUTTLE EXPEDICIÓN
283676;W005 Pasillo 05 nivel 03 altura 12;MULTISHUTTLE EXPEDICIÓN
283683;W005 Pasillo 05 nivel 03 altura 13;MULTISHUTTLE EXPEDICIÓN
283688;W005 Pasillo 05 nivel 03 altura 14;MULTISHUTTLE EXPEDICIÓN
283695;W005 Pasillo 05 nivel 03 altura 15;MULTISHUTTLE EXPEDICIÓN
283700;W005 Pasillo 05 nivel 04 altura 16;MULTISHUTTLE EXPEDICIÓN
283707;W005 Pasillo 05 nivel 04 altura 17;MULTISHUTTLE EXPEDICIÓN
283714;W005 Pasillo 05 nivel 04 altura 18;MULTISHUTTLE EXPEDICIÓN
283721;W005 Pasillo 05 nivel 04 altura 19;MULTISHUTTLE EXPEDICIÓN
283728;W006 Cuadro eléctrico;MULTISHUTTLE EXPEDICIÓN
283735;W006 Elevador der. pasillo 06 MS;MULTISHUTTLE EXPEDICIÓN
283742;W006 Elevador izq. pasillo 06 MS;MULTISHUTTLE EXPEDICIÓN
283749;W006 Pasillo 06 nivel 01 altura 01;MULTISHUTTLE EXPEDICIÓN
283756;W006 Pasillo 06 nivel 01 altura 02;MULTISHUTTLE EXPEDICIÓN
283763;W006 Pasillo 06 nivel 01 altura 03;MULTISHUTTLE EXPEDICIÓN
283770;W006 Pasillo 06 nivel 01 altura 04;MULTISHUTTLE EXPEDICIÓN
283772;W006 Pasillo 06 nivel 01 altura 05;MULTISHUTTLE EXPEDICIÓN
283774;W006 Pasillo 06 nivel 02 altura 06;MULTISHUTTLE EXPEDICIÓN
283776;W006 Pasillo 06 nivel 02 altura 07;MULTISHUTTLE EXPEDICIÓN
283781;W006 Pasillo 06 nivel 02 altura 08;MULTISHUTTLE EXPEDICIÓN
283786;W006 Pasillo 06 nivel 02 altura 09;MULTISHUTTLE EXPEDICIÓN
283791;W006 Pasillo 06 nivel 02 altura 10;MULTISHUTTLE EXPEDICIÓN
283796;W006 Pasillo 06 nivel 03 altura 11;MULTISHUTTLE EXPEDICIÓN
283803;W006 Pasillo 06 nivel 03 altura 12;MULTISHUTTLE EXPEDICIÓN
283810;W006 Pasillo 06 nivel 03 altura 13;MULTISHUTTLE EXPEDICIÓN
283815;W006 Pasillo 06 nivel 03 altura 14;MULTISHUTTLE EXPEDICIÓN
283822;W006 Pasillo 06 nivel 03 altura 15;MULTISHUTTLE EXPEDICIÓN
283827;W006 Pasillo 06 nivel 04 altura 16;MULTISHUTTLE EXPEDICIÓN
283834;W006 Pasillo 06 nivel 04 altura 17;MULTISHUTTLE EXPEDICIÓN
283841;W006 Pasillo 06 nivel 04 altura 18;MULTISHUTTLE EXPEDICIÓN
283848;W006 Pasillo 06 nivel 04 altura 19;MULTISHUTTLE EXPEDICIÓN
281149;EMP2 Colector salida rechazo PRC;PEINE DE RECHAZO PRC
281150;EMP2 Línea entrada rechazo PRC;PEINE DE RECHAZO PRC
281159;EMP2 Línea 1 peine rechazo PRC;PEINE DE RECHAZO PRC
281166;EMP2 Línea 2 peine rechazo PRC;PEINE DE RECHAZO PRC
281174;EMP2 Línea 3 peine rechazo PRC;PEINE DE RECHAZO PRC
281182;F001 Bypass retorno loop shuttle niv. 01;CABECERA MS EXPEDICIONES
281190;F001 Colector salida shuttle nivel 01;CABECERA MS EXPEDICIONES
281191;F001 Entrada pasillo 01 DCHA nivel 01;CABECERA MS EXPEDICIONES
281202;F001 Entrada pasillo 01 IZQ nivel 01;CABECERA MS EXPEDICIONES
281251;F001 Entrada pasillo 02 DCHA nivel 01;CABECERA MS EXPEDICIONES
281264;F001 Entrada pasillo 02 IZQ nivel 01;CABECERA MS EXPEDICIONES
281277;F001 Entrada pasillo 03 DCHA nivel 01;CABECERA MS EXPEDICIONES
281290;F001 Entrada pasillo 03 IZQ nivel 01;CABECERA MS EXPEDICIONES
281303;F001 Entrada pasillo 04 DCHA nivel 01;CABECERA MS EXPEDICIONES
281316;F001 Entrada pasillo 04 IZQ nivel 01;CABECERA MS EXPEDICIONES
281329;F001 Entrada pasillo 05 DCHA nivel 01;CABECERA MS EXPEDICIONES
281342;F001 Entrada pasillo 05 IZQ nivel 01;CABECERA MS EXPEDICIONES
281355;F001 Entrada pasillo 06 DCHA nivel 01;CABECERA MS EXPEDICIONES
281368;F001 Entrada pasillo 06 IZQ nivel 01;CABECERA MS EXPEDICIONES
281381;F001 Loop entrada shuttle nivel 01;CABECERA MS EXPEDICIONES
281394;F001 Salida pasillo 01 DCHA nivel 01;CABECERA MS EXPEDICIONES
281407;F001 Salida pasillo 01 IZQ nivel 01;CABECERA MS EXPEDICIONES
281464;F001 Salida pasillo 02 DCHA nivel 01;CABECERA MS EXPEDICIONES
281474;F001 Salida pasillo 02 IZQ nivel 01;CABECERA MS EXPEDICIONES
281484;F001 Salida pasillo 03 DCHA nivel 01;CABECERA MS EXPEDICIONES
281494;F001 Salida pasillo 03 IZQ nivel 01;CABECERA MS EXPEDICIONES
281504;F001 Salida pasillo 04 DCHA nivel 01;CABECERA MS EXPEDICIONES
281514;F001 Salida pasillo 04 IZQ nivel 01;CABECERA MS EXPEDICIONES
281524;F001 Salida pasillo 05 DCHA nivel 01;CABECERA MS EXPEDICIONES
281534;F001 Salida pasillo 05 IZQ nivel 01;CABECERA MS EXPEDICIONES
281544;F001 Salida pasillo 06 DCHA nivel 01;CABECERA MS EXPEDICIONES
281554;F001 Salida pasillo 06 IZQ nivel 01;CABECERA MS EXPEDICIONES
281564;F002 Bypass retorno loop shuttle niv. 03;CABECERA MS EXPEDICIONES
281574;F002 Colector salida shuttle nivel 03;CABECERA MS EXPEDICIONES
281584;F002 Desvío a SS2 desde shuttle;CABECERA MS EXPEDICIONES
281595;F002 Entrada pasillo 01 DCHA nivel 03;CABECERA MS EXPEDICIONES
281629;F002 Entrada pasillo 01 IZQ nivel 03;CABECERA MS EXPEDICIONES
281644;F002 Entrada pasillo 02 DCHA nivel 03;CABECERA MS EXPEDICIONES
281657;F002 Entrada pasillo 02 IZQ nivel 03;CABECERA MS EXPEDICIONES
281670;F002 Entrada pasillo 03 DCHA nivel 03;CABECERA MS EXPEDICIONES
281683;F002 Entrada pasillo 03 IZQ nivel 03;CABECERA MS EXPEDICIONES
281696;F002 Entrada pasillo 04 DCHA nivel 03;CABECERA MS EXPEDICIONES
281709;F002 Entrada pasillo 04 IZQ nivel 03;CABECERA MS EXPEDICIONES
281722;F002 Entrada pasillo 05 DCHA nivel 03;CABECERA MS EXPEDICIONES
281735;F002 Entrada pasillo 05 IZQ nivel 03;CABECERA MS EXPEDICIONES
281748;F002 Entrada pasillo 06 DCHA nivel 03;CABECERA MS EXPEDICIONES
281761;F002 Entrada pasillo 06 IZQ nivel 03;CABECERA MS EXPEDICIONES
281774;F002 Loop entrada shuttle nivel 03;CABECERA MS EXPEDICIONES
281787;F002 Salida pasillo 01 DCHA nivel 03;CABECERA MS EXPEDICIONES
281800;F002 Salida pasillo 01 IZQ nivel 03;CABECERA MS EXPEDICIONES
281856;F002 Salida pasillo 02 DCHA nivel 03;CABECERA MS EXPEDICIONES
281865;F002 Salida pasillo 02 IZQ nivel 03;CABECERA MS EXPEDICIONES
281874;F002 Salida pasillo 03 DCHA nivel 03;CABECERA MS EXPEDICIONES
281883;F002 Salida pasillo 03 IZQ nivel 03;CABECERA MS EXPEDICIONES
281892;F002 Salida pasillo 04 DCHA nivel 03;CABECERA MS EXPEDICIONES
281901;F002 Salida pasillo 04 IZQ nivel 03;CABECERA MS EXPEDICIONES
281910;F002 Salida pasillo 05 DCHA nivel 03;CABECERA MS EXPEDICIONES
281919;F002 Salida pasillo 05 IZQ nivel 03;CABECERA MS EXPEDICIONES
281928;F002 Salida pasillo 06 DCHA nivel 03;CABECERA MS EXPEDICIONES
281937;F002 Salida pasillo 06 IZQ nivel 03;CABECERA MS EXPEDICIONES
281946;F003 Desvío a SS2 desde colector salida;CONEXIONES TGW EXPEDICIONES
281955;F003 Entrada loop SLB expedición DOWN;CONEXIONES TGW EXPEDICIONES
281964;F003 Entrada loop SLB expedición UP;CONEXIONES TGW EXPEDICIONES
281965;F003 Sum. loop shuttle niv. 01 desde SS2;CONEXIONES TGW EXPEDICIONES
281983;F003 Sum. loop shuttle niv. 03 desde SS2;CONEXIONES TGW EXPEDICIONES
281998;F006 Línea 2 intercambio SS2 con SS1;CONEXIONES TGW EXPEDICIONES
282007;F006 Línea directa desde FLJ1 a CCR3;CONEXIONES TGW EXPEDICIONES
282031;F004 Colector principal salida SLB exp.;SEQUENCE BUFFER EXPEDICIONES
282057;F004 Colector salida SLB expedición UP;SEQUENCE BUFFER EXPEDICIONES
282087;F004 Línea 01 SLB expedición DOWN;SEQUENCE BUFFER EXPEDICIONES
282126;F004 Línea 01 SLB expedición UP;SEQUENCE BUFFER EXPEDICIONES
282127;F004 Línea 02 SLB expedición DOWN;SEQUENCE BUFFER EXPEDICIONES
282148;F004 Línea 02 SLB expedición UP;SEQUENCE BUFFER EXPEDICIONES
282158;F004 Línea 03 SLB expedición DOWN;SEQUENCE BUFFER EXPEDICIONES
282165;F004 Línea 03 SLB expedición UP;SEQUENCE BUFFER EXPEDICIONES
282172;F004 Línea 04 SLB expedición DOWN;SEQUENCE BUFFER EXPEDICIONES
282179;F004 Línea 04 SLB expedición UP;SEQUENCE BUFFER EXPEDICIONES
282186;F004 Línea 05 SLB expedición DOWN;SEQUENCE BUFFER EXPEDICIONES
282193;F004 Línea 05 SLB expedición UP;SEQUENCE BUFFER EXPEDICIONES
282200;F004 Línea 06 SLB expedición DOWN;SEQUENCE BUFFER EXPEDICIONES
282207;F004 Línea 06 SLB expedición UP;SEQUENCE BUFFER EXPEDICIONES
282214;F004 Línea 07 SLB expedición DOWN;SEQUENCE BUFFER EXPEDICIONES
282221;F004 Línea 07 SLB expedición UP;SEQUENCE BUFFER EXPEDICIONES
282228;F004 Línea 08 SLB expedición DOWN;SEQUENCE BUFFER EXPEDICIONES
282235;F004 Línea 08 SLB expedición UP;SEQUENCE BUFFER EXPEDICIONES
282242;F004 Loop SLB expedición DOWN;SEQUENCE BUFFER EXPEDICIONES
282249;F004 Loop SLB expedición UP;SEQUENCE BUFFER EXPEDICIONES
282256;F005 Desvío hacia ROBOT 3-4;PALETIZADO EXPEDICIONES
282263;F005 Desvío hacia ROBOT 1-2;PALETIZADO EXPEDICIONES
282270;F005 Linea rechazo ROBOT 3-4;PALETIZADO EXPEDICIONES
282305;F005 Linea rechazo ROBOT 1-2;PALETIZADO EXPEDICIONES
282340;F005 Loop ROBOT 3-4;PALETIZADO EXPEDICIONES
282341;F005 Loop ROBOT 1-2;PALETIZADO EXPEDICIONES
282356;RBT01 Cuadro eléctrico;PALETIZADO EXPEDICIONES
282370;RBT01 Entrada 4 paletizador;PALETIZADO EXPEDICIONES
282378;RBT01 Entrada 3 paletizador;PALETIZADO EXPEDICIONES
282386;RBT01 Entrada 2 paletizador;PALETIZADO EXPEDICIONES
282423;RBT01 Entrada 1 paletizador;PALETIZADO EXPEDICIONES
282459;RBT01 Línea 1 entrada palet;PALETIZADO EXPEDICIONES
282468;RBT01 Línea 2 entrada palet;PALETIZADO EXPEDICIONES
282491;RBT01 Línea entrada carton intercapa;PALETIZADO EXPEDICIONES
282513;RBT01 Robot 01;PALETIZADO EXPEDICIONES
282535;RBT01 Salida 4 paletizador;PALETIZADO EXPEDICIONES
282558;RBT01 Salida 3 paletizador;PALETIZADO EXPEDICIONES
282561;RBT01 Salida 2 paletizador;PALETIZADO EXPEDICIONES
282564;RBT01 Salida 1 paletizador;PALETIZADO EXPEDICIONES
282569;RBT02 Cuadro eléctrico;PALETIZADO EXPEDICIONES
282571;RBT02 Entrada 4 paletizador;PALETIZADO EXPEDICIONES
282574;RBT02 Entrada 3 paletizador;PALETIZADO EXPEDICIONES
282577;RBT02 Entrada 2 paletizador;PALETIZADO EXPEDICIONES
282580;RBT02 Entrada 1 paletizador;PALETIZADO EXPEDICIONES
282584;RBT02 Línea 1 entrada palet;PALETIZADO EXPEDICIONES
282593;RBT02 Línea 2 entrada palet;PALETIZADO EXPEDICIONES
282616;RBT02 Línea entrada carton intercapa;PALETIZADO EXPEDICIONES
282638;RBT02 Robot 02;PALETIZADO EXPEDICIONES
282660;RBT02 Salida 4 paletizador;PALETIZADO EXPEDICIONES
282683;RBT02 Salida 3 paletizador;PALETIZADO EXPEDICIONES
282686;RBT02 Salida 2 paletizador;PALETIZADO EXPEDICIONES
282689;RBT02 Salida 1 paletizador;PALETIZADO EXPEDICIONES
282694;RBT03 Cuadro eléctrico;PALETIZADO EXPEDICIONES
282696;RBT03 Entrada 4 paletizador;PALETIZADO EXPEDICIONES
282700;RBT03 Entrada 3 paletizador;PALETIZADO EXPEDICIONES
282703;RBT03 Entrada 2 paletizador;PALETIZADO EXPEDICIONES
282706;RBT03 Entrada 1 paletizador;PALETIZADO EXPEDICIONES
282709;RBT03 Línea 1 entrada palet;PALETIZADO EXPEDICIONES
282718;RBT03 Línea 2 entrada palet;PALETIZADO EXPEDICIONES
282741;RBT03 Línea entrada carton intercapa;PALETIZADO EXPEDICIONES
282763;RBT03 Robot 03;PALETIZADO EXPEDICIONES
282785;RBT03 Salida 4 paletizador;PALETIZADO EXPEDICIONES
282808;RBT03 Salida 3 paletizador;PALETIZADO EXPEDICIONES
282811;RBT03 Salida 2 paletizador;PALETIZADO EXPEDICIONES
282814;RBT03 Salida 1 paletizador;PALETIZADO EXPEDICIONES
282819;RBT04 Cuadro eléctrico;PALETIZADO EXPEDICIONES
282821;RBT04 Entrada 4 paletizador;PALETIZADO EXPEDICIONES
282824;RBT04 Entrada 3 paletizador;PALETIZADO EXPEDICIONES
282827;RBT04 Entrada 2 paletizador;PALETIZADO EXPEDICIONES
282830;RBT04 Entrada 1 paletizador;PALETIZADO EXPEDICIONES
282834;RBT04 Línea 1 entrada palet;PALETIZADO EXPEDICIONES
282843;RBT04 Línea 2 entrada palet;PALETIZADO EXPEDICIONES
282866;RBT04 Línea entrada carton intercapa;PALETIZADO EXPEDICIONES
282888;RBT04 Robot 04;PALETIZADO EXPEDICIONES
282910;RBT04 Salida 4 paletizador;PALETIZADO EXPEDICIONES
282933;RBT04 Salida 3 paletizador;PALETIZADO EXPEDICIONES
282936;RBT04 Salida 2 paletizador;PALETIZADO EXPEDICIONES
282939;RBT04 Salida 1 paletizador;PALETIZADO EXPEDICIONES
282944;RCH1 Bypass conexión CRR1 linea 1;PEINE RECHAZO PAQ
282946;RCH1 Bypass conexión CRR1 linea 2;PEINE RECHAZO PAQ
282950;RCH1 Bypass conexión CRR2 linea 3;PEINE RECHAZO PAQ
282953;RCH1 Bypass conexión CRR2 linea 4;PEINE RECHAZO PAQ
282956;RCH1 Colector salida rechazos;PEINE RECHAZO PAQ
282959;RCH1 Linea 1 peine rechazo;PEINE RECHAZO PAQ
282960;RCH1 Linea 2 peine rechazo;PEINE RECHAZO PAQ
282964;RCH1 Linea 3 peine rechazo;PEINE RECHAZO PAQ
282968;RCH1 Linea 4 peine rechazo;PEINE RECHAZO PAQ
282972;RCH1 Línea entrada peine rechazo;PEINE RECHAZO PAQ
205296;CRR3_GGC_03_07_03_C;CRR3 Línea intercambio SS2 con SS1
205298;CRR3_RA_41_50_06_D;CRR3 Línea intercambio SS2 con SS1
205305;CRR3_GGC_03_07_09_C;CRR3 Línea intercambio SS2 con SS1
205306;CRR3_KK_03_07_10_C;CRR3 Línea intercambio SS2 con SS1
205316;CRR3_SMA_03_01_06_C;CRR3 Línea principal
205321;CRR3_ESC_03_01_05_C;CRR3 Línea principal
205326;CRR3_GGC_03_01_11_C;CRR3 Línea principal
205328;CRR3_GGC_03_01_14_C;CRR3 Línea principal
205330;CRR3_ESC_03_01_30_C;CRR3 Línea principal
205333;CRR3_GGC_03_01_13_C;CRR3 Línea principal
205334;CRR3_GGC_03_01_33_C;CRR3 Línea principal
205337;CRR3_ESC_03_01_15_C;CRR3 Línea principal
205346;CRR3_ESC_03_02_02_C;CRR3 Línea precintadora automática
205359;CRR4_BFC_32_23_01;CRR4 Línea cerradora 01
205362;CRR4_ESC_32_23_03;CRR4 Línea cerradora 01
205364;CRR4_MD4000_32_23_04;CRR4 Línea cerradora 01
205367;CRR4_ESC_32_23_07;CRR4 Línea cerradora 01
205380;CRR4_BFC_32_13_01;CRR4 Línea cerradora 02
205383;CRR4_ESC_32_13_03;CRR4 Línea cerradora 02
205385;CRR4_MD4000_32_13_04;CRR4 Línea cerradora 02
205390;CRR4_ESC_32_13_07;CRR4 Línea cerradora 02
205406;CRR4_ESC_32_33_06;CRR4 Línea cerradora semiautomática
205408;CRR4_MD4000_32_33_08;CRR4 Línea cerradora semiautomática
205411;CRR4_ESC_32_33_10;CRR4 Línea cerradora semiautomática
205426;CRR4_ESC_34_22_10;CRR4 Línea flejadora
205458;CRR4_ESC_33_03_02;CRR4 Línea operaciones
205477;CRR4_ESC_33_05_20;CRR4 Línea operaciones
205491;CRR4_ESC_33_11_08;CRR4 Línea segundo intento RFID
205519;CRR4_ESC_36_03_08;CRR4 Línea principal de rechazo
205600;CRR4_ESC_50_01_06;CRR4 Desvío CRR3 shipping 1
205603;CRR4_ESC_50_01_08;CRR4 Desvío CRR3 shipping 1
205625;CRR3_GGC_03_04_08_C;CRR3 Línea intercambio SS1 con SS2
205660;CRR4_GR_36_11_04;CRR4 Línea rechazo RFID 01
205661;CRR4_GR_36_11_05;CRR4 Línea rechazo RFID 01
205666;CRR4_GR_36_12_04;CRR4 Línea rechazo RFID 02
205671;CRR4_GR_36_13_04;CRR4 Línea rechazo RFID 03
205672;CRR4_GR_36_13_05;CRR4 Línea rechazo RFID 03
205677;CRR4_GR_36_14_04;CRR4 Línea rechazo RFID 04
205678;CRR4_GR_36_14_05;CRR4 Línea rechazo RFID 04
205683;CRR4_GR_36_15_04;CRR4 Línea rechazo general 01
205684;CRR4_GR_36_15_05;CRR4 Línea rechazo general 01
205689;CRR4_GR_36_16_04;CRR4 Línea rechazo general 02
205690;CRR4_GR_36_16_05;CRR4 Línea rechazo general 02
205714;CRR3_GGC_03_06_01_C;CRR3 Entrada manual
205723;CRR3_ESC_03_04_16_C;CRR3 Entrada inducción 16
205736;CRR3_ESC_03_01_20_C;CRR3 Entrada inducción 17
205751;CRR4_ESC_33_01_03;CRR4 Salida cerradoras shipping 02
205755;CRR4_ESC_33_01_06;CRR4 Salida cerradoras shipping 02
205777;CRR4_ESC_35_03_04;CRR4 Salida cerradoras shipping 02
205790;FLJ1_RSPN_02_04_01_I;FLJ1 Línea horno pequeño
205791;FLJ1_KK_02_04_05_I;FLJ1 Línea horno pequeño
205807;FLJ1_ESC_33_04_02_A;FLJ1 Línea flejadora
205822;FLJ1_RSPN_42_03_03_C;FLJ1 Línea mesas 01
205827;FLJ1_RSPN_42_04_03_C;FLJ1 Línea mesas 02
205846;FLJ1_GGC_02_00_02_I;FLJ1 Línea operaciones IND 11
205850;FLJ1_TERK_02_01_01_I;FLJ1 Línea operaciones IND 13
205851;FLJ1_GGC_02_01_02_I;FLJ1 Línea operaciones IND 13
205858;FLJ1_GG_02_02_10_I;FLJ1 Línea tolva 94 shipping
205863;FLJ1_KK_02_03_01_I;FLJ1 Línea principal
205864;FLJ1_KK_02_03_02_I;FLJ1 Línea principal
205866;FLJ1_RSPN_02_05_01_I;FLJ1 Línea principal
205875;FLJ1_ESC_42_01_07_C;FLJ1 Línea principal
205886;FLJ1_GGC_42_02_08_C;FLJ1 Colectora salida mesas shipping 01
205887;FLJ1_ESC_42_02_09_C;FLJ1 Colectora salida mesas shipping 01
205890;FLJ1_GG_42_02_13_C;FLJ1 Colectora salida mesas shipping 01
205894;FLJ1_ESC_33_02_04_A;FLJ1 Colectora salida mesas shipping 01
205895;FLJ1_ESC_20_00_00_I;FLJ1 Colectora salida mesas shipping 01
205905;FLJ1_SWD_02_00_07_I1;FLJ1 Colectora operaciones
205907;FLJ1_ESC_02_00_07_I;FLJ1 Colectora operaciones
205919;FLJ1_RSPN_20_00_04_I;FLJ1 Bypass shipping 02
205943;CRR1_TGF_17_07_04_A;CRR1 Cerradoras línea semiautomática
205946;CRR1_ESC_17_07_06_A;CRR1 Cerradoras línea semiautomática
205954;CRR1_CRR_17_04_20_A;CRR1 Cerradoras línea 01
205956;CRR1_ESC_17_04_19_A;CRR1 Cerradoras línea 01
281124;CRR1_KORAT_17_04_20_A;CRR1 Cerradoras línea 01
205960;CRR1_GGC_30_03_02_A;CRR1 Cerradoras línea 01
205962;CRR1_GG_30_03_18_A;CRR1 Cerradoras línea 01
205966;CRR1_ESC_30_03_17_A;CRR1 Cerradoras línea 01
239062;CRR1_HV2_30_03_07_A;CRR1 Cerradoras línea 01
205972;CRR1_GG_30_03_04_A;CRR1 Cerradoras línea 01
205973;CRR1_GGC_30_03_10_A;CRR1 Cerradoras línea 01
205975;CRR1_ESC_02_00_00_IS;CRR1 Cerradoras línea 01
281125;CRR1_RSPN_33_04_01;CRR1 Cerradoras línea 01
281126;CRR1_ESC_33_04_01;CRR1 Cerradoras línea 01
281127;CRR1_GG_33_04_02;CRR1 Cerradoras línea 01
281128;CRR1_SWD_33_04_04;CRR1 Cerradoras línea 01
205988;CRR1_ESC_30_02_01_A;CRR1 Cerradoras línea 02
205990;CRR1_CPG_30_02_03_A;CRR1 Cerradoras línea 02
205992;CRR1_KKRA_30_02_04_A;CRR1 Cerradoras línea 02
205993;CRR1_ESC_30_02_04_A;CRR1 Cerradoras línea 02
205994;CRR1_GGC_30_02_05_A;CRR1 Cerradoras línea 02
239063;CRR1_HV2_30_02_09_A;CRR1 Cerradoras línea 02
206003;CRR1_ESC_30_02_11_A;CRR1 Cerradoras línea 02
281129;CRR1_RSPN_33_03_01;CRR1 Cerradoras línea 02
281130;CRR1_ESC_33_03_01;CRR1 Cerradoras línea 02
281131;CRR1_GG_33_03_02;CRR1 Cerradoras línea 02
281132;CRR1_SWD_33_03_04;CRR1 Cerradoras línea 02
206015;CRR2_ESC_27_04_16_B;CRR2 Cerradoras línea 03
281133;CRR2_KORAT_27_04_17_B;CRR2 Cerradoras línea 03
206019;CRR2_ESC_30_07_03_B;CRR2 Cerradoras línea 03
206020;CRR2_CPG_30_07_04_B;CRR2 Cerradoras línea 03
239064;CRR2_HV2_30_07_15_B;CRR2 Cerradoras línea 03
206030;CRR2_GGC_30_07_10_B;CRR2 Cerradoras línea 03
281134;CRR2_RSPN_33_02_01_B;CRR2 Cerradoras línea 03
281135;CRR2_ESC_33_02_01_B;CRR2 Cerradoras línea 03
281136;CRR2_SWD_33_02_04_B;CRR2 Cerradoras línea 03
281137;CRR2_GG_33_02_02_B;CRR2 Cerradoras línea 03
206040;CRR2_ESC_27_01_17_B;CRR2 Cerradoras línea 04
239065;CRR2_HV2_30_08_18_B;CRR2 Cerradoras línea 04
206054;CRR2_GGC_30_08_10_B;CRR2 Cerradoras línea 04
206057;CRR2_ESC_30_08_12_B;CRR2 Cerradoras línea 04
281138;CRR2_ESC_30_08_06_B;CRR2 Cerradoras línea 04
281139;CRR2_KK_33_08_21_B;CRR2 Cerradoras línea 04
281140;CRR2_GG_33_01_02_B;CRR2 Cerradoras línea 04
281141;CRR2_SWD_33_01_04_B;CRR2 Cerradoras línea 04
206077;CRR1_KK_41_04_07_J;CRR1 Rechazo puesto 02
206109;CRR1_GGC_17_01_04_A;CRR1 Línea Evacuación 01
206110;CRR1_KK_17_01_05_A;CRR1 Línea Evacuación 01
206118;CRR1_GGC_17_04_03_A;CRR1 Línea Evacuación 02
206119;CRR1_KK_17_04_04_A;CRR1 Línea Evacuación 02
206125;CRR1_GGC_17_10_02_A;CRR1 Cross dock 01
206126;CRR1_KK_17_10_03_A;CRR1 Cross dock 01
206127;CRR1_GGC_17_10_04_A;CRR1 Cross dock 01
206128;CRR1_KK_17_10_05_A;CRR1 Cross dock 01
206130;CRR1_GGC_17_10_07_A;CRR1 Cross dock 01
206132;CRR1_ESC_17_10_08_A;CRR1 Cross dock 01
206151;CRR2_GG_27_05_13_B;CRR2 Loop cerradoras 02
206160;CRR2_GGC_27_01_03_B;CRR2 Línea Evacuación 03
206161;CRR2_GGC_27_01_04_B;CRR2 Línea Evacuación 03
206164;CRR2_GGC_27_01_06_B;CRR2 Línea Evacuación 03
206165;CRR2_GGC_27_01_07_B;CRR2 Línea Evacuación 03
206166;CRR2_KK_27_01_08_B;CRR2 Línea Evacuación 03
206174;CRR2_GGC_27_04_03_B;CRR2 Línea Evacuación 04
206177;CRR2_GGC_27_04_05_B;CRR2 Línea Evacuación 04
206178;CRR2_GGC_27_04_06_B;CRR2 Línea Evacuación 04
206179;CRR2_KK_27_04_07_B;CRR2 Línea Evacuación 04
206183;CRR2_TE_27_04_11_B;CRR2 Línea Evacuación 04
206256;IND6_BF_16_01_13;IND6 Línea principal abridora
206264;IND6_ESC_16_01_19;IND6 Línea principal abridora
206274;IND6_ESC_17_62_20;IND6 Entrada 01
206280;IND6_ESC_17_52_10;IND6 Entrada 02
206286;IND6_ESC_17_42_10;IND6 Entrada 03
206292;IND6_ESC_17_32_10;IND6 Entrada 04
206298;IND6_ESC_17_22_10;IND6 Entrada 05
206304;IND6_ESC_17_12_10;IND6 Entrada 06
206310;IND6_ESC_16_62_20;IND6 Entrada 07
206316;IND6_ESC_16_52_10;IND6 Entrada 08
206322;IND6_ESC_16_42_10;IND6 Entrada 09
206328;IND6_ESC_16_32_10;IND6 Entrada 10
206334;IND6_ESC_16_22_10;IND6 Entrada 11
206340;IND6_ESC_16_12_10;IND6 Entrada 12
206556;IND7_BF_18_01_11;IND7 Línea principal abridora
206561;IND7_ESC_18_01_13;IND7 Línea principal abridora
206564;IND7_PUP_18_01_16;IND7 Línea principal abridora
206572;IND7_ESC_18_12_10;IND7 Entrada 01
206578;IND7_ESC_18_22_10;IND7 Entrada 02
206584;IND7_ESC_18_32_10;IND7 Entrada 03
206590;IND7_ESC_18_42_10;IND7 Entrada 04
206596;IND7_ESC_18_52_10;IND7 Entrada 05
206602;IND7_ESC_18_62_10;IND7 Entrada 06
206608;IND7_ESC_19_62_20;IND7 Entrada 07
206614;IND7_ESC_19_52_10;IND7 Entrada 08
206620;IND7_ESC_19_42_10;IND7 Entrada 09
206626;IND7_ESC_19_32_10;IND7 Entrada 10
206632;IND7_ESC_19_22_10;IND7 Entrada 11
206638;IND7_ESC_19_12_10;IND7 Entrada 12
206769;EVC5_GGC_01_09_01_C;EVC5 Colector evacuación
206770;EVC5_GGC_01_09_02_C;EVC5 Colector evacuación
206920;VAC2_TERK_34_03_03_C;VAC2 Línea cross dock 1
206921;VAC2_GGC_34_03_04_C;VAC2 Línea cross dock 1
206922;VAC2_KK_34_03_05_C;VAC2 Línea cross dock 1
206924;VAC2_ESC_34_03_06_C;VAC2 Línea cross dock 1
206927;VAC2_KK_34_03_07_C;VAC2 Línea cross dock 1
206929;VAC2_GGC_34_03_09_C;VAC2 Línea cross dock 1
206930;VAC2_KK_34_03_10_C;VAC2 Línea cross dock 1
206931;VAC2_GGC_34_03_11_C;VAC2 Línea cross dock 1
206932;VAC2_KK_34_03_12_C;VAC2 Línea cross dock 1
206933;VAC2_GGC_34_03_13_C;VAC2 Línea cross dock 1
206935;VAC2_GGC_34_03_15_C;VAC2 Línea cross dock 1
206936;VAC2_GGC_34_03_16_C;VAC2 Línea cross dock 1
206937;VAC2_GGC_34_03_17_C;VAC2 Línea cross dock 1
206938;VAC2_GGC_34_03_18_C;VAC2 Línea cross dock 1
206939;VAC2_GGC_34_03_19_C;VAC2 Línea cross dock 1
206940;VAC2_KK_34_03_20_C;VAC2 Línea cross dock 1
206941;VAC2_GGC_34_03_21_C;VAC2 Línea cross dock 1
206943;VAC2_GGC_34_03_23_C;VAC2 Línea cross dock 1
206954;EVC1_TRC_13_03_22_A;EVC1 Empujadores brazo 01 (T. 01 a 126)
206981;EVC2_TRC_14_03_22_A;EVC2 Empujadores brazo 02 (T. 127 a 252)
207140;EVC4_TRC_24_03_22_B;EVC4 Empujadores brazo 02 (T. 127 a 252)
207225;EVC3_KK_23_01_08_B;EVC3 Evacuación 03
207227;EVC3_KK_23_01_10_B;EVC3 Evacuación 03
207233;EVC3_KK_23_01_16_B;EVC3 Evacuación 03
207235;EVC3_KK_23_01_18_B;EVC3 Evacuación 03
207252;EVC4_RA_24_01_08_B;EVC4 Evacuación 04
207253;EVC4_RA_24_01_09_B;EVC4 Evacuación 04
207254;EVC4_RA_24_01_10_B;EVC4 Evacuación 04
207260;EVC4_RA_24_01_16_B;EVC4 Evacuación 04
207261;EVC4_RA_24_01_17_B;EVC4 Evacuación 04
207262;EVC4_RA_24_01_18_B;EVC4 Evacuación 04
207278;VAC3_ESC_37_01_23;VAC3 Línea cross dock 02
207295;VAC3_ESC_37_12_10;VAC3 Línea cross dock 02
207333;EMP1_GGC_32_04_01_A;EMP1 Línea principal 01
207335;EMP1_GGC_32_04_03_A;EMP1 Línea principal 01
207337;EMP1_GGC_32_04_05_A;EMP1 Línea principal 01
207338;EMP1_GGC_32_04_06_A;EMP1 Línea principal 01
207349;EMP1_ESC_32_05_08_A;EMP1 Línea principal 01
207350;EMP1_RSPN_32_05_08_J;EMP1 Línea principal 01
207351;EMP1_KK_32_05_11_A;EMP1 Línea principal 01
207352;EMP1_GGC_32_06_01_A;EMP1 Línea principal 01
207364;EMP1_GG_32_16_20_F;EMP1 Línea principal 02
207365;EMP1_SWD_32_16_21_F;EMP1 Línea principal 02
207369;EMP1_GGC_32_20_09_A;EMP1 Línea principal 02
207370;EMP1_ESC_32_20_09_A;EMP1 Línea principal 02
207374;EMP2_GG_32_40_01_R;EMP1 Línea principal 02
241546;EMP2_CPR3_32_40_02;EMP1 Línea principal 02
207380;EMP1_KKRA_32_10_04_A;EMP1 Salida exportación 01
207383;EMP1_KK_32_10_07_A;EMP1 Salida exportación 01
207388;EMP1_GGC_32_10_14_A;EMP1 Salida exportación 01
207390;EMP1_GGC_32_10_16_A;EMP1 Salida exportación 01
207391;EMP1_TERK_32_10_17_A;EMP1 Salida exportación 01
207396;EMP1_KK_32_16_04_B;EMP1 Salida exportación 02
207397;EMP1_GGC_32_16_05_B;EMP1 Salida exportación 02
207402;EMP1_GGC_32_17_04_B;EMP1 Salida exportación 03
207403;EMP1_KK_32_17_05_B;EMP1 Salida exportación 03
207410;EMP1_KK_32_20_04_A;EMP1 Salida exportación 04
207411;EMP1_GGC_32_20_05_A;EMP1 Salida exportación 04
207418;EMP1_RA_32_01_05_A;EMP1 Salida packing área 01
207419;EMP1_KK_32_01_06_A;EMP1 Salida packing área 01
207447;EMP1_GGC_41_08_03_A;EMP1 Entrada manual
207461;EMP1_GGC_32_26_11_A;EMP1 Salida 1 CLA6
207464;EMP1_GGC_32_26_14_A;EMP1 Salida 1 CLA6
207465;EMP1_ESC_32_26_14_A;EMP1 Salida 1 CLA6
207475;EMP1_GGC_32_25_09_A;EMP1 Salida 2 CLA6
207478;EMP1_GGC_32_25_20_D;EMP1 Salida 2 CLA6
207481;EMP1_GGC_32_25_23_D;EMP1 Salida 2 CLA6
207501;EMP1_TE_32_16_22_F;EMP1 Bypass 2 principal 02-01
207502;EMP1_TE_32_16_23_F;EMP1 Bypass 2 principal 02-01
241545;EMP2_RAS_32_36_02_R;EMP2 Línea etiquetado 1
241544;EMP2_CPR3_32_36_03;EMP2 Línea etiquetado 1
207514;EMP2_ESC_32_36_06_D;EMP2 Línea etiquetado 1
207518;EMP2_ESC_32_36_09_D;EMP2 Línea etiquetado 1
207523;EMP2_ESC_32_36_13_D;EMP2 Línea etiquetado 1
207525;EMP2_ESC_32_36_14_D;EMP2 Línea etiquetado 1
207528;EMP2_SWD_32_36_16_D2;EMP2 Línea etiquetado 1
207530;EMP2_GGC_32_38_02_D;EMP2 Línea etiquetado 1
207538;EMP2_ESC_32_41_06_D;EMP2 Línea etiquetado 2
207542;EMP2_ESC_32_41_09_D;EMP2 Línea etiquetado 2
207547;EMP2_ESC_32_41_13_R;EMP2 Línea etiquetado 2
207558;EMP2_ESC_32_40_06_D;EMP2 Línea etiquetado 3
207562;EMP2_ESC_32_40_09_D;EMP2 Línea etiquetado 3
207567;EMP2_ESC_32_40_13_D;EMP2 Línea etiquetado 3
207569;EMP2_ESC_32_40_14_D;EMP2 Línea etiquetado 3
207573;EMP2_GGC_32_43_03_D;EMP2 Línea rechazo
207578;EMP2_GGC_32_40_15_D;EMP2 Línea operaciones
207579;EMP2_GGC_32_40_16_D;EMP2 Línea operaciones
207581;EMP2_SWD_32_40_16_D2;EMP2 Línea operaciones
207584;EMP2_ESC_32_40_18_D;EMP2 Línea operaciones
207587;EMP2_SWD_32_40_20_D2;EMP2 Línea operaciones
207592;EMP2_ESC_32_40_24_R;EMP2 Línea operaciones
302095;EMP2_ESC_32_36_20_D_SC;EMP2 Línea inducción 21
302096;EMP2_SR2_32_36_20_D_CAM;EMP2 Línea inducción 21
207641;EMP2_GGC_32_44_06_D;EMP2 Línea inducción 22
207661;EMP2_SWD_32_42_05_D1;EMP2 Línea conexión EMP1
207663;EMP2_ESC_32_42_06_D;EMP2 Línea conexión EMP1
207667;EMP2_GGC_32_42_09_D;EMP2 Línea conexión EMP1
207683;EMP3_GGC_32_25_09_I;EMP3 Salida 1 CLA5
207686;EMP3_GGC_32_25_12_I;EMP3 Salida 1 CLA5
207689;EMP3_GGC_32_25_15_I;EMP3 Salida 1 CLA5
207716;EMP3_GG_32_26_22_I;EMP3 Salida 2 CLA5
207718;EMP3_ESC_32_26_25_I;EMP3 Salida 2 CLA5
207731;AER_MAE_340_01;AER Muelle aéreo 340
207732;AER_TDB_340_02;AER Muelle aéreo 340
207733;AER_TDR_340_03;AER Muelle aéreo 340
207734;AER_MDC_340_04;AER Muelle aéreo 340
207735;AER_TDR_341_05;AER Muelle aéreo 340
207736;AER_TDR_341_06;AER Muelle aéreo 340
207737;AER_TDR_341_07;AER Muelle aéreo 340
207739;AER_MAE_342_01;AER Muelle aéreo 342
207740;AER_TDB_342_02;AER Muelle aéreo 342
207741;AER_MDC_342_03;AER Muelle aéreo 342
207742;AER_TDR_342_04;AER Muelle aéreo 342
207743;AER_TDR_342_05;AER Muelle aéreo 342
207745;AER_MAE_343_01;AER Muelle aéreo 343
207746;AER_TDR_343_02;AER Muelle aéreo 343
207747;AER_MDC_343_03;AER Muelle aéreo 343
207748;AER_TDR_343_04;AER Muelle aéreo 343
207750;AER_MAE_345_01;AER Muelle aéreo 345
207751;AER_TDR_345_02;AER Muelle aéreo 345
207752;AER_TDR_345_03;AER Muelle aéreo 345
207753;AER_MDC_345_04;AER Muelle aéreo 345
207755;AER_MAE_346_01;AER Muelle aéreo 346
207756;AER_TDR_346_02;AER Muelle aéreo 346
207757;AER_TDR_346_03;AER Muelle aéreo 346
207758;AER_MDC_346_04;AER Muelle aéreo 346
207760;AER_MAE_148_01;AER Muelle aéreo 148
207761;AER_TDR_148_02;AER Muelle aéreo 148
207762;AER_TDB_148_03;AER Muelle aéreo 148
207763;AER_TDR_148_04;AER Muelle aéreo 148
207764;AER_TDR_148_05;AER Muelle aéreo 148
207766;AER_TDR_149_01;AER Muelle aéreo 149
207767;AER_TDR_149_02;AER Muelle aéreo 149
207768;AER_TDB_149_03;AER Muelle aéreo 149
207769;AER_MDC_149_04;AER Muelle aéreo 149
207771;AER_MAE_151_01;AER Muelle aéreo 151
207772;AER_TDR_151_02;AER Muelle aéreo 151
207773;AER_TDR_151_03;AER Muelle aéreo 151
207774;AER_MDC_151_04;AER Muelle aéreo 151
207779;ENT1_GGC_01_01_03_A;ENT1 Línea entrada 01
207781;ENT1_ESC_01_01_04_A;ENT1 Línea entrada 01
207786;ENT1_GGC_01_02_03_A;ENT1 Línea entrada 02
207788;ENT1_ESC_01_02_04_A;ENT1 Línea entrada 02
207793;ENT1_GGC_01_03_03_A;ENT1 Línea entrada 03
207795;ENT1_ESC_01_03_04_A;ENT1 Línea entrada 03
207800;ENT1_GGC_01_04_03_A;ENT1 Línea entrada 04
207802;ENT1_ESC_01_04_04_A;ENT1 Línea entrada 04
207807;ENT1_GGC_01_05_03_A;ENT1 Línea entrada 05
207809;ENT1_ESC_01_05_04_A;ENT1 Línea entrada 05
207814;ENT1_GGC_01_06_03_A;ENT1 Línea entrada 06
207816;ENT1_ESC_01_06_04_A;ENT1 Línea entrada 06
207821;ENT1_GGC_01_07_03_A;ENT1 Línea entrada 07
207823;ENT1_ESC_01_07_04_A;ENT1 Línea entrada 07
207828;ENT1_GGC_01_08_03_A;ENT1 Línea entrada 08
207830;ENT1_ESC_01_08_04_A;ENT1 Línea entrada 08
241538;ENT1_HV2_02_10_05;ENT1 ID01
241539;ENT1_HV2_02_11_05;ENT1 ID02
207852;ENT1_ESC_02_12_02_A;ENT1 ID03
207860;ENT1_ESC_02_13_02_A;ENT1 ID04
207868;ENT1_ESC_02_14_02_A;ENT1 ID05
207876;ENT1_ESC_02_15_02_A;ENT1 ID06
207884;ENT1_ESC_02_16_02_A;ENT1 ID07
241540;ENT1_HV2_02_17_05;ENT1 ID08
207901;ENT1_TB_81_02_03_A;ENT1 ID segundo intento
207906;ENT1_TPL_02;ENT1 RFID Palé
207908;ENT1_TEL_01_01_01_A;ENT1 Telescópicos
207909;ENT1_TEL_01_02_01_A;ENT1 Telescópicos
207910;ENT1_TEL_01_03_01_A;ENT1 Telescópicos
207911;ENT1_TEL_01_04_01_A;ENT1 Telescópicos
207921;ENT1_GGC_02_01_02_A;ENT1 Colector entrada
207926;ENT1_ESC_02_01_06_A;ENT1 Colector entrada
283028;ENT1_SR5_02_01_06;ENT1 Colector entrada
207931;ENT1_ESC_02_02_02_A;ENT1 Colector entrada IDs
207943;ENT1_GGC_02_30_01_A;ENT1 Colector salida IDs
207944;ENT1_GGC_02_30_02_A;ENT1 Colector salida IDs
207955;ENT2_GGC_36_01_03_B;ENT2 Línea entrada 09
207957;ENT2_ESC_36_01_04_B;ENT2 Línea entrada 09
207962;ENT2_GGC_36_02_03_B;ENT2 Línea entrada 10
207964;ENT2_ESC_36_02_04_B;ENT2 Línea entrada 10
207969;ENT2_GGC_36_03_03_B;ENT2 Línea entrada 11
207971;ENT2_ESC_36_03_04_B;ENT2 Línea entrada 11
207976;ENT2_GGC_36_04_03_B;ENT2 Línea entrada 12
207978;ENT2_ESC_36_04_04_B;ENT2 Línea entrada 12
207983;ENT2_GGC_36_05_03_B;ENT2 Línea entrada 13
207985;ENT2_ESC_36_05_04_B;ENT2 Línea entrada 13
207990;ENT2_GGC_36_06_03_B;ENT2 Línea entrada 14
207992;ENT2_ESC_36_06_04_B;ENT2 Línea entrada 14
207997;ENT2_GGC_36_07_03_B;ENT2 Línea entrada 15
207999;ENT2_ESC_36_07_04_B;ENT2 Línea entrada 15
241537;ENT2_HV2_37_03_05;ENT2 ID09
208013;ENT2_ESC_37_04_02_B;ENT2 ID10
208021;ENT2_ESC_37_05_02_B;ENT2 ID11
208029;ENT2_ESC_37_06_02_B;ENT2 ID12
208037;ENT2_ESC_37_07_02_B;ENT2 ID13
208045;ENT2_ESC_37_08_02_B;ENT2 ID14
208053;ENT2_ESC_37_09_02_B;ENT2 ID15
208061;ENT2_ESC_37_10_02_B;ENT2 ID16
208070;ENT2_TB_80_02_03_A;ENT2 ID segundo intento
208075;ENT2_TEL_36_01_01_B;ENT2 Telescópicos
208076;ENT2_TEL_36_02_01_B;ENT2 Telescópicos
208077;ENT2_TEL_36_03_01_B;ENT2 Telescópicos
208083;ENT2_GGC_37_01_05_B;ENT2 Colector entrada
208084;ENT2_GGC_37_01_06_B;ENT2 Colector entrada
208086;ENT2_ESC_37_01_07_B;ENT2 Colector entrada
283029;ENT2_SR5_37_01_07;ENT2 Colector entrada
208090;ENT2_ESC_37_02_01_B;ENT2 Colector entrada IDs
208107;ENT2_ESC_37_15_04_B;ENT2 Colector salida IDs
208110;ENT2_KK_37_15_05_B;ENT2 Colector salida IDs
208113;ENT2_GGC_37_15_08_B;ENT2 Colector salida IDs
208115;ENT2_GGC_37_15_10_B;ENT2 Colector salida IDs
208122;CNX1_GGC_03_02_02_A;CNX1 Rechazo IDs
208123;CNX1_ESC_03_02_02_A;CNX1 Rechazo IDs
208124;CNX1_TGF_03_02_03_A;CNX1 Rechazo IDs
208126;CNX1_SWD_03_02_05_A;CNX1 Rechazo IDs
208131;CNX1_GGC_03_11_01_A;CNX1 Subida manual rechazo IDs
208134;CNX1_TGF_03_11_04_A;CNX1 Subida manual rechazo IDs
208137;CNX1_GGC_03_01_14_A;CNX1 Línea sin precintado
208143;CNX1_ESC_03_01_02_A;CNX1 Principal silo
208147;CNX1_GGC_03_01_06_A;CNX1 Principal silo
208148;CNX1_KK_03_01_07_A;CNX1 Principal silo
208149;CNX1_ESC_03_01_17_A;CNX1 Principal silo
208155;CNX1_ESC_03_01_21_A;CNX1 Principal silo
208157;CNX1_GG_03_01_23_A;CNX1 Principal silo
208158;CNX1_GG_03_01_24_A;CNX1 Principal silo
208162;CNX1_ESC_03_01_27_A;CNX1 Principal silo
208171;CNX1_KK_03_03_03_A;CNX1 Rechazo entrada silo 1
208173;CNX1_GGC_03_03_05_A;CNX1 Rechazo entrada silo 1
208174;CNX1_TGF_03_03_06_A;CNX1 Rechazo entrada silo 1
208177;CNX1_ESC_03_30_01_A;CNX1 Entrada manual silo
208178;CNX1_SWD_03_30_03_A;CNX1 Entrada manual silo
208181;CNX1_GGC_03_30_06_A;CNX1 Entrada manual silo
208188;CNX1_ESC_03_06_04_A;CNX1 Desvío PLM1
208191;CNX1_GG_03_06_06_A;CNX1 Desvío PLM1
208192;CNX1_GG_03_06_07_A;CNX1 Desvío PLM1
208201;CNX1_ESC_05_20_05_A;CNX1 Salida silo
208205;CNX1_ESC_05_25_01_A;CNX1 Salida silo
208207;CNX1_GG_05_25_03_A;CNX1 Salida silo
208208;CNX1_GG_05_25_04_A;CNX1 Salida silo
208211;CNX1_GGC_05_25_07_A;CNX1 Salida silo
208212;CNX1_KK_05_25_08_A;CNX1 Salida silo
208214;CNX1_GGC_05_25_10_A;CNX1 Salida silo
208216;CNX1_GGC_05_25_11_A;CNX1 Salida silo
208219;CNX1_ESC_03_01_08_A;CNX1 Línea precintado 1
208231;CNX1_ESC_03_04_02_A;CNX1 Línea precintado 2
208251;DPA1_RF_72_20_01;DPA1 Entrada 1
208269;DPA1_RF_72_20_02;DPA1 Entrada 2
208312;DPL1_ESC_40_05_15;DPL1 Salida línea 1
208347;DPL1_ESC_40_13_19;DPL1 Salida línea 2
208348;DPL1_ESC_40_13_21;DPL1 Salida línea 2
208381;DPL2_TCO_24_03_03_I;DPL2 Salida línea 2
208385;DPL2_TCO_24_04_03_I;DPL2 Salida línea 2
208390;DPL2_ESC_24_05_02_I;DPL2 Salida línea 2
208397;DPL2_GGC_24_06_06_I;DPL2 Colector
208422;DPA2_RF_402_10_02;DPA2 Entrada 1
208440;DPA2_RF_402_20_02;DPA2 Entrada 2
208449;DPA2_RF_402_03_04;DPA2 Transferidor
208458;DPL2_TCO_24_01_02_I;DPL2 Salida línea 1
208461;DPL2_TCO_24_02_02_I;DPL2 Salida línea 1
208466;DPL2_ESC_24_06_02_I;DPL2 Salida línea 1
208527;ENT3_BF_02_23_03;ENT3 Segundo intento RFID
208528;ENT3_HTR_02_23_04;ENT3 Segundo intento RFID
208529;ENT3_LRD_02_23_04;ENT3 Segundo intento RFID
208574;ENT3_ESC_05_01_16;ENT3 Línea rechazo
208589;ENT3_ESC_05_11_10;ENT3 Línea rechazo
208602;ENT3_ESC_01_01_03;ENT3 Línea entrada 01
208611;ENT3_ESC_01_02_03;ENT3 Línea entrada 02
208620;ENT3_ESC_01_03_03;ENT3 Línea entrada 03
208629;ENT3_ESC_01_04_03;ENT3 Línea entrada 04
208638;ENT3_ESC_01_05_03;ENT3 Línea entrada 05
208647;ENT3_ESC_01_06_03;ENT3 Línea entrada 06
208658;ENT3_ESC_01_13_02;ENT3 ID21
208672;ENT3_ESC_01_23_02;ENT3 ID22
208686;ENT3_ESC_01_33_02;ENT3 ID23
208700;ENT3_ESC_01_43_02;ENT3 ID24
208714;ENT3_ESC_01_53_02;ENT3 ID25
208728;ENT3_ESC_01_63_02;ENT3 ID26
208773;ENT3_TPL_01;ENT3 RFID Palé
208775;ENT3_TEL_01;ENT3 Telescópicos
208776;ENT3_TEL_02;ENT3 Telescópicos
208777;ENT3_TEL_03;ENT3 Telescópicos
208793;ENT3_ESC_02_04_10;ENT3 Colector salida IDs
208812;ENT3_ESC_03_02_20;ENT3 Colector salida IDs
208840;ENT3_ESC_04_03_02;ENT3 Colector salida cerradoras
208900;ENT3_ESC_01_08_10;ENT3 Colector de entradas hasta IDs
283030;ENT3_SR5_01_09_01;ENT3 Colector de entradas hasta IDs
208913;SIL2_SPP_06_01_02_B;SIL2 Entrada grúa 21
208914;SIL2_ESC_06_01_02_B;SIL2 Entrada grúa 21
208915;SIL2_SPP_06_01_03_B;SIL2 Entrada grúa 21
208919;SIL2_SPP_06_02_02_B;SIL2 Entrada grúa 22
208920;SIL2_ESC_06_02_02_B;SIL2 Entrada grúa 22
208921;SIL2_SPP_06_02_03_B;SIL2 Entrada grúa 22
208925;SIL2_SPP_06_03_02_B;SIL2 Entrada grúa 23
208926;SIL2_ESC_06_03_02_B;SIL2 Entrada grúa 23
208927;SIL2_SPP_06_03_03_B;SIL2 Entrada grúa 23
208931;SIL2_SPP_06_04_02_B;SIL2 Entrada grúa 24
208932;SIL2_ESC_06_04_02_B;SIL2 Entrada grúa 24
208933;SIL2_SPP_06_04_03_B;SIL2 Entrada grúa 24
208937;SIL2_SPP_06_05_02_B;SIL2 Entrada grúa 25
208938;SIL2_ESC_06_05_02_B;SIL2 Entrada grúa 25
208939;SIL2_SPP_06_05_03_B;SIL2 Entrada grúa 25
208943;SIL2_SPP_06_06_02_B;SIL2 Entrada grúa 26
208944;SIL2_ESC_06_06_02_B;SIL2 Entrada grúa 26
208945;SIL2_SPP_06_06_03_B;SIL2 Entrada grúa 26
208949;SIL2_SPP_06_07_02_B;SIL2 Entrada grúa 27
208950;SIL2_ESC_06_07_02_B;SIL2 Entrada grúa 27
208951;SIL2_SPP_06_07_03_B;SIL2 Entrada grúa 27
208955;SIL2_SPP_06_08_02_B;SIL2 Entrada grúa 28
208956;SIL2_ESC_06_08_02_B;SIL2 Entrada grúa 28
208957;SIL2_SPP_06_08_03_B;SIL2 Entrada grúa 28
208961;SIL2_SPP_06_09_02_B;SIL2 Entrada grúa 29
208962;SIL2_ESC_06_09_02_B;SIL2 Entrada grúa 29
208963;SIL2_SPP_06_09_03_B;SIL2 Entrada grúa 29
208967;SIL2_SPP_06_10_02_B;SIL2 Entrada grúa 30
208968;SIL2_ESC_06_10_02_B;SIL2 Entrada grúa 30
208969;SIL2_SPP_06_10_03_B;SIL2 Entrada grúa 30
208973;SIL2_SPP_06_11_02_B;SIL2 Entrada grúa 31
208974;SIL2_ESC_06_11_02_B;SIL2 Entrada grúa 31
208975;SIL2_SPP_06_11_03_B;SIL2 Entrada grúa 31
208979;SIL2_SPP_06_12_02_B;SIL2 Entrada grúa 32
208980;SIL2_ESC_06_12_02_B;SIL2 Entrada grúa 32
208981;SIL2_SPP_06_12_03_B;SIL2 Entrada grúa 32
208985;SIL2_SPP_06_13_02_B;SIL2 Entrada grúa 33
208986;SIL2_ESC_06_13_02_B;SIL2 Entrada grúa 33
208987;SIL2_SPP_06_13_03_B;SIL2 Entrada grúa 33
208991;SIL2_SPP_06_14_02_B;SIL2 Entrada grúa 34
208992;SIL2_ESC_06_14_02_B;SIL2 Entrada grúa 34
208993;SIL2_SPP_06_14_03_B;SIL2 Entrada grúa 34
208997;SIL2_SPP_06_15_02_B;SIL2 Entrada grúa 35
208998;SIL2_ESC_06_15_02_B;SIL2 Entrada grúa 35
208999;SIL2_SPP_06_15_03_B;SIL2 Entrada grúa 35
209003;SIL2_SPP_06_16_02_B;SIL2 Entrada grúa 36
209004;SIL2_ESC_06_16_02_B;SIL2 Entrada grúa 36
209005;SIL2_SPP_06_16_03_B;SIL2 Entrada grúa 36
209009;SIL2_SPP_06_17_02_B;SIL2 Entrada grúa 37
209010;SIL2_ESC_06_17_02_B;SIL2 Entrada grúa 37
209011;SIL2_SPP_06_17_03_B;SIL2 Entrada grúa 37
209015;SIL2_SPP_06_18_02_B;SIL2 Entrada grúa 38
209016;SIL2_ESC_06_18_02_B;SIL2 Entrada grúa 38
209017;SIL2_SPP_06_18_03_B;SIL2 Entrada grúa 38
209024;SIL2_GGC_06_25_04_B;SIL2 Loop de entrada
209025;SIL2_GGC_06_25_03_B;SIL2 Loop de entrada
209026;SIL2_GGC_06_25_02_B;SIL2 Loop de entrada
209028;SIL2_GGC_06_25_99_B;SIL2 Loop de entrada
209037;SIL2_ESC_06_20_02_B;SIL2 Loop de entrada
209041;SIL2_ESC_06_20_01_B;SIL2 Loop de entrada
209050;SIL3_ESC_07_12_10;SIL3 Entrada grúa 01
209058;SIL3_ESC_07_22_10;SIL3 Entrada grúa 02
209066;SIL3_ESC_07_32_10;SIL3 Entrada grúa 03
209074;SIL3_ESC_07_42_10;SIL3 Entrada grúa 04
209082;SIL3_ESC_07_52_10;SIL3 Entrada grúa 05
209090;SIL3_ESC_07_62_10;SIL3 Entrada grúa 06
209098;SIL3_ESC_07_72_10;SIL3 Entrada grúa 07
209106;SIL3_ESC_07_82_10;SIL3 Entrada grúa 08
209114;SIL3_ESC_07_92_10;SIL3 Entrada grúa 09
209122;SIL3_ESC_07_02_10;SIL3 Entrada grúa 10
209130;SIL3_ESC_08_02_10;SIL3 Entrada grúa 11
209138;SIL3_ESC_08_92_10;SIL3 Entrada grúa 12
209146;SIL3_ESC_08_82_10;SIL3 Entrada grúa 13
209154;SIL3_ESC_08_72_10;SIL3 Entrada grúa 14
209162;SIL3_ESC_08_62_10;SIL3 Entrada grúa 15
209170;SIL3_ESC_08_52_10;SIL3 Entrada grúa 16
209178;SIL3_ESC_08_42_10;SIL3 Entrada grúa 17
209186;SIL3_ESC_08_32_10;SIL3 Entrada grúa 18
209194;SIL3_ESC_08_22_10;SIL3 Entrada grúa 19
209202;SIL3_ESC_08_12_10;SIL3 Entrada grúa 20
209210;SIL3_ESC_06_01_04;SIL3 Loop de entrada
209225;SIL3_ESC_06_01_10;SIL3 Loop de entrada
209240;SIL3_ESC_06_01_16;SIL3 Loop de entrada
209261;SIL1_SPP_04_01_02_A;SIL1 Entrada grúa 01
209262;SIL1_ESC_04_01_02_A;SIL1 Entrada grúa 01
209263;SIL1_SPP_04_01_03_A;SIL1 Entrada grúa 01
209267;SIL1_SPP_04_02_02_A;SIL1 Entrada grúa 02
209268;SIL1_ESC_04_02_02_A;SIL1 Entrada grúa 02
209269;SIL1_SPP_04_02_03_A;SIL1 Entrada grúa 02
209273;SIL1_SPP_04_03_02_A;SIL1 Entrada grúa 03
209274;SIL1_ESC_04_03_02_A;SIL1 Entrada grúa 03
209275;SIL1_SPP_04_03_03_A;SIL1 Entrada grúa 03
209279;SIL1_SPP_04_04_02_A;SIL1 Entrada grúa 04
209280;SIL1_ESC_04_04_02_A;SIL1 Entrada grúa 04
209281;SIL1_SPP_04_04_03_A;SIL1 Entrada grúa 04
209285;SIL1_SPP_04_05_02_A;SIL1 Entrada grúa 05
209286;SIL1_ESC_04_05_02_A;SIL1 Entrada grúa 05
209287;SIL1_SPP_04_05_03_A;SIL1 Entrada grúa 05
209291;SIL1_SPP_04_06_02_A;SIL1 Entrada grúa 06
209292;SIL1_ESC_04_06_02_A;SIL1 Entrada grúa 06
209293;SIL1_SPP_04_06_03_A;SIL1 Entrada grúa 06
209297;SIL1_SPP_04_07_02_A;SIL1 Entrada grúa 07
209298;SIL1_ESC_04_07_02_A;SIL1 Entrada grúa 07
209299;SIL1_SPP_04_07_03_A;SIL1 Entrada grúa 07
209303;SIL1_SPP_04_08_02_A;SIL1 Entrada grúa 08
209304;SIL1_ESC_04_08_02_A;SIL1 Entrada grúa 08
209305;SIL1_SPP_04_08_03_A;SIL1 Entrada grúa 08
209309;SIL1_SPP_04_09_02_A;SIL1 Entrada grúa 09
209310;SIL1_ESC_04_09_02_A;SIL1 Entrada grúa 09
209311;SIL1_SPP_04_09_03_A;SIL1 Entrada grúa 09
209315;SIL1_SPP_04_10_02_A;SIL1 Entrada grúa 10
209316;SIL1_ESC_04_10_02_A;SIL1 Entrada grúa 10
209317;SIL1_SPP_04_10_04_A;SIL1 Entrada grúa 10
209321;SIL1_SPP_04_11_02_A;SIL1 Entrada grúa 11
209322;SIL1_ESC_04_11_02_A;SIL1 Entrada grúa 11
209323;SIL1_SPP_04_11_03_A;SIL1 Entrada grúa 11
209327;SIL1_SPP_04_12_02_A;SIL1 Entrada grúa 12
209328;SIL1_ESC_04_12_02_A;SIL1 Entrada grúa 12
209329;SIL1_SPP_04_12_03_A;SIL1 Entrada grúa 12
209333;SIL1_SPP_04_13_02_A;SIL1 Entrada grúa 13
209334;SIL1_ESC_04_13_02_A;SIL1 Entrada grúa 13
209335;SIL1_SPP_04_13_03_A;SIL1 Entrada grúa 13
209339;SIL1_SPP_04_14_02_A;SIL1 Entrada grúa 14
209340;SIL1_ESC_04_14_02_A;SIL1 Entrada grúa 14
209341;SIL1_SPP_04_14_03_A;SIL1 Entrada grúa 14
209345;SIL1_SPP_04_15_02_A;SIL1 Entrada grúa 15
209346;SIL1_ESC_04_15_02_A;SIL1 Entrada grúa 15
209347;SIL1_SPP_04_15_03_A;SIL1 Entrada grúa 15
209351;SIL1_SPP_04_16_02_A;SIL1 Entrada grúa 16
209352;SIL1_ESC_04_16_02_A;SIL1 Entrada grúa 16
209353;SIL1_SPP_04_16_03_A;SIL1 Entrada grúa 16
209357;SIL1_SPP_04_17_02_A;SIL1 Entrada grúa 17
209358;SIL1_ESC_04_17_02_A;SIL1 Entrada grúa 17
209359;SIL1_SPP_04_17_03_A;SIL1 Entrada grúa 17
209363;SIL1_SPP_04_18_02_A;SIL1 Entrada grúa 18
209364;SIL1_ESC_04_18_02_A;SIL1 Entrada grúa 18
209365;SIL1_SPP_04_18_03_A;SIL1 Entrada grúa 18
209371;SIL1_GGC_04_25_04_A;SIL1 Loop de entrada
209372;SIL1_GGC_04_25_03_A;SIL1 Loop de entrada
209373;SIL1_GGC_04_25_02_A;SIL1 Loop de entrada
209375;SIL1_GGC_04_25_99_A;SIL1 Loop de entrada
209384;SIL1_ESC_04_20_03_A;SIL1 Loop de entrada
209385;SIL1_GGC_04_20_02_A;SIL1 Loop de entrada
209386;SIL1_GGC_04_20_01_A;SIL1 Loop de entrada
209396;CNX2_GGC_34_02_05_B;CNX2 Rechazo salida silos
209408;CNX2_GGC_34_01_12_B;CNX2 Cross dock 1
209409;CNX2_GGC_34_01_13_B;CNX2 Cross dock 1
209410;CNX2_ESC_34_01_13_B;CNX2 Cross dock 1
209416;CNX2_ESC_38_01_02_B;CNX2 Principal silo
209430;CNX2_GG_01_05_02_C;CNX2 Principal silo
209431;CNX2_GG_01_05_03_C;CNX2 Principal silo
209432;CNX2_GG_01_05_04_C;CNX2 Principal silo
209433;CNX2_KK_01_05_05_C;CNX2 Principal silo
209438;CNX2_ESC_38_04_04_B;CNX2 Principal silo
209439;CNX2_GGC_38_04_05_B;CNX2 Principal silo
209441;CNX2_GG_38_04_07_B;CNX2 Principal silo
209442;CNX2_GG_38_04_08_B;CNX2 Principal silo
209452;CNX2_KK_08_02_15_A;CNX2 Principal silo
209453;CNX2_RSPN_08_02_16_A;CNX2 Principal silo
209454;CNX2_TE_08_02_17_A;CNX2 Principal silo
209458;CNX2_ESC_38_02_02_B;CNX2 Rechazo IDs
209468;CNX2_KK_38_05_03_B;CNX2 Subida manual
209476;CNX2_KK_38_11_03_B;CNX2 Rechazo entrada silo 2
209482;CNX2_GGC_38_06_03_B;CNX2 Desvío PLM2
209484;CNX2_ESC_38_06_04_B;CNX2 Desvío PLM2
209485;CNX2_GG_38_06_05_B;CNX2 Desvío PLM2
209486;CNX2_GG_38_06_06_B;CNX2 Desvío PLM2
209496;CNX2_GGC_34_01_02_B;CNX2 Cross dock 1 Salida silo 1
209498;CNX2_GGC_34_01_04_B;CNX2 Cross dock 1 Salida silo 1
209502;CNX2_GGC_35_02_02_B;CNX2 Cross dock 1 Salida silo 2
209511;CNX2_GGC_35_01_02_B;CNX2 Salida silo 2
209516;CNX2_GG_35_01_07_B;CNX2 Salida silo 2
209517;CNX2_GG_35_01_08_B;CNX2 Salida silo 2
209524;CNX2_KK_38_03_03_B;CNX2 Línea precintado 01
209565;RFID1_002_02_01_04;RFID1 Loop RFID 01
209568;RFID1_002_02_01_05;RFID1 Loop RFID 01
209573;RFID1_002_02_01_07;RFID1 Loop RFID 01
209576;RFID1_GR_02_11_10;RFID1 Loop RFID 01
209581;RFID1_GR_02_14_01;RFID1 Loop RFID 01
209582;RFID1_GR_02_14_02;RFID1 Loop RFID 01
209589;RFID2_002_01_01_04;RFID2 Loop RFID 02
209591;RFID2_ESC_01_01_05;RFID2 Loop RFID 02
209595;RFID2_ESC_01_01_07;RFID2 Loop RFID 02
209602;RFID2_GR_01_14_01;RFID2 Loop RFID 02
209603;RFID2_GR_01_14_02;RFID2 Loop RFID 02
209607;IND1_GGC_10_01_13_A;IND1 Colector de entrada inducciones 01
209609;IND1_ESC_10_01_14_A;IND1 Colector de entrada inducciones 01
209631;IND1_GGC_10_01_38_A;IND1 Colector de entrada inducciones 01
209632;IND1_KK_10_01_39_A;IND1 Colector de entrada inducciones 01
209633;IND1_GGC_10_01_40_A;IND1 Colector de entrada inducciones 01
209637;IND1_SWD_10_01_01_A;IND1 Colector de entrada inducciones 01
209643;IND1_ESC_15_01_04_A;IND1 Colector de salida inducciones 01
209657;IND1_ESC_11_01_02_A;IND1 Entrada inducción 01
209659;IND1_GGC_11_01_05_A;IND1 Entrada inducción 01
209660;IND1_KK_11_01_06_A;IND1 Entrada inducción 01
209664;IND1_ESC_11_02_02_A;IND1 Entrada inducción 02
209666;IND1_GGC_11_02_05_A;IND1 Entrada inducción 02
209667;IND1_KK_11_02_06_A;IND1 Entrada inducción 02
209673;IND1_ESC_11_03_02_A;IND1 Entrada inducción 03
209675;IND1_GGC_11_03_05_A;IND1 Entrada inducción 03
209676;IND1_KK_11_03_06_A;IND1 Entrada inducción 03
209682;IND1_ESC_11_04_02_A;IND1 Entrada inducción 04
209684;IND1_GGC_11_04_05_A;IND1 Entrada inducción 04
209685;IND1_KK_11_04_06_A;IND1 Entrada inducción 04
209691;IND1_ESC_11_05_02_A;IND1 Entrada inducción 05
209693;IND1_GGC_11_05_05_A;IND1 Entrada inducción 05
209694;IND1_KK_11_05_06_A;IND1 Entrada inducción 05
209700;IND1_ESC_11_06_02_A;IND1 Entrada inducción 06
209702;IND1_GGC_11_06_05_A;IND1 Entrada inducción 06
209703;IND1_KK_11_06_06_A;IND1 Entrada inducción 06
209709;IND1_ESC_11_07_02_A;IND1 Entrada inducción 07
209711;IND1_GGC_11_07_05_A;IND1 Entrada inducción 07
209712;IND1_KK_11_07_06_A;IND1 Entrada inducción 07
209718;IND1_ESC_11_08_02_A;IND1 Entrada inducción 08
209720;IND1_GGC_11_08_05_A;IND1 Entrada inducción 08
209721;IND1_KK_11_08_06_A;IND1 Entrada inducción 08
209727;IND1_ESC_11_09_02_A;IND1 Entrada inducción 09
209729;IND1_GGC_11_09_05_A;IND1 Entrada inducción 09
209730;IND1_KK_11_09_06_A;IND1 Entrada inducción 09
209736;IND1_ESC_11_10_02_A;IND1 Entrada inducción 10
209738;IND1_GGC_11_10_05_A;IND1 Entrada inducción 10
209739;IND1_KK_11_10_06_A;IND1 Entrada inducción 10
209744;IND2_GGC_10_01_43_A;IND2 Colector de entrada inducciones 02
209745;IND2_KK_10_01_44_A;IND2 Colector de entrada inducciones 02
209746;IND2_GGC_10_01_45_A;IND2 Colector de entrada inducciones 02
209748;IND2_ESC_10_01_46_A;IND2 Colector de entrada inducciones 02
209770;IND2_GGC_10_01_68_A;IND2 Colector de entrada inducciones 02
209771;IND2_KK_10_01_69_A;IND2 Colector de entrada inducciones 02
209775;IND2_GGC_10_01_11_A;IND2 Colector de entrada inducciones 02
209776;IND2_KK_10_01_12_A;IND2 Colector de entrada inducciones 02
209783;IND2_ESC_15_01_16_A;IND2 Colector de salida inducciones 02
209784;IND2_GGC_15_01_17_A;IND2 Colector de salida inducciones 02
209786;IND2_KK_15_01_19_A;IND2 Colector de salida inducciones 02
209798;IND2_GGC_12_01_05_A;IND2 Entrada inducción 12
209799;IND2_KK_12_01_06_A;IND2 Entrada inducción 12
283033;IND2_ESC_12_02_02_A;IND2 Entrada inducción 12
209806;IND2_GGC_12_02_05_A;IND2 Entrada inducción 13
209807;IND2_KK_12_02_06_A;IND2 Entrada inducción 13
283034;IND2_ESC_12_03_02_A;IND2 Entrada inducción 13
209814;IND2_GGC_12_03_05_A;IND2 Entrada inducción 14
209815;IND2_KK_12_03_06_A;IND2 Entrada inducción 14
283035;IND2_ESC_12_04_02_A;IND2 Entrada inducción 14
209822;IND2_GGC_12_04_05_A;IND2 Entrada inducción 15
209823;IND2_KK_12_04_06_A;IND2 Entrada inducción 15
283036;IND2_ESC_12_05_02_A;IND2 Entrada inducción 15
209830;IND2_GGC_12_05_05_A;IND2 Entrada inducción 16
209831;IND2_KK_12_05_06_A;IND2 Entrada inducción 16
209832;IND2_RSPN_12_05_07_A;IND2 Entrada inducción 16
283037;IND2_ESC_12_06_02_A;IND2 Entrada inducción 16
209838;IND2_GGC_12_06_05_A;IND2 Entrada inducción 17
209839;IND2_KK_12_06_06_A;IND2 Entrada inducción 17
283038;IND2_ESC_12_07_02_A;IND2 Entrada inducción 17
209846;IND2_GGC_12_07_05_A;IND2 Entrada inducción 18
209847;IND2_KK_12_07_06_A;IND2 Entrada inducción 18
283039;IND2_ESC_12_08_02_A;IND2 Entrada inducción 18
209854;IND2_GGC_12_08_05_A;IND2 Entrada inducción 19
209855;IND2_KK_12_08_06_A;IND2 Entrada inducción 19
283040;IND2_ESC_12_09_02_A;IND2 Entrada inducción 19
209862;IND2_GGC_12_09_05_A;IND2 Entrada inducción 20
209863;IND2_KK_12_09_06_A;IND2 Entrada inducción 20
283041;IND2_ESC_12_10_02_A;IND2 Entrada inducción 20
209870;IND2_GGC_12_10_05_A;IND2 Entrada inducción 21
209871;IND2_KK_12_10_06_A;IND2 Entrada inducción 21
209876;PLM2_TBC_03_02_09_D;PLM2 Colector sorter 1 y sorter 2
209877;PLM2_GGC_09_30_01_B;PLM2 Colector sorter 1 y sorter 2
209878;PLM2_GGC_09_30_02_B;PLM2 Colector sorter 1 y sorter 2
209879;PLM2_ESC_09_30_02_B;PLM2 Colector sorter 1 y sorter 2
209882;PLM2_GGC_09_30_03_B;PLM2 Colector sorter 1 y sorter 2
209883;PLM2_GGC_09_30_04_B;PLM2 Colector sorter 1 y sorter 2
209884;PLM2_GGC_09_30_05_B;PLM2 Colector sorter 1 y sorter 2
209885;PLM2_GGC_09_30_06_B;PLM2 Colector sorter 1 y sorter 2
209886;PLM2_GGC_09_30_07_B;PLM2 Colector sorter 1 y sorter 2
209889;PLM2_ESC_09_30_09_B;PLM2 Colector sorter 1 y sorter 2
209891;PLM2_GGC_88_00_08_D;PLM2 Colector sorter 1 y sorter 2
209897;PLM2_GGC_09_31_04_C;PLM2 Colector sorter 3
209898;PLM2_GGC_09_31_05_C;PLM2 Colector sorter 3
209900;PLM2_GGC_09_31_07_C;PLM2 Colector sorter 3
209901;PLM2_RSPN_09_31_08_C;PLM2 Colector sorter 3
209904;PLM2_GGC_09_02_03_B;PLM2 Retorno pulmón
209906;PLM2_GGC_09_02_05_B;PLM2 Retorno pulmón
209913;PLM2_GGC_09_03_02_B;PLM2 Línea 01
209914;PLM2_GGC_09_03_03_B;PLM2 Línea 01
209953;PLM2_ESC_09_09_04_B;PLM2 Línea 07
210025;PLM2_ESC_09_01_03_B;PLM2 Colector de entrada
210027;PLM2_ESC_09_01_04_B;PLM2 Colector de entrada
210058;SHU1_ESC_01_01_21_D;SHU1 Loop de entrada shuttle 1
210074;SHU1_KK_01_01_13_D;SHU1 Loop de entrada shuttle 1
210075;SHU1_RA_01_01_14_D;SHU1 Loop de entrada shuttle 1
210076;SHU1_KK_01_01_15_D;SHU1 Loop de entrada shuttle 1
210078;SHU1_ESC_01_01_25_E;SHU1 Loop de entrada shuttle 1
210087;SHU1_GG_02_01_06_E;SHU1 Colector salida shuttle 1
210088;SHU1_GGC_02_01_01_D;SHU1 Colector salida shuttle 1
210089;SHU1_GGC_02_01_02_D;SHU1 Colector salida shuttle 1
210090;SHU1_ESC_02_01_02_D;SHU1 Colector salida shuttle 1
210100;SHU1_ESC_01_02_04_D;SHU1 Entrada pasillo 01 derecha
210107;SHU1_ESC_01_03_04_D;SHU1 Entrada pasillo 01 izquierda
210114;SHU1_ESC_01_04_04_D;SHU1 Entrada pasillo 02 derecha
210121;SHU1_ESC_01_05_04_D;SHU1 Entrada pasillo 02 izquierda
210128;SHU1_ESC_01_06_04_D;SHU1 Entrada pasillo 03 derecha
210135;SHU1_ESC_01_07_04_D;SHU1 Entrada pasillo 03 izquierda
210142;SHU1_ESC_01_08_04_D;SHU1 Entrada pasillo 04 derecha
210149;SHU1_ESC_01_09_04_D;SHU1 Entrada pasillo 04 izquierda
210156;SHU1_ESC_01_10_04_D;SHU1 Entrada pasillo 05 derecha
210163;SHU1_ESC_01_11_04_D;SHU1 Entrada pasillo 05 izquierda
210228;SHU1_GGC_08_01_03_D;SHU1 Bypass retorno loop entrada
210240;SHU2_ESC_01_01_31_D;SHU2 Loop de entrada shuttle 2
210259;SHU2_ESC_01_01_49_D;SHU2 Loop de entrada shuttle 2
210269;SHU2_GGC_02_01_10_E;SHU2 Colector salida shuttle 2
210270;SHU2_GGC_02_01_11_E;SHU2 Colector salida shuttle 2
210275;SHU2_ESC_04_01_04_D;SHU2 Colector salida shuttle 2
210278;SHU2_GGC_04_01_07_E;SHU2 Colector salida shuttle 2
210279;SHU2_ESC_04_01_07_D;SHU2 Colector salida shuttle 2
210286;SHU2_GGC_04_01_14_E;SHU2 Colector salida shuttle 2
210287;SHU2_GGC_04_01_15_E;SHU2 Colector salida shuttle 2
210291;SHU2_GGC_04_01_19_E;SHU2 Colector salida shuttle 2
210292;SHU2_GGC_03_20_01_K;SHU2 Colector salida shuttle 2
210293;SHU2_ESC_03_20_01_K;SHU2 Colector salida shuttle 2
210294;SHU2_RAS_03_20_02_K;SHU2 Colector salida shuttle 2
210296;SHU2_GGC_04_01_21_E;SHU2 Colector salida shuttle 2
210306;SHU2_GGC_03_01_03_E;SHU2 Bypass retorno loop entrada
210314;SHU2_ESC_01_21_04_E;SHU2 Entrada pasillo 06 derecha
210315;SHU2_GCA_01_21_06_E;SHU2 Entrada pasillo 06 derecha
210321;SHU2_ESC_01_20_04_E;SHU2 Entrada pasillo 06 izquierda
210322;SHU2_GCA_01_20_06_E;SHU2 Entrada pasillo 06 izquierda
210328;SHU2_ESC_01_19_04_E;SHU2 Entrada pasillo 07 derecha
210329;SHU2_GCA_01_19_06_E;SHU2 Entrada pasillo 07 derecha
210335;SHU2_ESC_01_18_04_E;SHU2 Entrada pasillo 07 izquierda
210336;SHU2_GCA_01_18_06_E;SHU2 Entrada pasillo 07 izquierda
210342;SHU2_ESC_01_17_04_E;SHU2 Entrada pasillo 08 derecha
210343;SHU2_GCA_01_17_06_E;SHU2 Entrada pasillo 08 derecha
210349;SHU2_ESC_01_16_04_E;SHU2 Entrada pasillo 08 izquierda
210350;SHU2_GCA_01_16_06_E;SHU2 Entrada pasillo 08 izquierda
210356;SHU2_ESC_01_15_04_E;SHU2 Entrada pasillo 09 derecha
210357;SHU2_GCA_01_15_06_E;SHU2 Entrada pasillo 09 derecha
210363;SHU2_ESC_01_14_04_E;SHU2 Entrada pasillo 09 izquierda
210364;SHU2_GCA_01_14_06_E;SHU2 Entrada pasillo 09 izquierda
210370;SHU2_ESC_01_13_04_E;SHU2 Entrada pasillo 10 derecha
210371;SHU2_GCA_01_13_06_E;SHU2 Entrada pasillo 10 derecha
210377;SHU2_ESC_01_12_04_E;SHU2 Entrada pasillo 10 izquierda
210378;SHU2_GCA_01_12_06_E;SHU2 Entrada pasillo 10 izquierda
210384;SHU2_TE_02_21_05_E;SHU2 Salida pasillo 06 derecha
210390;SHU2_TE_02_20_05_E;SHU2 Salida pasillo 06 izquierda
210396;SHU2_TE_02_19_05_E;SHU2 Salida pasillo 07 derecha
210402;SHU2_TE_02_18_05_E;SHU2 Salida pasillo 07 izquierda
210408;SHU2_TE_02_17_05_E;SHU2 Salida pasillo 08 derecha
210414;SHU2_TE_02_16_05_E;SHU2 Salida pasillo 08 izquierda
210420;SHU2_TE_02_15_05_E;SHU2 Salida pasillo 09 derecha
210426;SHU2_TE_02_14_05_E;SHU2 Salida pasillo 09 izquierda
210432;SHU2_TE_02_13_05_E;SHU2 Salida pasillo 10 derecha
210438;SHU2_TE_02_12_05_E;SHU2 Salida pasillo 10 izquierda
210460;SHU2_GGC_04_02_06_E;SHU2 Línea suministro sorter 04 y 05
210462;SHU2_LRC_45_01_01;SHU2 Línea suministro sorter 04 y 05
210463;SHU2_BF_45_01_02;SHU2 Línea suministro sorter 04 y 05
210464;SHU2_LRJ400_45_01_03;SHU2 Línea suministro sorter 04 y 05
210472;IND4_GGC_20_01_04_B;IND4 Línea abridora sorter 02
210475;IND4_GGC_20_01_06_C;IND4 Línea abridora sorter 02
210489;IND4_ESC_22_01_02_B;IND4 Entrada inducción 13
210491;IND4_GGC_22_01_05_B;IND4 Entrada inducción 13
210492;IND4_KK_22_01_06_B;IND4 Entrada inducción 13
210498;IND4_ESC_22_02_02_B;IND4 Entrada inducción 14
210500;IND4_GGC_22_02_05_B;IND4 Entrada inducción 14
210501;IND4_KK_22_02_06_B;IND4 Entrada inducción 14
210507;IND4_ESC_22_03_02_B;IND4 Entrada inducción 15
210509;IND4_GGC_22_03_05_B;IND4 Entrada inducción 15
210510;IND4_KK_22_03_06_B;IND4 Entrada inducción 15
210516;IND4_ESC_22_04_02_B;IND4 Entrada inducción 16
210518;IND4_GGC_22_04_05_B;IND4 Entrada inducción 16
210519;IND4_KK_22_04_06_B;IND4 Entrada inducción 16
210525;IND4_ESC_22_05_02_B;IND4 Entrada inducción 17
210527;IND4_GGC_22_05_05_B;IND4 Entrada inducción 17
210528;IND4_KK_22_05_06_B;IND4 Entrada inducción 17
210534;IND4_ESC_22_06_02_B;IND4 Entrada inducción 18
210536;IND4_GGC_22_06_05_B;IND4 Entrada inducción 18
210537;IND4_KK_22_06_06_B;IND4 Entrada inducción 18
210543;IND4_ESC_22_07_02_B;IND4 Entrada inducción 19
210545;IND4_GGC_22_07_05_B;IND4 Entrada inducción 19
210546;IND4_KK_22_07_06_B;IND4 Entrada inducción 19
210552;IND4_ESC_22_08_02_B;IND4 Entrada inducción 20
210554;IND4_GGC_22_08_05_B;IND4 Entrada inducción 20
210555;IND4_KK_22_08_06_B;IND4 Entrada inducción 20
210561;IND4_ESC_22_09_02_B;IND4 Entrada inducción 21
210563;IND4_GGC_22_09_05_B;IND4 Entrada inducción 21
210564;IND4_KK_22_09_06_B;IND4 Entrada inducción 21
210570;IND4_ESC_22_10_02_B;IND4 Entrada inducción 22
210572;IND4_GGC_22_10_05_B;IND4 Entrada inducción 22
210573;IND4_KK_22_10_06_B;IND4 Entrada inducción 22
210579;IND4_ESC_22_11_02_B;IND4 Entrada inducción 23
210581;IND4_GGC_22_11_05_B;IND4 Entrada inducción 23
210582;IND4_KK_22_11_06_B;IND4 Entrada inducción 23
210588;IND4_ESC_22_12_02_B;IND4 Entrada inducción 24
210590;IND4_GGC_22_12_05_B;IND4 Entrada inducción 24
210591;IND4_KK_22_12_06_B;IND4 Entrada inducción 24
210599;IND4_ESC_20_02_42_B;IND4 Colector de entrada inducciones 04
210604;IND4_GGC_20_02_47_B;IND4 Colector de entrada inducciones 04
210612;IND4_GGC_20_02_55_B;IND4 Colector de entrada inducciones 04
210614;IND4_GGC_20_02_57_B;IND4 Colector de entrada inducciones 04
210616;IND4_GGC_20_02_59_B;IND4 Colector de entrada inducciones 04
210625;IND4_GGC_20_02_68_B;IND4 Colector de entrada inducciones 04
210626;IND4_KK_20_02_69_B;IND4 Colector de entrada inducciones 04
210637;IND4_ESC_25_01_21_B;IND4 Colector de salida inducciones 04
210640;IND4_GG_25_01_24_B;IND4 Colector de salida inducciones 04
210650;PLM1_GGC_08_10_02_A;PLM1 Línea 01
210787;PLM1_GG_08_40_09_A;PLM1 Línea abridora sorter 01
210788;PLM1_GG_08_40_10_A;PLM1 Línea abridora sorter 01
210790;PLM1_GG_09_30_10_B;PLM1 Línea abridora sorter 01
210791;PLM1_GG_09_30_11_B;PLM1 Línea abridora sorter 01
210792;PLM1_DHDM_04_01_01_c;PLM1 Línea abridora sorter 01
210795;PLM1_GGC_10_01_03_A;PLM1 Línea abridora sorter 01
210799;PLM1_GGC_10_01_05_C;PLM1 Línea abridora sorter 01
210803;PLM1_ESC_08_01_01_A;PLM1 Loop
210805;PLM1_ESC_08_01_02_A;PLM1 Loop
210846;PLM1_ESC_08_02_03_A;PLM1 Loop
210853;PLM1_GGC_08_40_01_A;PLM1 Colector salida
210854;PLM1_GGC_08_40_02_A;PLM1 Colector salida
210855;PLM1_GGC_08_40_03_A;PLM1 Colector salida
210856;PLM1_GGC_08_40_04_A;PLM1 Colector salida
210857;PLM1_GGC_08_40_05_A;PLM1 Colector salida
210858;PLM1_GGC_08_40_06_A;PLM1 Colector salida
210860;PLM1_ESC_08_40_07_A;PLM1 Colector salida
210861;PLM1_GGC_80_40_08_A;PLM1 Colector salida
210870;VAC3_ESC_20_14_04;VAC3 Entrada manual a sorter
210877;VAC3_ESC_22_32_01;VAC3 Línea de acumulación
210897;VAC3_ESC_22_03_09;VAC3 Línea retorno cajas vacías
210916;VAC3_ESC_22_22_10;VAC3 Línea retorno cajas vacías
210951;VAC3_ESC_23_03_09;VAC3 Línea retorno cajas vacías
210990;VAC3_TDT_24_33_09_1;VAC3 Línea colocadora 01
211001;VAC3_TDT_24_36_02_1;VAC3 Línea colocadora 02
211020;VAC3_GR_38_11_04;VAC3 Línea picking 01
211021;VAC3_GR_38_11_05;VAC3 Línea picking 01
211026;VAC3_GR_38_12_04;VAC3 Línea picking 02
211027;VAC3_GR_38_12_05;VAC3 Línea picking 02
211037;VAC3_ESC_38_50_04;VAC3 Retorno cross dock 02
239131;VAC3_BRI_23_11_04;VAC3 Briquetadora
211076;VAC3_GR_23_21_04;VAC3 Rechazo 01
211081;VAC3_GR_23_31_04;VAC3 Rechazo 02
211086;VAC3_GR_23_41_04;VAC3 Rechazo 03
211180;VAC3_ESC_20_03_05;VAC3 Línea retorno sorter 04 y 05
211277;CTCV_TACV_POS_853;CTCV 853 Cadena de caja vacía
211279;CTCV_TACV_POS_854;CTCV 854 Cadena de caja vacía
211281;VAC1_GGC_15_01_30_A;VAC1 Retorno silo
211282;VAC1_ESC_15_01_30_A;VAC1 Retorno silo
211283;VAC1_GGC_15_01_31_A;VAC1 Retorno silo
211285;VAC1_KK_15_01_33_A;VAC1 Retorno silo
211286;VAC1_GGC_15_01_34_A;VAC1 Retorno silo
211287;VAC1_ESC_15_01_34_A;VAC1 Retorno silo
211290;VAC1_GGC_15_01_37_A;VAC1 Retorno silo
211293;VAC1_ESC_03_91_05_A;VAC1 Retorno silo
211296;VAC1_GGC_03_91_01_A;VAC1 Retorno silo
211297;VAC1_GG_03_99_01_G;VAC1 Retorno silo
211298;VAC1_ESC_03_99_01_G;VAC1 Retorno silo
211301;VAC1_RM01_03_90_01_B;VAC1 Retorno silo
211302;VAC1_ESC_03_90_02_B;VAC1 Retorno silo
211303;VAC1_MD1500_03_90_03_B;VAC1 Retorno silo
211306;VAC1_RM01_03_90_05_B;VAC1 Retorno silo
211307;VAC1_RM03_03_90_06_B;VAC1 Retorno silo
211308;VAC1_KK_03_90_03_A;VAC1 Retorno silo
211309;VAC1_KK_03_90_04_A;VAC1 Retorno silo
211310;VAC1_GGC_03_90_05_A;VAC1 Retorno silo
211311;VAC1_GGC_03_90_06_A;VAC1 Retorno silo
211317;VAC1_GGC_15_04_02_A;VAC1 Rechazo
211319;VAC1_GGC_40_05_01_A;VAC1 Línea manual de entradas
211323;VAC1_ESC_40_05_04_A;VAC1 Línea manual de entradas
211324;VAC1_APL_40_05_05_A;VAC1 Línea manual de entradas
211325;VAC1_GGC_40_05_06_A;VAC1 Línea manual de entradas
211326;VAC1_KK_40_05_07_A;VAC1 Línea manual de entradas
211327;VAC1_GGC_40_05_08_A;VAC1 Línea manual de entradas
211328;VAC1_RSPN_40_05_09_A;VAC1 Línea manual de entradas
211333;VAC1_RSPN_40_01_01_A;VAC1 Línea entrada manual 01
211334;VAC1_KK_40_01_03_A;VAC1 Línea entrada manual 01
211337;VAC1_RSPN_40_02_01_A;VAC1 Línea entrada manual 02
211338;VAC1_KK_40_02_03_A;VAC1 Línea entrada manual 02
211350;VAC1_GGC_18_04_01_I;VAC1 Línea colocadora
211361;VAC1_ESC_18_03_09_I;VAC1 Línea vacías
211363;VAC1_GGC_18_03_07_I;VAC1 Línea vacías
211380;VAC1_GGC_16_01_04_A;VAC1 Línea vacías
211386;VAC1_TGF_16_02_02_A;VAC1 Línea vacías 01
211389;VAC1_TGF_16_03_02_A;VAC1 Línea vacías 02
211392;VAC1_TGF_16_04_02_A;VAC1 Línea vacías 03
211395;VAC1_TGF_16_05_02_A;VAC1 Línea vacías 04
211398;VAC1_TGF_16_16_02_A;VAC1 Línea vacías 05
211401;CTCV_TACV_POS_855;CTCV 855 Cadena de caja vacía
211403;CTCV_TACV_POS_856;CTCV 856 Cadena de caja vacía
211406;VAC2_TERK_25_03_15_B;VAC2 Retorno silo
211410;VAC2_ESC_25_03_14_B;VAC2 Retorno silo
211412;VAC2_KK_25_03_12_B;VAC2 Retorno silo
211414;VAC2_GGC_25_03_20_B;VAC2 Retorno silo
211416;VAC2_ESC_25_03_11_B;VAC2 Retorno silo
211418;VAC2_PUP_06_02_02_D;VAC2 Retorno silo
211419;VAC2_GGC_25_03_10_B;VAC2 Retorno silo
211420;VAC2_ESC_25_03_10_B;VAC2 Retorno silo
211421;VAC2_GGC_25_03_09_B;VAC2 Retorno silo
211422;VAC2_KK_25_03_08_B;VAC2 Retorno silo
211423;VAC2_GGC_25_03_07_B;VAC2 Retorno silo
211428;VAC2_ESC_25_03_03_B;VAC2 Retorno silo
211439;VAC2_GGC_18_02_01_I;VAC2 Línea colocadora
211446;VAC2_GGC_25_15_01_B;VAC2 Rechazo
211447;VAC2_KK_25_15_02_B;VAC2 Rechazo
211448;VAC2_GGC_25_15_03_B;VAC2 Rechazo
211449;VAC2_KK_25_15_04_B;VAC2 Rechazo
211450;VAC2_GGC_25_15_05_B;VAC2 Rechazo
211451;VAC2_GGC_25_15_06_B;VAC2 Rechazo
211452;VAC2_GGC_25_15_07_B;VAC2 Rechazo
211455;VAC2_RSPN_50_02_07_K;VAC2 Retorno silo entre pulmones
211456;VAC2_GGC_50_02_02_K;VAC2 Retorno silo entre pulmones
211457;VAC2_KK_50_02_03_K;VAC2 Retorno silo entre pulmones
211458;VAC2_GGC_50_02_04_K;VAC2 Retorno silo entre pulmones
211459;VAC2_RSPN_50_02_05_K;VAC2 Retorno silo entre pulmones
211460;VAC2_KA_50_02_06_K;VAC2 Retorno silo entre pulmones
211464;VAC2_ESC_18_01_00_I;VAC2 Línea vacías
211465;VAC2_GGC_18_01_01_I;VAC2 Línea vacías
211467;VAC2_GGC_26_01_05_B;VAC2 Línea vacías
211468;VAC2_ESC_26_01_05_B;VAC2 Línea vacías
211470;VAC2_GGC_26_01_08_B;VAC2 Línea vacías
211471;VAC2_GGC_26_01_09_B;VAC2 Línea vacías
211473;VAC2_GGC_26_01_11_B;VAC2 Línea vacías
211475;VAC2_GGC_26_01_13_B;VAC2 Línea vacías
211477;VAC2_GGC_18_01_02_I;VAC2 Línea vacías
211478;VAC2_SWD_26_01_15_B;VAC2 Línea vacías
211480;VAC2_GGC_18_01_04_I;VAC2 Línea vacías
211483;VAC2_ESC_18_01_06_I;VAC2 Línea vacías
211487;VAC2_TGF_26_02_02_B;VAC2 Línea vacías 01
211490;VAC2_TGF_26_03_02_B;VAC2 Línea vacías 02
211493;VAC2_TGF_26_04_02_B;VAC2 Línea vacías 03
211496;VAC2_TGF_26_05_02_B;VAC2 Línea vacías 04
211499;VAC2_TGF_26_06_02_B;VAC2 Línea vacías 05
211502;CTCV1_TACV_01;CTCV1 Cadena de caja vacía
211504;CTCV1_TACV_02;CTCV2 Cadena de caja vacía
211506;CTCV_CUE_853;CTCV 853 Cuadro eléctrico
211508;CTCV_CUE_854;CTCV 854 Cuadro eléctrico
211510;CTCV_CUE_855;CTCV 855 Cuadro eléctrico
211512;CTCV_CUE_856;CTCV 856 Cuadro eléctrico
211514;CTCV1_CUE_1;CTCV1 Cuadro eléctrico
211554;CNX5_ESC_06_03_16_D;CNX5 Colector salida cerradoras-shuttle
211559;CNX5_GGC_06_03_20_D;CNX5 Colector salida cerradoras-shuttle
211573;CNX5_GGC_06_01_10_D;CNX5 Línea entrada cerradoras - shuttle
211574;CNX5_GGC_06_01_11_D;CNX5 Línea entrada cerradoras - shuttle
211578;CNX5_GGC_06_01_22_D;CNX5 Línea entrada cerradoras - shuttle
211581;CNX5_ESC_06_01_24_D;CNX5 Línea entrada cerradoras - shuttle
211594;CNX6_GGC_05_06_02_E;CNX5 Línea Bypass a CNX6
211722;SIL2_RA_07_20_06_B;SIL2 Colector salida
211919;SIL3_ESC_26_01_44;SIL3 Retorno Ids
211972;SIL3_ESC_11_01_20;SIL3 Colector de salida 1 - 10
211978;SIL3_ESC_11_11_02;SIL3 Colector de salida 1 - 10
211984;SIL3_PUP_11_11_06_2;SIL3 Colector de salida 1 - 10
212006;SIL3_ESC_11_02_18;SIL3 Colector de salida 11 - 20
212078;PLM3_LRJ024_14_14_03;PLM3 Línea 02
212266;PLM3_ESC_12_31_06;PLM3 Línea principal pulmón
212273;PLM3_ESC_12_33_01;PLM3 Línea principal pulmón
212316;PLM3_ESC_12_41_12;PLM3 Línea directa sorter + loop
212342;PLM3_ESC_15_10_05;PLM3 Línea directa sorter + loop
212347;PLM3_PUP_15_10_07_3;PLM3 Línea directa sorter + loop
212363;PLM3_ESC_13_01_10;PLM3 Loop pulmón 3
212443;PLM3_ESC_51_01_01;PLM3 Bypass salida pulmón
212484;PLM3_ESC_25_04_07;PLM3 Retorno silo 3
212494;PLM3_PUP_25_03_26_1;PLM3 Retorno silo 3
212497;PLM3_ESC_25_03_23;PLM3 Retorno silo 3
212506;PLM3_BF_25_03_14;PLM3 Retorno silo 3
212560;PLM3_ESC_46_01_01;PLM3 Cross dock 2
212565;PLM3_PUP_46_01_05_1;PLM3 Cross dock 2
212575;PLM3_LRC_25_12_02;PLM3 Bypass retorno cross dock 2
212576;PLM3_LRC_25_12_03;PLM3 Bypass retorno cross dock 2
212607;CNX6_GGC_05_05_02_E;CNX6 Línea Bypass CNX5
212608;CNX6_GGC_05_05_03_E;CNX6 Línea Bypass CNX5
212609;CNX6_GGC_05_05_04_E;CNX6 Línea Bypass CNX5
212612;CNX5_TE_05_05_07_E;CNX6 Línea Bypass CNX5
212615;CNX6_ESC_05_01_01_G;CNX6 Retorno shuttle
212622;CNX6_GGC_05_01_08_E;CNX6 Retorno shuttle
212625;CNX6_GGC_05_01_11_E;CNX6 Retorno shuttle
212643;CNX6_ESC_05_01_27_E;CNX6 Colector salida cerradoras-shuttle
212648;CNX6_GGC_05_01_31_E;CNX6 Colector salida cerradoras-shuttle
212650;CNX6_GGC_05_01_38_E;CNX6 Colector salida cerradoras-shuttle
212653;CNX6_GGC_05_01_40_E;CNX6 Colector salida cerradoras-shuttle
212788;PLM4_ESC_42_01_05;PLM4 Loop de entrada pulmón 4
212815;PLM4_ESC_44_01_04;PLM4 Salida pulmón 4
212846;IND5_ESC_02_01_01_C;IND5 Loop de entrada
212862;IND5_ESC_02_01_15_C;IND5 Loop de entrada
212872;IND5_GGC_02_01_24_C;IND5 Loop de entrada
212874;IND5_GGC_02_01_26_C;IND5 Loop de entrada
212881;IND5_KK_02_09_03_C;IND5 Colector de salida 01 a 06
212882;IND5_GGC_02_09_04_C;IND5 Colector de salida 01 a 06
212883;IND5_GGC_02_09_05_C;IND5 Colector de salida 01 a 06
212893;IND5_ESC_02_06_02_C;IND5 Entrada 01
212896;IND5_VLT_02_07_03_C;IND5 Entrada 01
212901;IND5_ESC_02_06_11_C;IND5 Entrada 02
212904;IND5_VLT_02_07_12_C;IND5 Entrada 02
212909;IND5_ESC_02_06_21_C;IND5 Entrada 03
212912;IND5_VLT_02_07_22_C;IND5 Entrada 03
212917;IND5_ESC_02_06_31_C;IND5 Entrada 04
212920;IND5_VLT_02_07_32_C;IND5 Entrada 04
212925;IND5_ESC_02_06_41_C;IND5 Entrada 05
212928;IND5_VLT_02_07_42_C;IND5 Entrada 05
212933;IND5_ESC_02_06_51_C;IND5 Entrada 06
212936;IND5_VLT_02_07_52_C;IND5 Entrada 06
212941;IND5_ESC_02_02_02_C;IND5 Entrada 07
212944;IND5_VLT_02_03_03_C;IND5 Entrada 07
212949;IND5_ESC_02_02_11_C;IND5 Entrada 08
212952;IND5_VLT_02_03_12_C;IND5 Entrada 08
212957;IND5_ESC_02_02_21_C;IND5 Entrada 09
212960;IND5_VLT_02_03_22_C;IND5 Entrada 09
212965;IND5_ESC_02_02_31_C;IND5 Entrada 10
212968;IND5_VLT_02_03_32_C;IND5 Entrada 10
212973;IND5_ESC_02_02_41_C;IND5 Entrada 11
212976;IND5_VLT_02_03_42_C;IND5 Entrada 11
212981;IND5_ESC_02_02_51_C;IND5 Entrada 12
212984;IND5_VLT_02_03_52_C;IND5 Entrada 12
212989;IND5_GGC_02_11_07_C;IND5 Entrada manual principal
212991;IND5_GGC_02_11_09_C;IND5 Entrada manual principal
212994;IND5_GGC_02_11_12_C;IND5 Entrada manual principal
213001;IND5_ESC_02_11_02_C;IND5 Entrada manual 01
213007;IND5_ESC_02_12_02_C;IND5 Entrada manual 02
213013;IND5_ESC_02_13_02_C;IND5 Entrada manual 03
213057;CNX3_GGC_04_01_03_C;CNX3 Línea 1 alimentación sorter 3
213065;CNX3_GGC_04_01_08_C;CNX3 Línea 1 alimentación sorter 3
213076;CNX3_ESC_04_01_18_C;CNX3 Línea 1 alimentación sorter 3
213086;IND5_GGC_02_10_01_C;CNX3 Línea 1 alimentación sorter 3
213090;CNX3_SWD_02_09_09_2;CNX3 Línea de retorno silos
213092;CNX3_ESC_02_09_09_J;CNX3 Línea de retorno silos
213096;CNX3_RAS_04_02_01_C;CNX3 Línea de retorno silos
213099;CNX3_ESC_04_02_03_C;CNX3 Línea de retorno silos
213105;CNX3_KK_04_02_09_C;CNX3 Línea de retorno silos
213106;CNX3_GGC_04_02_10_C;CNX3 Línea de retorno silos
213108;CNX3_ESC_04_02_11_C;CNX3 Línea de retorno silos
213116;CNX3_ESC_04_03_02_C;CNX3 Línea de rechazo
213119;CNX3_ESC_04_03_04_C;CNX3 Línea de rechazo
213122;CNX3_GGC_04_03_22_C;CNX3 Línea de rechazo
213125;CNX3_GGC_M_13_02;CNX3 Línea de retorno multishuttle
213135;CNX3_GGC_04_04_02_C;CNX3 Bypass retorno sorter 3
213143;CNX3_GGC_34_05_06_D;CNX3 Línea 2 alimentación sorter 3
213151;CNX4_GGC_03_01_01_D;CNX4 Línea salida shuttle
213153;CNX4_ESC_03_01_02_D;CNX4 Línea salida shuttle
213154;CNX4_GG_03_10_01_K;CNX4 Línea salida shuttle
213155;CNX4_ESC_03_10_01_K;CNX4 Línea salida shuttle
213156;CNX4_RAS_03_10_02_K;CNX4 Línea salida shuttle
213159;CNX4_ESC_03_01_23_D;CNX4 Línea salida shuttle
213164;CNX4_ESC_03_01_10_D;CNX4 Línea salida shuttle
213167;CNX4_ESC_03_01_12_D;CNX4 Línea salida shuttle
213170;CNX4_GGC_03_01_15_D;CNX4 Línea salida shuttle
213173;CNX4_GGC_03_01_18_D;CNX4 Línea salida shuttle
213174;CNX4_ESC_03_01_18_D;CNX4 Línea salida shuttle
213178;CNX4_ESC_04_01_01_D;CNX4 Línea salida shuttle
213182;CNX4_ESC_04_01_04_D;CNX4 Línea salida shuttle
213190;CNX4_GGC_88_00_04_D;CNX4 Línea salida pulmón 2
213211;CNX4_TE_04_03_05_D;CNX4 Línea entrada pulmón 1
213216;CNX4_ESC_07_01_03_D;CNX4 Línea rechazo silos
213221;CNX4_TE_07_01_08_D;CNX4 Línea rechazo silos
213235;CNX4_GGC_03_02_04_D;CNX4 Línea colectora pulmón 2
213238;CNX4_ESC_03_02_06_D;CNX4 Línea colectora pulmón 2
213247;IND3_ESC_21_01_02_B;IND3 Entrada inducción 01
213250;IND3_KK_21_01_06_B;IND3 Entrada inducción 01
213254;IND3_ESC_21_02_02_B;IND3 Entrada inducción 02
213256;IND3_GGC_21_02_05_B;IND3 Entrada inducción 02
213257;IND3_KK_21_02_06_B;IND3 Entrada inducción 02
213263;IND3_ESC_21_03_02_B;IND3 Entrada inducción 03
213265;IND3_GGC_21_03_05_B;IND3 Entrada inducción 03
213266;IND3_KK_21_03_06_B;IND3 Entrada inducción 03
213272;IND3_ESC_21_04_02_B;IND3 Entrada inducción 04
213274;IND3_GGC_21_04_05_B;IND3 Entrada inducción 04
213275;IND3_KK_21_04_06_B;IND3 Entrada inducción 04
213281;IND3_ESC_21_05_02_B;IND3 Entrada inducción 05
213283;IND3_GGC_21_05_05_B;IND3 Entrada inducción 05
213284;IND3_KK_21_05_06_B;IND3 Entrada inducción 05
213290;IND3_ESC_21_06_02_B;IND3 Entrada inducción 06
213292;IND3_GGC_21_06_05_B;IND3 Entrada inducción 06
213293;IND3_KK_21_06_06_B;IND3 Entrada inducción 06
213299;IND3_ESC_21_07_02_B;IND3 Entrada inducción 07
213301;IND3_GGC_21_07_05_B;IND3 Entrada inducción 07
213302;IND3_KK_21_07_06_B;IND3 Entrada inducción 07
213308;IND3_ESC_21_08_02_B;IND3 Entrada inducción 08
213310;IND3_GGC_21_08_05_B;IND3 Entrada inducción 08
213311;IND3_KK_21_08_06_B;IND3 Entrada inducción 08
213317;IND3_ESC_21_09_02_B;IND3 Entrada inducción 09
213319;IND3_GGC_21_09_05_B;IND3 Entrada inducción 09
213320;IND3_KK_21_09_06_B;IND3 Entrada inducción 09
213326;IND3_ESC_21_10_02_B;IND3 Entrada inducción 10
213328;IND3_GGC_21_10_05_B;IND3 Entrada inducción 10
213329;IND3_KK_21_10_06_B;IND3 Entrada inducción 10
213335;IND3_ESC_21_11_02_B;IND3 Entrada inducción 11
213337;IND3_GGC_21_11_05_B;IND3 Entrada inducción 11
213338;IND3_KK_21_11_06_B;IND3 Entrada inducción 11
213344;IND3_ESC_21_12_02_B;IND3 Entrada inducción 12
213346;IND3_GGC_21_12_05_B;IND3 Entrada inducción 12
213347;IND3_KK_21_12_06_B;IND3 Entrada inducción 12
213351;CNX2_GGC_34_03_01_C;IND3 Cross dock 01 a sorter 02
213368;IND3_ESC_25_01_05_B;IND3 Colector de salida inducciones 03
213371;IND3_GG_25_01_08_B;IND3 Colector de salida inducciones 03
213384;IND3_ESC_20_02_04_B;IND3 Colector de entrada Inducciones 03
213401;IND3_GGC_20_02_21_B;IND3 Colector de entrada Inducciones 03
213411;IND3_KK_20_02_31_B;IND3 Colector de entrada Inducciones 03
213412;IND3_GGC_20_02_32_B;IND3 Colector de entrada Inducciones 03
213415;IND3_ESC_20_02_34_B;IND3 Colector de entrada Inducciones 03
213417;IND3_SWD_20_02_36_B;IND3 Colector de entrada Inducciones 03
213422;IND3_GGC_20_06_02_B;IND3 Bypass entre IND3 y IND1
213435;PLC850_C2H_1;PLC850 Línea formadora
213436;PLC850_RSPN_01;PLC850 Línea formadora
213437;PLC850_TCO_01_01;PLC850 Línea formadora
213438;PLC850_RSPN_02;PLC850 Línea formadora
213441;PLC857_C2H_0_A;PLC857 Línea formadora 01
213442;PLC857_RM01_01_A;PLC857 Línea formadora 01
213443;PLC857_RM03_02_A;PLC857 Línea formadora 01
213445;PLC857_RSPN_01_01_B;PLC857 Línea formadora 01
213446;PLC857_TERK_02_B;PLC857 Línea formadora 01
213447;PLC857_RSPN_03;PLC857 Línea formadora 01
213448;PLC857_TCO_05_C;PLC857 Línea formadora 01
213449;PLC857_RA_05_C;PLC857 Línea formadora 01
213450;PLC857_KK_06_C;PLC857 Línea formadora 01
213451;PLC857_RA_07_C;PLC857 Línea formadora 01
213452;PLC857_CGM_08_C;PLC857 Línea formadora 01
213453;PLC857_RM01_01_D;PLC857 Línea formadora 01
213454;PLC857_TCO_02_D;PLC857 Línea formadora 01
213455;PLC857_RM03_03_D;PLC857 Línea formadora 01
213456;PLC857_RM01_04_D;PLC857 Línea formadora 01
213457;PLC857_CGM_05_D;PLC857 Línea formadora 01
213460;PLC857_RM01_02;PLC857 Línea formadora 02
213461;PLC857_RM01_03;PLC857 Línea formadora 02
213462;PLC857_RM03_04;PLC857 Línea formadora 02
213463;PLC857_RM03_05;PLC857 Línea formadora 02
213464;PLC857_RM01_06;PLC857 Línea formadora 02
213465;PLC857_TCO_07;PLC857 Línea formadora 02
213497;SS1_CUE_1;SS1 Cuadro eléctrico
213500;SS1_ESC_01;SS1 Clasificador
213501;SS1_ESC_02;SS1 Clasificador
213502;SS1_ESC_03;SS1 Clasificador
213503;SS1_ESC_04;SS1 Clasificador
213504;SS1_ESC_05;SS1 Clasificador
213505;SS1_ESC_06;SS1 Clasificador
213506;SS1_ESC_07;SS1 Clasificador
213507;SS1_ESC_08;SS1 Clasificador
213525;SS2_TGF_28;SS2 Grupo de tolvas
213527;SS2_TGF_30;SS2 Grupo de tolvas
213553;SS2_ESC_01;SS2 Clasificador
213565;PS1_CUE_1;PS1 Cuadro eléctrico
213611;PS1_GDD_03;PS1 Grupos de destinos 01
213612;PS1_GDD_04;PS1 Grupos de destinos 01
213613;PS1_GDD_05;PS1 Grupos de destinos 01
213614;PS1_GDD_06;PS1 Grupos de destinos 01
213617;PS1_GDD_09;PS1 Grupos de destinos 01
213618;PS1_GDD_10;PS1 Grupos de destinos 01
213619;PS1_GDD_11;PS1 Grupos de destinos 01
213620;PS1_GDD_12;PS1 Grupos de destinos 01
213621;PS1_GDD_13;PS1 Grupos de destinos 01
213622;PS1_GDD_14;PS1 Grupos de destinos 01
213623;PS1_GDD_15;PS1 Grupos de destinos 01
213624;PS1_GDD_16;PS1 Grupos de destinos 01
213627;PS1_GDD_19;PS1 Grupos de destinos 01
213628;PS1_GDD_20;PS1 Grupos de destinos 01
213629;PS1_GDD_21;PS1 Grupos de destinos 01
213630;PS1_GDD_22;PS1 Grupos de destinos 01
213631;PS1_GDD_23;PS1 Grupos de destinos 01
213632;PS1_GDD_24;PS1 Grupos de destinos 01
213633;PS1_GDD_25;PS1 Grupos de destinos 01
213634;PS1_GDD_26;PS1 Grupos de destinos 01
213637;PS1_GDD_29;PS1 Grupos de destinos 01
213638;PS1_GDD_30;PS1 Grupos de destinos 01
213639;PS1_GDD_31;PS1 Grupos de destinos 01
213640;PS1_GDD_32;PS1 Grupos de destinos 01
213641;PS1_GDD_33;PS1 Grupos de destinos 01
213642;PS1_GDD_34;PS1 Grupos de destinos 01
213643;PS1_GDD_35;PS1 Grupos de destinos 01
213644;PS1_GDD_36;PS1 Grupos de destinos 01
213647;PS1_GDD_39;PS1 Grupos de destinos 01
213648;PS1_GDD_40;PS1 Grupos de destinos 01
213649;PS1_GDD_41;PS1 Grupos de destinos 01
213650;PS1_GDD_42;PS1 Grupos de destinos 01
213651;PS1_GDD_43;PS1 Grupos de destinos 01
213652;PS1_GDD_44;PS1 Grupos de destinos 01
213653;PS1_GDD_45;PS1 Grupos de destinos 01
213654;PS1_GDD_46;PS1 Grupos de destinos 01
213657;PS1_GDD_49;PS1 Grupos de destinos 01
213658;PS1_GDD_50;PS1 Grupos de destinos 01
213659;PS1_GDD_51;PS1 Grupos de destinos 01
213660;PS1_GDD_52;PS1 Grupos de destinos 01
213661;PS1_GDD_53;PS1 Grupos de destinos 01
213662;PS1_GDD_54;PS1 Grupos de destinos 01
213663;PS1_GDD_55;PS1 Grupos de destinos 01
213664;PS1_GDD_56;PS1 Grupos de destinos 01
213667;PS1_GDD_59;PS1 Grupos de destinos 01
213668;PS1_GDD_60;PS1 Grupos de destinos 01
213669;PS1_GDD_61;PS1 Grupos de destinos 01
213670;PS1_GDD_62;PS1 Grupos de destinos 01
213671;PS1_GDD_63;PS1 Grupos de destinos 01
213672;PS1_GDD_64;PS1 Grupos de destinos 01
213673;PS1_GDD_65;PS1 Grupos de destinos 01
213674;PS1_GDD_66;PS1 Grupos de destinos 01
213677;PS1_GDD_69;PS1 Grupos de destinos 01
213678;PS1_GDD_70;PS1 Grupos de destinos 01
213679;PS1_GDD_71;PS1 Grupos de destinos 01
213680;PS1_GDD_72;PS1 Grupos de destinos 01
213681;PS1_GDD_73;PS1 Grupos de destinos 01
213682;PS1_GDD_74;PS1 Grupos de destinos 01
213683;PS1_GDD_75;PS1 Grupos de destinos 01
213684;PS1_GDD_76;PS1 Grupos de destinos 01
213687;PS1_GDD_79;PS1 Grupos de destinos 01
213688;PS1_GDD_80;PS1 Grupos de destinos 01
213689;PS1_GDD_81;PS1 Grupos de destinos 01
213690;PS1_GDD_82;PS1 Grupos de destinos 01
213691;PS1_GDD_83;PS1 Grupos de destinos 01
213692;PS1_GDD_84;PS1 Grupos de destinos 01
213693;PS1_GDD_85;PS1 Grupos de destinos 01
213694;PS1_GDD_86;PS1 Grupos de destinos 01
213697;PS1_GDD_89;PS1 Grupos de destinos 01
213698;PS1_GDD_90;PS1 Grupos de destinos 01
213699;PS1_GDD_91;PS1 Grupos de destinos 01
213700;PS1_GDD_92;PS1 Grupos de destinos 01
213701;PS1_GDD_93;PS1 Grupos de destinos 01
213702;PS1_GDD_94;PS1 Grupos de destinos 01
213703;PS1_GDD_95;PS1 Grupos de destinos 01
213704;PS1_GDD_96;PS1 Grupos de destinos 01
213707;PS1_GDD_99;PS1 Grupos de destinos 01
213708;PS1_GDD_100;PS1 Grupos de destinos 01
213709;PS1_GDD_101;PS1 Grupos de destinos 01
213710;PS1_GDD_102;PS1 Grupos de destinos 01
213711;PS1_GDD_103;PS1 Grupos de destinos 01
213712;PS1_GDD_104;PS1 Grupos de destinos 01
213713;PS1_GDD_105;PS1 Grupos de destinos 01
213714;PS1_GDD_106;PS1 Grupos de destinos 01
213717;PS1_GDD_109;PS1 Grupos de destinos 01
213718;PS1_GDD_110;PS1 Grupos de destinos 01
213719;PS1_GDD_111;PS1 Grupos de destinos 01
213720;PS1_GDD_112;PS1 Grupos de destinos 01
213721;PS1_GDD_113;PS1 Grupos de destinos 01
213722;PS1_GDD_114;PS1 Grupos de destinos 01
213723;PS1_GDD_115;PS1 Grupos de destinos 01
213724;PS1_GDD_116;PS1 Grupos de destinos 01
213727;PS1_GDD_119;PS1 Grupos de destinos 01
213728;PS1_GDD_120;PS1 Grupos de destinos 01
213729;PS1_GDD_121;PS1 Grupos de destinos 01
213730;PS1_GDD_122;PS1 Grupos de destinos 01
213731;PS1_GDD_123;PS1 Grupos de destinos 01
213732;PS1_GDD_124;PS1 Grupos de destinos 01
213733;PS1_GDD_125;PS1 Grupos de destinos 01
213734;PS1_GDD_126;PS1 Grupos de destinos 01
213738;PS1_GDD_129;PS1 Grupos de destinos 02
213739;PS1_GDD_130;PS1 Grupos de destinos 02
213740;PS1_GDD_131;PS1 Grupos de destinos 02
213741;PS1_GDD_132;PS1 Grupos de destinos 02
213742;PS1_GDD_133;PS1 Grupos de destinos 02
213743;PS1_GDD_134;PS1 Grupos de destinos 02
213744;PS1_GDD_135;PS1 Grupos de destinos 02
213745;PS1_GDD_136;PS1 Grupos de destinos 02
213748;PS1_GDD_139;PS1 Grupos de destinos 02
213749;PS1_GDD_140;PS1 Grupos de destinos 02
213750;PS1_GDD_141;PS1 Grupos de destinos 02
213751;PS1_GDD_142;PS1 Grupos de destinos 02
213752;PS1_GDD_143;PS1 Grupos de destinos 02
213753;PS1_GDD_144;PS1 Grupos de destinos 02
213754;PS1_GDD_145;PS1 Grupos de destinos 02
213755;PS1_GDD_146;PS1 Grupos de destinos 02
213758;PS1_GDD_149;PS1 Grupos de destinos 02
213759;PS1_GDD_150;PS1 Grupos de destinos 02
213760;PS1_GDD_151;PS1 Grupos de destinos 02
213761;PS1_GDD_152;PS1 Grupos de destinos 02
213762;PS1_GDD_153;PS1 Grupos de destinos 02
213763;PS1_GDD_154;PS1 Grupos de destinos 02
213764;PS1_GDD_155;PS1 Grupos de destinos 02
213765;PS1_GDD_156;PS1 Grupos de destinos 02
213768;PS1_GDD_159;PS1 Grupos de destinos 02
213769;PS1_GDD_160;PS1 Grupos de destinos 02
213770;PS1_GDD_161;PS1 Grupos de destinos 02
213771;PS1_GDD_162;PS1 Grupos de destinos 02
213772;PS1_GDD_163;PS1 Grupos de destinos 02
213773;PS1_GDD_164;PS1 Grupos de destinos 02
213774;PS1_GDD_165;PS1 Grupos de destinos 02
213775;PS1_GDD_166;PS1 Grupos de destinos 02
213778;PS1_GDD_169;PS1 Grupos de destinos 02
213779;PS1_GDD_170;PS1 Grupos de destinos 02
213780;PS1_GDD_171;PS1 Grupos de destinos 02
213781;PS1_GDD_172;PS1 Grupos de destinos 02
213782;PS1_GDD_173;PS1 Grupos de destinos 02
213783;PS1_GDD_174;PS1 Grupos de destinos 02
213784;PS1_GDD_175;PS1 Grupos de destinos 02
213785;PS1_GDD_176;PS1 Grupos de destinos 02
213788;PS1_GDD_179;PS1 Grupos de destinos 02
213789;PS1_GDD_180;PS1 Grupos de destinos 02
213790;PS1_GDD_181;PS1 Grupos de destinos 02
213791;PS1_GDD_182;PS1 Grupos de destinos 02
213792;PS1_GDD_183;PS1 Grupos de destinos 02
213793;PS1_GDD_184;PS1 Grupos de destinos 02
213794;PS1_GDD_185;PS1 Grupos de destinos 02
213795;PS1_GDD_186;PS1 Grupos de destinos 02
213798;PS1_GDD_189;PS1 Grupos de destinos 02
213799;PS1_GDD_190;PS1 Grupos de destinos 02
213800;PS1_GDD_191;PS1 Grupos de destinos 02
213801;PS1_GDD_192;PS1 Grupos de destinos 02
213802;PS1_GDD_193;PS1 Grupos de destinos 02
213803;PS1_GDD_194;PS1 Grupos de destinos 02
213804;PS1_GDD_195;PS1 Grupos de destinos 02
213805;PS1_GDD_196;PS1 Grupos de destinos 02
213808;PS1_GDD_199;PS1 Grupos de destinos 02
213809;PS1_GDD_200;PS1 Grupos de destinos 02
213810;PS1_GDD_201;PS1 Grupos de destinos 02
213811;PS1_GDD_202;PS1 Grupos de destinos 02
213812;PS1_GDD_203;PS1 Grupos de destinos 02
213813;PS1_GDD_204;PS1 Grupos de destinos 02
213814;PS1_GDD_205;PS1 Grupos de destinos 02
213815;PS1_GDD_206;PS1 Grupos de destinos 02
213818;PS1_GDD_209;PS1 Grupos de destinos 02
213819;PS1_GDD_210;PS1 Grupos de destinos 02
213820;PS1_GDD_211;PS1 Grupos de destinos 02
213821;PS1_GDD_212;PS1 Grupos de destinos 02
213822;PS1_GDD_213;PS1 Grupos de destinos 02
213823;PS1_GDD_214;PS1 Grupos de destinos 02
213824;PS1_GDD_215;PS1 Grupos de destinos 02
213825;PS1_GDD_216;PS1 Grupos de destinos 02
213828;PS1_GDD_219;PS1 Grupos de destinos 02
213829;PS1_GDD_220;PS1 Grupos de destinos 02
213830;PS1_GDD_221;PS1 Grupos de destinos 02
213831;PS1_GDD_222;PS1 Grupos de destinos 02
213832;PS1_GDD_223;PS1 Grupos de destinos 02
213833;PS1_GDD_224;PS1 Grupos de destinos 02
213834;PS1_GDD_225;PS1 Grupos de destinos 02
213835;PS1_GDD_226;PS1 Grupos de destinos 02
213838;PS1_GDD_229;PS1 Grupos de destinos 02
213839;PS1_GDD_230;PS1 Grupos de destinos 02
213840;PS1_GDD_231;PS1 Grupos de destinos 02
213841;PS1_GDD_232;PS1 Grupos de destinos 02
213842;PS1_GDD_233;PS1 Grupos de destinos 02
213843;PS1_GDD_234;PS1 Grupos de destinos 02
213844;PS1_GDD_235;PS1 Grupos de destinos 02
213845;PS1_GDD_236;PS1 Grupos de destinos 02
213848;PS1_GDD_239;PS1 Grupos de destinos 02
213849;PS1_GDD_240;PS1 Grupos de destinos 02
213850;PS1_GDD_241;PS1 Grupos de destinos 02
213851;PS1_GDD_242;PS1 Grupos de destinos 02
213852;PS1_GDD_243;PS1 Grupos de destinos 02
213853;PS1_GDD_244;PS1 Grupos de destinos 02
213854;PS1_GDD_245;PS1 Grupos de destinos 02
213855;PS1_GDD_246;PS1 Grupos de destinos 02
213858;PS1_GDD_249;PS1 Grupos de destinos 02
213859;PS1_GDD_250;PS1 Grupos de destinos 02
213860;PS1_GDD_251;PS1 Grupos de destinos 02
213861;PS1_GDD_252;PS1 Grupos de destinos 02
213865;PS1_GDD_255;PS1 Grupos de destinos 03
213866;PS1_GDD_256;PS1 Grupos de destinos 03
213867;PS1_GDD_257;PS1 Grupos de destinos 03
213868;PS1_GDD_258;PS1 Grupos de destinos 03
213871;PS1_GDD_261;PS1 Grupos de destinos 03
213872;PS1_GDD_262;PS1 Grupos de destinos 03
213873;PS1_GDD_263;PS1 Grupos de destinos 03
213874;PS1_GDD_264;PS1 Grupos de destinos 03
213875;PS1_GDD_265;PS1 Grupos de destinos 03
213876;PS1_GDD_266;PS1 Grupos de destinos 03
213877;PS1_GDD_267;PS1 Grupos de destinos 03
213878;PS1_GDD_268;PS1 Grupos de destinos 03
213881;PS1_GDD_271;PS1 Grupos de destinos 03
213882;PS1_GDD_272;PS1 Grupos de destinos 03
213883;PS1_GDD_273;PS1 Grupos de destinos 03
213884;PS1_GDD_274;PS1 Grupos de destinos 03
213885;PS1_GDD_275;PS1 Grupos de destinos 03
213886;PS1_GDD_276;PS1 Grupos de destinos 03
213887;PS1_GDD_277;PS1 Grupos de destinos 03
213888;PS1_GDD_278;PS1 Grupos de destinos 03
213891;PS1_GDD_281;PS1 Grupos de destinos 03
213892;PS1_GDD_282;PS1 Grupos de destinos 03
213893;PS1_GDD_283;PS1 Grupos de destinos 03
213894;PS1_GDD_284;PS1 Grupos de destinos 03
213895;PS1_GDD_285;PS1 Grupos de destinos 03
213896;PS1_GDD_286;PS1 Grupos de destinos 03
213897;PS1_GDD_287;PS1 Grupos de destinos 03
213898;PS1_GDD_288;PS1 Grupos de destinos 03
213901;PS1_GDD_291;PS1 Grupos de destinos 03
213902;PS1_GDD_292;PS1 Grupos de destinos 03
213903;PS1_GDD_293;PS1 Grupos de destinos 03
213904;PS1_GDD_294;PS1 Grupos de destinos 03
213905;PS1_GDD_295;PS1 Grupos de destinos 03
213906;PS1_GDD_296;PS1 Grupos de destinos 03
213907;PS1_GDD_297;PS1 Grupos de destinos 03
213908;PS1_GDD_298;PS1 Grupos de destinos 03
213911;PS1_GDD_301;PS1 Grupos de destinos 03
213912;PS1_GDD_302;PS1 Grupos de destinos 03
213913;PS1_GDD_303;PS1 Grupos de destinos 03
213914;PS1_GDD_304;PS1 Grupos de destinos 03
213915;PS1_GDD_305;PS1 Grupos de destinos 03
213916;PS1_GDD_306;PS1 Grupos de destinos 03
213917;PS1_GDD_307;PS1 Grupos de destinos 03
213918;PS1_GDD_308;PS1 Grupos de destinos 03
213921;PS1_GDD_311;PS1 Grupos de destinos 03
213922;PS1_GDD_312;PS1 Grupos de destinos 03
213923;PS1_GDD_313;PS1 Grupos de destinos 03
213924;PS1_GDD_314;PS1 Grupos de destinos 03
213925;PS1_GDD_315;PS1 Grupos de destinos 03
213926;PS1_GDD_316;PS1 Grupos de destinos 03
213927;PS1_GDD_317;PS1 Grupos de destinos 03
213928;PS1_GDD_318;PS1 Grupos de destinos 03
213931;PS1_GDD_321;PS1 Grupos de destinos 03
213932;PS1_GDD_322;PS1 Grupos de destinos 03
213933;PS1_GDD_323;PS1 Grupos de destinos 03
213934;PS1_GDD_324;PS1 Grupos de destinos 03
213935;PS1_GDD_325;PS1 Grupos de destinos 03
213936;PS1_GDD_326;PS1 Grupos de destinos 03
213937;PS1_GDD_327;PS1 Grupos de destinos 03
213938;PS1_GDD_328;PS1 Grupos de destinos 03
213941;PS1_GDD_331;PS1 Grupos de destinos 03
213942;PS1_GDD_332;PS1 Grupos de destinos 03
213943;PS1_GDD_333;PS1 Grupos de destinos 03
213944;PS1_GDD_334;PS1 Grupos de destinos 03
213945;PS1_GDD_335;PS1 Grupos de destinos 03
213946;PS1_GDD_336;PS1 Grupos de destinos 03
213947;PS1_GDD_337;PS1 Grupos de destinos 03
213948;PS1_GDD_338;PS1 Grupos de destinos 03
213951;PS1_GDD_341;PS1 Grupos de destinos 03
213952;PS1_GDD_342;PS1 Grupos de destinos 03
213953;PS1_GDD_343;PS1 Grupos de destinos 03
213954;PS1_GDD_344;PS1 Grupos de destinos 03
213955;PS1_GDD_345;PS1 Grupos de destinos 03
213956;PS1_GDD_346;PS1 Grupos de destinos 03
213957;PS1_GDD_347;PS1 Grupos de destinos 03
213958;PS1_GDD_348;PS1 Grupos de destinos 03
213961;PS1_GDD_351;PS1 Grupos de destinos 03
213962;PS1_GDD_352;PS1 Grupos de destinos 03
213963;PS1_GDD_353;PS1 Grupos de destinos 03
213964;PS1_GDD_354;PS1 Grupos de destinos 03
213965;PS1_GDD_355;PS1 Grupos de destinos 03
213966;PS1_GDD_356;PS1 Grupos de destinos 03
213967;PS1_GDD_357;PS1 Grupos de destinos 03
213968;PS1_GDD_358;PS1 Grupos de destinos 03
213971;PS1_GDD_361;PS1 Grupos de destinos 03
213972;PS1_GDD_362;PS1 Grupos de destinos 03
213973;PS1_GDD_363;PS1 Grupos de destinos 03
213974;PS1_GDD_364;PS1 Grupos de destinos 03
213975;PS1_GDD_365;PS1 Grupos de destinos 03
213976;PS1_GDD_366;PS1 Grupos de destinos 03
213977;PS1_GDD_367;PS1 Grupos de destinos 03
213978;PS1_GDD_368;PS1 Grupos de destinos 03
213981;PS1_GDD_371;PS1 Grupos de destinos 03
213982;PS1_GDD_372;PS1 Grupos de destinos 03
213983;PS1_GDD_373;PS1 Grupos de destinos 03
213984;PS1_GDD_374;PS1 Grupos de destinos 03
213985;PS1_GDD_375;PS1 Grupos de destinos 03
213986;PS1_GDD_376;PS1 Grupos de destinos 03
213987;PS1_GDD_377;PS1 Grupos de destinos 03
213988;PS1_GDD_378;PS1 Grupos de destinos 03
213992;PS1_GDD_381;PS1 Grupos de destinos 04
213993;PS1_GDD_382;PS1 Grupos de destinos 04
213994;PS1_GDD_383;PS1 Grupos de destinos 04
213995;PS1_GDD_384;PS1 Grupos de destinos 04
213996;PS1_GDD_385;PS1 Grupos de destinos 04
213997;PS1_GDD_386;PS1 Grupos de destinos 04
213998;PS1_GDD_387;PS1 Grupos de destinos 04
213999;PS1_GDD_388;PS1 Grupos de destinos 04
214002;PS1_GDD_391;PS1 Grupos de destinos 04
214003;PS1_GDD_392;PS1 Grupos de destinos 04
214004;PS1_GDD_393;PS1 Grupos de destinos 04
214005;PS1_GDD_394;PS1 Grupos de destinos 04
214006;PS1_GDD_395;PS1 Grupos de destinos 04
214007;PS1_GDD_396;PS1 Grupos de destinos 04
214008;PS1_GDD_397;PS1 Grupos de destinos 04
214009;PS1_GDD_398;PS1 Grupos de destinos 04
214012;PS1_GDD_401;PS1 Grupos de destinos 04
214013;PS1_GDD_402;PS1 Grupos de destinos 04
214014;PS1_GDD_403;PS1 Grupos de destinos 04
214015;PS1_GDD_404;PS1 Grupos de destinos 04
214016;PS1_GDD_405;PS1 Grupos de destinos 04
214017;PS1_GDD_406;PS1 Grupos de destinos 04
214018;PS1_GDD_407;PS1 Grupos de destinos 04
214019;PS1_GDD_408;PS1 Grupos de destinos 04
214022;PS1_GDD_411;PS1 Grupos de destinos 04
214023;PS1_GDD_412;PS1 Grupos de destinos 04
214024;PS1_GDD_413;PS1 Grupos de destinos 04
214025;PS1_GDD_414;PS1 Grupos de destinos 04
214026;PS1_GDD_415;PS1 Grupos de destinos 04
214027;PS1_GDD_416;PS1 Grupos de destinos 04
214028;PS1_GDD_417;PS1 Grupos de destinos 04
214029;PS1_GDD_418;PS1 Grupos de destinos 04
214032;PS1_GDD_421;PS1 Grupos de destinos 04
214033;PS1_GDD_422;PS1 Grupos de destinos 04
214034;PS1_GDD_423;PS1 Grupos de destinos 04
214035;PS1_GDD_424;PS1 Grupos de destinos 04
214036;PS1_GDD_425;PS1 Grupos de destinos 04
214037;PS1_GDD_426;PS1 Grupos de destinos 04
214038;PS1_GDD_427;PS1 Grupos de destinos 04
214039;PS1_GDD_428;PS1 Grupos de destinos 04
214042;PS1_GDD_431;PS1 Grupos de destinos 04
214043;PS1_GDD_432;PS1 Grupos de destinos 04
214044;PS1_GDD_433;PS1 Grupos de destinos 04
214045;PS1_GDD_434;PS1 Grupos de destinos 04
214046;PS1_GDD_435;PS1 Grupos de destinos 04
214047;PS1_GDD_436;PS1 Grupos de destinos 04
214048;PS1_GDD_437;PS1 Grupos de destinos 04
214049;PS1_GDD_438;PS1 Grupos de destinos 04
214052;PS1_GDD_441;PS1 Grupos de destinos 04
214053;PS1_GDD_442;PS1 Grupos de destinos 04
214054;PS1_GDD_443;PS1 Grupos de destinos 04
214055;PS1_GDD_444;PS1 Grupos de destinos 04
214056;PS1_GDD_445;PS1 Grupos de destinos 04
214057;PS1_GDD_446;PS1 Grupos de destinos 04
214058;PS1_GDD_447;PS1 Grupos de destinos 04
214059;PS1_GDD_448;PS1 Grupos de destinos 04
214062;PS1_GDD_451;PS1 Grupos de destinos 04
214063;PS1_GDD_452;PS1 Grupos de destinos 04
214064;PS1_GDD_453;PS1 Grupos de destinos 04
214065;PS1_GDD_454;PS1 Grupos de destinos 04
214066;PS1_GDD_455;PS1 Grupos de destinos 04
214067;PS1_GDD_456;PS1 Grupos de destinos 04
214068;PS1_GDD_457;PS1 Grupos de destinos 04
214069;PS1_GDD_458;PS1 Grupos de destinos 04
214072;PS1_GDD_461;PS1 Grupos de destinos 04
214073;PS1_GDD_462;PS1 Grupos de destinos 04
214074;PS1_GDD_463;PS1 Grupos de destinos 04
214075;PS1_GDD_464;PS1 Grupos de destinos 04
214076;PS1_GDD_465;PS1 Grupos de destinos 04
214077;PS1_GDD_466;PS1 Grupos de destinos 04
214078;PS1_GDD_467;PS1 Grupos de destinos 04
214079;PS1_GDD_468;PS1 Grupos de destinos 04
214082;PS1_GDD_471;PS1 Grupos de destinos 04
214083;PS1_GDD_472;PS1 Grupos de destinos 04
214084;PS1_GDD_473;PS1 Grupos de destinos 04
214085;PS1_GDD_474;PS1 Grupos de destinos 04
214086;PS1_GDD_475;PS1 Grupos de destinos 04
214087;PS1_GDD_476;PS1 Grupos de destinos 04
214088;PS1_GDD_477;PS1 Grupos de destinos 04
214089;PS1_GDD_478;PS1 Grupos de destinos 04
214092;PS1_GDD_481;PS1 Grupos de destinos 04
214093;PS1_GDD_482;PS1 Grupos de destinos 04
214094;PS1_GDD_483;PS1 Grupos de destinos 04
214095;PS1_GDD_484;PS1 Grupos de destinos 04
214096;PS1_GDD_485;PS1 Grupos de destinos 04
214097;PS1_GDD_486;PS1 Grupos de destinos 04
214098;PS1_GDD_487;PS1 Grupos de destinos 04
214099;PS1_GDD_488;PS1 Grupos de destinos 04
214102;PS1_GDD_491;PS1 Grupos de destinos 04
214103;PS1_GDD_492;PS1 Grupos de destinos 04
214104;PS1_GDD_493;PS1 Grupos de destinos 04
214105;PS1_GDD_494;PS1 Grupos de destinos 04
214106;PS1_GDD_495;PS1 Grupos de destinos 04
214107;PS1_GDD_496;PS1 Grupos de destinos 04
214108;PS1_GDD_497;PS1 Grupos de destinos 04
214109;PS1_GDD_498;PS1 Grupos de destinos 04
214112;PS1_GDD_501;PS1 Grupos de destinos 04
214113;PS1_GDD_502;PS1 Grupos de destinos 04
214114;PS1_GDD_503;PS1 Grupos de destinos 04
214115;PS1_GDD_504;PS1 Grupos de destinos 04
214135;PS4_GDD_01;PS4 Grupos de destinos 01
214137;PS4_GDD_02;PS4 Grupos de destinos 02
214139;PS4_GDD_03;PS4 Grupos de destinos 03
214141;PS4_GDD_04;PS4 Grupos de destinos 04
214148;PS5_GDD_01;PS5 Grupos de destinos 01
214150;PS5_GDD_02;PS5 Grupos de destinos 02
214152;PS5_GDD_03;PS5 Grupos de destinos 03
214154;PS5_GDD_04;PS5 Grupos de destinos 04
214209;PS2_GDD_03;PS2 Grupos de destinos 01
214210;PS2_GDD_04;PS2 Grupos de destinos 01
214211;PS2_GDD_05;PS2 Grupos de destinos 01
214212;PS2_GDD_06;PS2 Grupos de destinos 01
214215;PS2_GDD_09;PS2 Grupos de destinos 01
214216;PS2_GDD_10;PS2 Grupos de destinos 01
214217;PS2_GDD_11;PS2 Grupos de destinos 01
214218;PS2_GDD_12;PS2 Grupos de destinos 01
214219;PS2_GDD_13;PS2 Grupos de destinos 01
214220;PS2_GDD_14;PS2 Grupos de destinos 01
214221;PS2_GDD_15;PS2 Grupos de destinos 01
214222;PS2_GDD_16;PS2 Grupos de destinos 01
214225;PS2_GDD_19;PS2 Grupos de destinos 01
214226;PS2_GDD_20;PS2 Grupos de destinos 01
214227;PS2_GDD_21;PS2 Grupos de destinos 01
214228;PS2_GDD_22;PS2 Grupos de destinos 01
214229;PS2_GDD_23;PS2 Grupos de destinos 01
214230;PS2_GDD_24;PS2 Grupos de destinos 01
214231;PS2_GDD_25;PS2 Grupos de destinos 01
214232;PS2_GDD_26;PS2 Grupos de destinos 01
214235;PS2_GDD_29;PS2 Grupos de destinos 01
214236;PS2_GDD_30;PS2 Grupos de destinos 01
214237;PS2_GDD_31;PS2 Grupos de destinos 01
214238;PS2_GDD_32;PS2 Grupos de destinos 01
214239;PS2_GDD_33;PS2 Grupos de destinos 01
214240;PS2_GDD_34;PS2 Grupos de destinos 01
214241;PS2_GDD_35;PS2 Grupos de destinos 01
214242;PS2_GDD_36;PS2 Grupos de destinos 01
214245;PS2_GDD_39;PS2 Grupos de destinos 01
214246;PS2_GDD_40;PS2 Grupos de destinos 01
214247;PS2_GDD_41;PS2 Grupos de destinos 01
214248;PS2_GDD_42;PS2 Grupos de destinos 01
214249;PS2_GDD_43;PS2 Grupos de destinos 01
214250;PS2_GDD_44;PS2 Grupos de destinos 01
214251;PS2_GDD_45;PS2 Grupos de destinos 01
214252;PS2_GDD_46;PS2 Grupos de destinos 01
214255;PS2_GDD_49;PS2 Grupos de destinos 01
214256;PS2_GDD_50;PS2 Grupos de destinos 01
214257;PS2_GDD_51;PS2 Grupos de destinos 01
214258;PS2_GDD_52;PS2 Grupos de destinos 01
214259;PS2_GDD_53;PS2 Grupos de destinos 01
214260;PS2_GDD_54;PS2 Grupos de destinos 01
214261;PS2_GDD_55;PS2 Grupos de destinos 01
214262;PS2_GDD_56;PS2 Grupos de destinos 01
214265;PS2_GDD_59;PS2 Grupos de destinos 01
214266;PS2_GDD_60;PS2 Grupos de destinos 01
214267;PS2_GDD_61;PS2 Grupos de destinos 01
214268;PS2_GDD_62;PS2 Grupos de destinos 01
214269;PS2_GDD_63;PS2 Grupos de destinos 01
214270;PS2_GDD_64;PS2 Grupos de destinos 01
214271;PS2_GDD_65;PS2 Grupos de destinos 01
214272;PS2_GDD_66;PS2 Grupos de destinos 01
214275;PS2_GDD_69;PS2 Grupos de destinos 01
214276;PS2_GDD_70;PS2 Grupos de destinos 01
214277;PS2_GDD_71;PS2 Grupos de destinos 01
214278;PS2_GDD_72;PS2 Grupos de destinos 01
214279;PS2_GDD_73;PS2 Grupos de destinos 01
214280;PS2_GDD_74;PS2 Grupos de destinos 01
214281;PS2_GDD_75;PS2 Grupos de destinos 01
214282;PS2_GDD_76;PS2 Grupos de destinos 01
214285;PS2_GDD_79;PS2 Grupos de destinos 01
214286;PS2_GDD_80;PS2 Grupos de destinos 01
214287;PS2_GDD_81;PS2 Grupos de destinos 01
214288;PS2_GDD_82;PS2 Grupos de destinos 01
214289;PS2_GDD_83;PS2 Grupos de destinos 01
214290;PS2_GDD_84;PS2 Grupos de destinos 01
214291;PS2_GDD_85;PS2 Grupos de destinos 01
214292;PS2_GDD_86;PS2 Grupos de destinos 01
214295;PS2_GDD_89;PS2 Grupos de destinos 01
214296;PS2_GDD_90;PS2 Grupos de destinos 01
214297;PS2_GDD_91;PS2 Grupos de destinos 01
214298;PS2_GDD_92;PS2 Grupos de destinos 01
214299;PS2_GDD_93;PS2 Grupos de destinos 01
214300;PS2_GDD_94;PS2 Grupos de destinos 01
214301;PS2_GDD_95;PS2 Grupos de destinos 01
214302;PS2_GDD_96;PS2 Grupos de destinos 01
214305;PS2_GDD_99;PS2 Grupos de destinos 01
214306;PS2_GDD_100;PS2 Grupos de destinos 01
214307;PS2_GDD_101;PS2 Grupos de destinos 01
214308;PS2_GDD_102;PS2 Grupos de destinos 01
214309;PS2_GDD_103;PS2 Grupos de destinos 01
214310;PS2_GDD_104;PS2 Grupos de destinos 01
214311;PS2_GDD_105;PS2 Grupos de destinos 01
214312;PS2_GDD_106;PS2 Grupos de destinos 01
214315;PS2_GDD_109;PS2 Grupos de destinos 01
214316;PS2_GDD_110;PS2 Grupos de destinos 01
214317;PS2_GDD_111;PS2 Grupos de destinos 01
214318;PS2_GDD_112;PS2 Grupos de destinos 01
214319;PS2_GDD_113;PS2 Grupos de destinos 01
214320;PS2_GDD_114;PS2 Grupos de destinos 01
214321;PS2_GDD_115;PS2 Grupos de destinos 01
214322;PS2_GDD_116;PS2 Grupos de destinos 01
214325;PS2_GDD_119;PS2 Grupos de destinos 01
214326;PS2_GDD_120;PS2 Grupos de destinos 01
214327;PS2_GDD_121;PS2 Grupos de destinos 01
214328;PS2_GDD_122;PS2 Grupos de destinos 01
214329;PS2_GDD_123;PS2 Grupos de destinos 01
214330;PS2_GDD_124;PS2 Grupos de destinos 01
214331;PS2_GDD_125;PS2 Grupos de destinos 01
214332;PS2_GDD_126;PS2 Grupos de destinos 01
214336;PS2_GDD_129;PS2 Grupos de destinos 02
214337;PS2_GDD_130;PS2 Grupos de destinos 02
214338;PS2_GDD_131;PS2 Grupos de destinos 02
214339;PS2_GDD_132;PS2 Grupos de destinos 02
214340;PS2_GDD_133;PS2 Grupos de destinos 02
214341;PS2_GDD_134;PS2 Grupos de destinos 02
214342;PS2_GDD_135;PS2 Grupos de destinos 02
214343;PS2_GDD_136;PS2 Grupos de destinos 02
214346;PS2_GDD_139;PS2 Grupos de destinos 02
214347;PS2_GDD_140;PS2 Grupos de destinos 02
214348;PS2_GDD_141;PS2 Grupos de destinos 02
214349;PS2_GDD_142;PS2 Grupos de destinos 02
214350;PS2_GDD_143;PS2 Grupos de destinos 02
214351;PS2_GDD_144;PS2 Grupos de destinos 02
214352;PS2_GDD_145;PS2 Grupos de destinos 02
214353;PS2_GDD_146;PS2 Grupos de destinos 02
214356;PS2_GDD_149;PS2 Grupos de destinos 02
214357;PS2_GDD_150;PS2 Grupos de destinos 02
214358;PS2_GDD_151;PS2 Grupos de destinos 02
214359;PS2_GDD_152;PS2 Grupos de destinos 02
214360;PS2_GDD_153;PS2 Grupos de destinos 02
214361;PS2_GDD_154;PS2 Grupos de destinos 02
214362;PS2_GDD_155;PS2 Grupos de destinos 02
214363;PS2_GDD_156;PS2 Grupos de destinos 02
214366;PS2_GDD_159;PS2 Grupos de destinos 02
214367;PS2_GDD_160;PS2 Grupos de destinos 02
214368;PS2_GDD_161;PS2 Grupos de destinos 02
214369;PS2_GDD_162;PS2 Grupos de destinos 02
214370;PS2_GDD_163;PS2 Grupos de destinos 02
214371;PS2_GDD_164;PS2 Grupos de destinos 02
214372;PS2_GDD_165;PS2 Grupos de destinos 02
214373;PS2_GDD_166;PS2 Grupos de destinos 02
214376;PS2_GDD_169;PS2 Grupos de destinos 02
214377;PS2_GDD_170;PS2 Grupos de destinos 02
214378;PS2_GDD_171;PS2 Grupos de destinos 02
214379;PS2_GDD_172;PS2 Grupos de destinos 02
214380;PS2_GDD_173;PS2 Grupos de destinos 02
214381;PS2_GDD_174;PS2 Grupos de destinos 02
214382;PS2_GDD_175;PS2 Grupos de destinos 02
214383;PS2_GDD_176;PS2 Grupos de destinos 02
214386;PS2_GDD_179;PS2 Grupos de destinos 02
214387;PS2_GDD_180;PS2 Grupos de destinos 02
214388;PS2_GDD_181;PS2 Grupos de destinos 02
214389;PS2_GDD_182;PS2 Grupos de destinos 02
214390;PS2_GDD_183;PS2 Grupos de destinos 02
214391;PS2_GDD_184;PS2 Grupos de destinos 02
214392;PS2_GDD_185;PS2 Grupos de destinos 02
214393;PS2_GDD_186;PS2 Grupos de destinos 02
214396;PS2_GDD_189;PS2 Grupos de destinos 02
214397;PS2_GDD_190;PS2 Grupos de destinos 02
214398;PS2_GDD_191;PS2 Grupos de destinos 02
214399;PS2_GDD_192;PS2 Grupos de destinos 02
214400;PS2_GDD_193;PS2 Grupos de destinos 02
214401;PS2_GDD_194;PS2 Grupos de destinos 02
214402;PS2_GDD_195;PS2 Grupos de destinos 02
214403;PS2_GDD_196;PS2 Grupos de destinos 02
214406;PS2_GDD_199;PS2 Grupos de destinos 02
214407;PS2_GDD_200;PS2 Grupos de destinos 02
214408;PS2_GDD_201;PS2 Grupos de destinos 02
214409;PS2_GDD_202;PS2 Grupos de destinos 02
214410;PS2_GDD_203;PS2 Grupos de destinos 02
214411;PS2_GDD_204;PS2 Grupos de destinos 02
214412;PS2_GDD_205;PS2 Grupos de destinos 02
214413;PS2_GDD_206;PS2 Grupos de destinos 02
214416;PS2_GDD_209;PS2 Grupos de destinos 02
214417;PS2_GDD_210;PS2 Grupos de destinos 02
214418;PS2_GDD_211;PS2 Grupos de destinos 02
214419;PS2_GDD_212;PS2 Grupos de destinos 02
214420;PS2_GDD_213;PS2 Grupos de destinos 02
214421;PS2_GDD_214;PS2 Grupos de destinos 02
214422;PS2_GDD_215;PS2 Grupos de destinos 02
214423;PS2_GDD_216;PS2 Grupos de destinos 02
214426;PS2_GDD_219;PS2 Grupos de destinos 02
214427;PS2_GDD_220;PS2 Grupos de destinos 02
214428;PS2_GDD_221;PS2 Grupos de destinos 02
214429;PS2_GDD_222;PS2 Grupos de destinos 02
214430;PS2_GDD_223;PS2 Grupos de destinos 02
214431;PS2_GDD_224;PS2 Grupos de destinos 02
214432;PS2_GDD_225;PS2 Grupos de destinos 02
214433;PS2_GDD_226;PS2 Grupos de destinos 02
214436;PS2_GDD_229;PS2 Grupos de destinos 02
214437;PS2_GDD_230;PS2 Grupos de destinos 02
214438;PS2_GDD_231;PS2 Grupos de destinos 02
214439;PS2_GDD_232;PS2 Grupos de destinos 02
214440;PS2_GDD_233;PS2 Grupos de destinos 02
214441;PS2_GDD_234;PS2 Grupos de destinos 02
214442;PS2_GDD_235;PS2 Grupos de destinos 02
214443;PS2_GDD_236;PS2 Grupos de destinos 02
214446;PS2_GDD_239;PS2 Grupos de destinos 02
214447;PS2_GDD_240;PS2 Grupos de destinos 02
214448;PS2_GDD_241;PS2 Grupos de destinos 02
214449;PS2_GDD_242;PS2 Grupos de destinos 02
214450;PS2_GDD_243;PS2 Grupos de destinos 02
214451;PS2_GDD_244;PS2 Grupos de destinos 02
214452;PS2_GDD_245;PS2 Grupos de destinos 02
214453;PS2_GDD_246;PS2 Grupos de destinos 02
214456;PS2_GDD_249;PS2 Grupos de destinos 02
214457;PS2_GDD_250;PS2 Grupos de destinos 02
214458;PS2_GDD_251;PS2 Grupos de destinos 02
214459;PS2_GDD_252;PS2 Grupos de destinos 02
214463;PS2_GDD_255;PS2 Grupos de destinos 03
214464;PS2_GDD_256;PS2 Grupos de destinos 03
214465;PS2_GDD_257;PS2 Grupos de destinos 03
214466;PS2_GDD_258;PS2 Grupos de destinos 03
214469;PS2_GDD_261;PS2 Grupos de destinos 03
214470;PS2_GDD_262;PS2 Grupos de destinos 03
214471;PS2_GDD_263;PS2 Grupos de destinos 03
214472;PS2_GDD_264;PS2 Grupos de destinos 03
214473;PS2_GDD_265;PS2 Grupos de destinos 03
214474;PS2_GDD_266;PS2 Grupos de destinos 03
214475;PS2_GDD_267;PS2 Grupos de destinos 03
214476;PS2_GDD_268;PS2 Grupos de destinos 03
214479;PS2_GDD_271;PS2 Grupos de destinos 03
214480;PS2_GDD_272;PS2 Grupos de destinos 03
214481;PS2_GDD_273;PS2 Grupos de destinos 03
214482;PS2_GDD_274;PS2 Grupos de destinos 03
214483;PS2_GDD_275;PS2 Grupos de destinos 03
214484;PS2_GDD_276;PS2 Grupos de destinos 03
214485;PS2_GDD_277;PS2 Grupos de destinos 03
214486;PS2_GDD_278;PS2 Grupos de destinos 03
214489;PS2_GDD_281;PS2 Grupos de destinos 03
214490;PS2_GDD_282;PS2 Grupos de destinos 03
214491;PS2_GDD_283;PS2 Grupos de destinos 03
214492;PS2_GDD_284;PS2 Grupos de destinos 03
214493;PS2_GDD_285;PS2 Grupos de destinos 03
214494;PS2_GDD_286;PS2 Grupos de destinos 03
214495;PS2_GDD_287;PS2 Grupos de destinos 03
214496;PS2_GDD_288;PS2 Grupos de destinos 03
214499;PS2_GDD_291;PS2 Grupos de destinos 03
214500;PS2_GDD_292;PS2 Grupos de destinos 03
214501;PS2_GDD_293;PS2 Grupos de destinos 03
214502;PS2_GDD_294;PS2 Grupos de destinos 03
214503;PS2_GDD_295;PS2 Grupos de destinos 03
214504;PS2_GDD_296;PS2 Grupos de destinos 03
214505;PS2_GDD_297;PS2 Grupos de destinos 03
214506;PS2_GDD_298;PS2 Grupos de destinos 03
214509;PS2_GDD_301;PS2 Grupos de destinos 03
214510;PS2_GDD_302;PS2 Grupos de destinos 03
214511;PS2_GDD_303;PS2 Grupos de destinos 03
214512;PS2_GDD_304;PS2 Grupos de destinos 03
214513;PS2_GDD_305;PS2 Grupos de destinos 03
214514;PS2_GDD_306;PS2 Grupos de destinos 03
214515;PS2_GDD_307;PS2 Grupos de destinos 03
214516;PS2_GDD_308;PS2 Grupos de destinos 03
214519;PS2_GDD_311;PS2 Grupos de destinos 03
214520;PS2_GDD_312;PS2 Grupos de destinos 03
214521;PS2_GDD_313;PS2 Grupos de destinos 03
214522;PS2_GDD_314;PS2 Grupos de destinos 03
214523;PS2_GDD_315;PS2 Grupos de destinos 03
214524;PS2_GDD_316;PS2 Grupos de destinos 03
214525;PS2_GDD_317;PS2 Grupos de destinos 03
214526;PS2_GDD_318;PS2 Grupos de destinos 03
214529;PS2_GDD_321;PS2 Grupos de destinos 03
214530;PS2_GDD_322;PS2 Grupos de destinos 03
214531;PS2_GDD_323;PS2 Grupos de destinos 03
214532;PS2_GDD_324;PS2 Grupos de destinos 03
214533;PS2_GDD_325;PS2 Grupos de destinos 03
214534;PS2_GDD_326;PS2 Grupos de destinos 03
214535;PS2_GDD_327;PS2 Grupos de destinos 03
214536;PS2_GDD_328;PS2 Grupos de destinos 03
214539;PS2_GDD_331;PS2 Grupos de destinos 03
214540;PS2_GDD_332;PS2 Grupos de destinos 03
214541;PS2_GDD_333;PS2 Grupos de destinos 03
214542;PS2_GDD_334;PS2 Grupos de destinos 03
214543;PS2_GDD_335;PS2 Grupos de destinos 03
214544;PS2_GDD_336;PS2 Grupos de destinos 03
214545;PS2_GDD_337;PS2 Grupos de destinos 03
214546;PS2_GDD_338;PS2 Grupos de destinos 03
214549;PS2_GDD_341;PS2 Grupos de destinos 03
214550;PS2_GDD_342;PS2 Grupos de destinos 03
214551;PS2_GDD_343;PS2 Grupos de destinos 03
214552;PS2_GDD_344;PS2 Grupos de destinos 03
214553;PS2_GDD_345;PS2 Grupos de destinos 03
214554;PS2_GDD_346;PS2 Grupos de destinos 03
214555;PS2_GDD_347;PS2 Grupos de destinos 03
214556;PS2_GDD_348;PS2 Grupos de destinos 03
214559;PS2_GDD_351;PS2 Grupos de destinos 03
214560;PS2_GDD_352;PS2 Grupos de destinos 03
214561;PS2_GDD_353;PS2 Grupos de destinos 03
214562;PS2_GDD_354;PS2 Grupos de destinos 03
214563;PS2_GDD_355;PS2 Grupos de destinos 03
214564;PS2_GDD_356;PS2 Grupos de destinos 03
214565;PS2_GDD_357;PS2 Grupos de destinos 03
214566;PS2_GDD_358;PS2 Grupos de destinos 03
214569;PS2_GDD_361;PS2 Grupos de destinos 03
214570;PS2_GDD_362;PS2 Grupos de destinos 03
214571;PS2_GDD_363;PS2 Grupos de destinos 03
214572;PS2_GDD_364;PS2 Grupos de destinos 03
214573;PS2_GDD_365;PS2 Grupos de destinos 03
214574;PS2_GDD_366;PS2 Grupos de destinos 03
214575;PS2_GDD_367;PS2 Grupos de destinos 03
214576;PS2_GDD_368;PS2 Grupos de destinos 03
214579;PS2_GDD_371;PS2 Grupos de destinos 03
214580;PS2_GDD_372;PS2 Grupos de destinos 03
214581;PS2_GDD_373;PS2 Grupos de destinos 03
214582;PS2_GDD_374;PS2 Grupos de destinos 03
214583;PS2_GDD_375;PS2 Grupos de destinos 03
214584;PS2_GDD_376;PS2 Grupos de destinos 03
214585;PS2_GDD_377;PS2 Grupos de destinos 03
214586;PS2_GDD_378;PS2 Grupos de destinos 03
214590;PS2_GDD_381;PS2 Grupos de destinos 04
214591;PS2_GDD_382;PS2 Grupos de destinos 04
214592;PS2_GDD_383;PS2 Grupos de destinos 04
214593;PS2_GDD_384;PS2 Grupos de destinos 04
214594;PS2_GDD_385;PS2 Grupos de destinos 04
214595;PS2_GDD_386;PS2 Grupos de destinos 04
214596;PS2_GDD_387;PS2 Grupos de destinos 04
214597;PS2_GDD_388;PS2 Grupos de destinos 04
214600;PS2_GDD_391;PS2 Grupos de destinos 04
214601;PS2_GDD_392;PS2 Grupos de destinos 04
214602;PS2_GDD_393;PS2 Grupos de destinos 04
214603;PS2_GDD_394;PS2 Grupos de destinos 04
214604;PS2_GDD_395;PS2 Grupos de destinos 04
214605;PS2_GDD_396;PS2 Grupos de destinos 04
214606;PS2_GDD_397;PS2 Grupos de destinos 04
214607;PS2_GDD_398;PS2 Grupos de destinos 04
214610;PS2_GDD_401;PS2 Grupos de destinos 04
214611;PS2_GDD_402;PS2 Grupos de destinos 04
214612;PS2_GDD_403;PS2 Grupos de destinos 04
214613;PS2_GDD_404;PS2 Grupos de destinos 04
214614;PS2_GDD_405;PS2 Grupos de destinos 04
214615;PS2_GDD_406;PS2 Grupos de destinos 04
214616;PS2_GDD_407;PS2 Grupos de destinos 04
214617;PS2_GDD_408;PS2 Grupos de destinos 04
214620;PS2_GDD_411;PS2 Grupos de destinos 04
214621;PS2_GDD_412;PS2 Grupos de destinos 04
214622;PS2_GDD_413;PS2 Grupos de destinos 04
214623;PS2_GDD_414;PS2 Grupos de destinos 04
214624;PS2_GDD_415;PS2 Grupos de destinos 04
214625;PS2_GDD_416;PS2 Grupos de destinos 04
214626;PS2_GDD_417;PS2 Grupos de destinos 04
214627;PS2_GDD_418;PS2 Grupos de destinos 04
214630;PS2_GDD_421;PS2 Grupos de destinos 04
214631;PS2_GDD_422;PS2 Grupos de destinos 04
214632;PS2_GDD_423;PS2 Grupos de destinos 04
214633;PS2_GDD_424;PS2 Grupos de destinos 04
214634;PS2_GDD_425;PS2 Grupos de destinos 04
214635;PS2_GDD_426;PS2 Grupos de destinos 04
214636;PS2_GDD_427;PS2 Grupos de destinos 04
214637;PS2_GDD_428;PS2 Grupos de destinos 04
214640;PS2_GDD_431;PS2 Grupos de destinos 04
214641;PS2_GDD_432;PS2 Grupos de destinos 04
214642;PS2_GDD_433;PS2 Grupos de destinos 04
214643;PS2_GDD_434;PS2 Grupos de destinos 04
214644;PS2_GDD_435;PS2 Grupos de destinos 04
214645;PS2_GDD_436;PS2 Grupos de destinos 04
214646;PS2_GDD_437;PS2 Grupos de destinos 04
214647;PS2_GDD_438;PS2 Grupos de destinos 04
214650;PS2_GDD_441;PS2 Grupos de destinos 04
214651;PS2_GDD_442;PS2 Grupos de destinos 04
214652;PS2_GDD_443;PS2 Grupos de destinos 04
214653;PS2_GDD_444;PS2 Grupos de destinos 04
214654;PS2_GDD_445;PS2 Grupos de destinos 04
214655;PS2_GDD_446;PS2 Grupos de destinos 04
214656;PS2_GDD_447;PS2 Grupos de destinos 04
214657;PS2_GDD_448;PS2 Grupos de destinos 04
214660;PS2_GDD_451;PS2 Grupos de destinos 04
214661;PS2_GDD_452;PS2 Grupos de destinos 04
214662;PS2_GDD_453;PS2 Grupos de destinos 04
214663;PS2_GDD_454;PS2 Grupos de destinos 04
214664;PS2_GDD_455;PS2 Grupos de destinos 04
214665;PS2_GDD_456;PS2 Grupos de destinos 04
214666;PS2_GDD_457;PS2 Grupos de destinos 04
214667;PS2_GDD_458;PS2 Grupos de destinos 04
214670;PS2_GDD_461;PS2 Grupos de destinos 04
214671;PS2_GDD_462;PS2 Grupos de destinos 04
214672;PS2_GDD_463;PS2 Grupos de destinos 04
214673;PS2_GDD_464;PS2 Grupos de destinos 04
214674;PS2_GDD_465;PS2 Grupos de destinos 04
214675;PS2_GDD_466;PS2 Grupos de destinos 04
214676;PS2_GDD_467;PS2 Grupos de destinos 04
214677;PS2_GDD_468;PS2 Grupos de destinos 04
214680;PS2_GDD_471;PS2 Grupos de destinos 04
214681;PS2_GDD_472;PS2 Grupos de destinos 04
214682;PS2_GDD_473;PS2 Grupos de destinos 04
214683;PS2_GDD_474;PS2 Grupos de destinos 04
214684;PS2_GDD_475;PS2 Grupos de destinos 04
214685;PS2_GDD_476;PS2 Grupos de destinos 04
214686;PS2_GDD_477;PS2 Grupos de destinos 04
214687;PS2_GDD_478;PS2 Grupos de destinos 04
214690;PS2_GDD_481;PS2 Grupos de destinos 04
214691;PS2_GDD_482;PS2 Grupos de destinos 04
214692;PS2_GDD_483;PS2 Grupos de destinos 04
214693;PS2_GDD_484;PS2 Grupos de destinos 04
214694;PS2_GDD_485;PS2 Grupos de destinos 04
214695;PS2_GDD_486;PS2 Grupos de destinos 04
214696;PS2_GDD_487;PS2 Grupos de destinos 04
214697;PS2_GDD_488;PS2 Grupos de destinos 04
214700;PS2_GDD_491;PS2 Grupos de destinos 04
214701;PS2_GDD_492;PS2 Grupos de destinos 04
214702;PS2_GDD_493;PS2 Grupos de destinos 04
214703;PS2_GDD_494;PS2 Grupos de destinos 04
214704;PS2_GDD_495;PS2 Grupos de destinos 04
214705;PS2_GDD_496;PS2 Grupos de destinos 04
214706;PS2_GDD_497;PS2 Grupos de destinos 04
214707;PS2_GDD_498;PS2 Grupos de destinos 04
214710;PS2_GDD_501;PS2 Grupos de destinos 04
214711;PS2_GDD_502;PS2 Grupos de destinos 04
214712;PS2_GDD_503;PS2 Grupos de destinos 04
214713;PS2_GDD_504;PS2 Grupos de destinos 04
214715;PS2_CUE_1;PS2 Cuadro eléctrico
214762;PCC1S1_CUE_1;PCC1S1 Cuadro eléctrico
214764;PCC2S1_CUE_1;PCC2S1 Cuadro eléctrico
214766;PCC3S1_CUE_1;PCC3S1 Cuadro eléctrico
214768;PCC4S1_CUE_1;PCC4S1 Cuadro eléctrico
214807;PCC1S2_CUE_1;PCC1S2 Cuadro eléctrico
214809;PCC2S2_CUE_1;PCC2S2 Cuadro eléctrico
214811;PCC3S2_CUE_1;PCC3S2 Cuadro eléctrico
214813;PCC4S2_CUE_1;PCC4S2 Cuadro eléctrico
214880;PLC13_CUE_1;PLC13 Grúa 13 Cuadro eléctrico
214882;PLC14_CUE_1;PLC14 Grúa 14 Cuadro eléctrico
214884;PLC15_CUE_1;PLC15 Grúa 15 Cuadro eléctrico
214886;PLC16_CUE_1;PLC16 Grúa 16 Cuadro eléctrico
214888;PLC17_CUE_1;PLC17 Grúa 17 Cuadro eléctrico
214890;PLC18_CUE_1;PLC18 Grúa 18 Cuadro eléctrico
214892;PLC19_CUE_1;PLC19 Grúa 19 Cuadro eléctrico
214894;PLC20_CUE_1;PLC20 Grúa 20 Cuadro eléctrico
215590;PLC252_ESC_POS_252_11AT1;PLC252 Clasificador 01
215591;PLC252_ESC_POS_451_AE1;PLC252 Clasificador 01
215598;PLC253_ESC_POS_253_11AT;PLC253 Clasificador 02
215599;PLC253_ESC_POS_452_AE1;PLC253 Clasificador 02
215606;PLC259_ESC_POS_259_1AE1;PLC259 Clasificador 03
215607;PLC259_ESC_POS_453_AE1;PLC259 Clasificador 03
215614;PLC260_ESC_POS_260_1AE1;PLC260 Clasificador 04
215615;PLC260_ESC_POS_454_AE1;PLC260 Clasificador 04
215621;PLC455_ESC_POS_455_AE1;PLC455 Clasificador 05
215627;PLC456_ESC_POS_456_AE1;PLC456 Clasificador 06
215642;PLC285_ESC_POS_285_AE1;PLC285 Colectora de entrada grúas 1-6
215643;PLC285_ESC_POS_285_AE2;PLC285 Colectora de entrada grúas 1-6
215655;PLC286_ESC_POS_286_AE1;PLC286 Colectora de entrada grúas 7-12
215661;PLC226_ESC_POS_226_AE1;PLC226 Colectora HB1
215662;PLC226_ESC_POS_226_AE2;PLC226 Colectora HB1
215680;PLC270_ESC_POS_270_AE1;PLC270 Colectora DSA 1
215691;PLC230_TBY_POS_815;PLC230 Entrada HB2
215692;PLC230_ESC_POS_230_AE1;PLC230 Entrada HB2
215693;PLC230_ESC_POS_230_AE2;PLC230 Entrada HB2
215694;PLC230_ESC_POS_230_AE3;PLC230 Entrada HB2
215695;PLC230_ESC_POS_230_AE5;PLC230 Entrada HB2
215696;PLC230_HGC_POS_230;PLC230 Entrada HB2
215705;PLC227_ESC_POS _227_AE1;PLC227 Colectora HB2
215706;PLC227_ESC_POS _227_AE2;PLC227 Colectora HB2
215707;PLC227_ESC_POS _227_AE3;PLC227 Colectora HB2
215729;PLC268_ESC_POS_268_AE1;PLC268 Colectora DSA 2
215730;PLC268_ESC_POS_268_AE2;PLC268 Colectora DSA 2
215756;PLC229_ESC_POS_229_AE1;PLC229 Entrada HB1
215757;PLC229_ESC_POS_229_AE2;PLC229 Entrada HB1
215758;PLC229_ESC_POS_229_AE3;PLC229 Entrada HB1
215759;PLC229_ESC_POS_229_AE5;PLC229 Entrada HB1
215760;PLC229_ESC_POS_229_AE6;PLC229 Entrada HB1
215761;PLC229_HGC_POS_229;PLC229 Entrada HB1
215762;PLC229_BTR_HPOS_582;PLC229 Entrada HB1
215767;PLC201_CON_POS_602;PLC201 Indock 01
215770;PLC201_CON_POS_603;PLC201 Indock 01
215773;PLC201_CON_POS_604;PLC201 Indock 01
215776;PLC206_CON_POS_605;PLC201 Indock 01
215780;PLC206_CON_POS_607;PLC206 Indock 02
215783;PLC206_CON_POS_608;PLC206 Indock 02
215786;PLC206_CON_POS_609;PLC206 Indock 02
215790;PLC211_CON_POS_611;PLC211 Indock 03
215793;PLC211_CON_POS_612;PLC211 Indock 03
215796;PLC211_CON_POS_613;PLC211 Indock 03
215799;PLC211_CON_POS_614;PLC211 Indock 03
215802;PLC211_CON_POS_615;PLC211 Indock 03
215809;PLC222_TBY_HPOS_517;PLC222 Colectora Pre-reparto
215810;PLC222_TBY_HPOS_518;PLC222 Colectora Pre-reparto
215812;PLC222_ESC_POS_222_11AT;PLC222 Colectora Pre-reparto
215813;PLC222_ESC_POS_222_6AT;PLC222 Colectora Pre-reparto
215814;PLC222_ESC_POS_222_24AT;PLC222 Colectora Pre-reparto
215815;PLC222_ESC_POS_222_21AT1;PLC222 Colectora Pre-reparto
215816;PLC222_ESC_POS_222_16AT;PLC222 Colectora Pre-reparto
215826;PLC233_CON_POS_788;PLC233 Indock 04
215829;PLC233_CON_POS_789;PLC233 Indock 04
215832;PLC233_CON_POS_791;PLC233 Indock 04
215835;PLC233_CON_POS_792;PLC233 Indock 04
215842;PLC238_CON_POS_802;PLC238 Indock 05
215845;PLC238_CON_POS_803;PLC238 Indock 05
215848;PLC238_CON_POS_804;PLC238 Indock 05
215850;PLC238_TBY_HPOS_574;PLC238 Indock 05
215851;PLC238_PAQ_POS_238_01;PLC238 Indock 05
215852;PLC238_PAQ_POS_238_02;PLC238 Indock 05
215853;PLC238_PAQ_POS_238_03;PLC238 Indock 05
215854;PLC238_PAQ_POS_238_04;PLC238 Indock 05
215855;PLC238_PAQ_POS_238_05;PLC238 Indock 05
215856;PLC238_VOL_POS_238;PLC238 Indock 05
215857;PLC238_HGC_POS_238_06;PLC238 Indock 05
215858;PLC238_ESC_POS_238_AE1;PLC238 Indock 05
215859;PLC238_ESC_POS_238_AE2;PLC238 Indock 05
215860;PLC238_ESC_POS_238_AE3;PLC238 Indock 05
215861;PLC238_ESC_POS_238_AE4;PLC238 Indock 05
215877;PLC287_ESC_POS_287_AE1;PLC287 Colectora de salida grúas 1-6
215887;PLC288_ESC_POS_288_AE1;PLC288 Colectora de salida grúas 7-12
215893;PLC228_ESC_POS_228_AE1;PLC228 Salida a DSA 1
215894;PLC228_ESC_POS_228_AE2;PLC228 Salida a DSA 1
215900;PLC231_DFTCCY_POS_758;PLC231 Salida a DSA 2
215901;PLC231_ESC_POS_231_AE1;PLC231 Salida a DSA 2
215902;PLC231_ESC_POS_231_AE2;PLC231 Salida a DSA 2
215903;PLC231_ESC_POS_231_AE3;PLC231 Salida a DSA 2
215904;PLC231_ESC_POS_231_AE4;PLC231 Salida a DSA 2
215941;PLC218_ESC_POS_218_1AT;PLC218 Exportación 01
215947;PLC221_ESC_POS_221_11AT;PLC221 Exportación 02
215948;PLC221_ESC_POS_221_1AT;PLC221 Exportación 02
215949;PLC221_ESC_POS_221_15AT;PLC221 Exportación 02
215955;PLC225_ESC_POS_225_5AT;PLC225 Exportación 03
215956;PLC225_ESC_POS_225_18AT;PLC225 Exportación 03
215962;PLC216_RFID_POS_216_02;PLC216 Pre-reparto 01
215963;PLC216_RFID_POS_216_03;PLC216 Pre-reparto 01
215964;PLC216_RFID_POS_216_04;PLC216 Pre-reparto 01
215965;PLC216_RFID_POS_216_05;PLC216 Pre-reparto 01
215966;PLC216_VOL_POS_216;PLC216 Pre-reparto 01
215967;PLC216_HGC_1;PLC216 Pre-reparto 01
215968;PLC216_ESC_POS_216_19AT;PLC216 Pre-reparto 01
215969;PLC216_ESC_POS_216_21AT;PLC216 Pre-reparto 01
215970;PLC216_ESC_POS_216_22AT;PLC216 Pre-reparto 01
215971;PLC216_ESC_POS_216_1AT;PLC216 Pre-reparto 01
215972;PLC216_ESC_POS_216_25AT;PLC216 Pre-reparto 01
215977;PLC217_ESC_POS_217_2AT;PLC217 Pre-reparto 01
215982;PLC219_RFID_POS_219_01;PLC219 Pre-reparto 02
215983;PLC219_RFID_POS_219_02;PLC219 Pre-reparto 02
215984;PLC219_RFID_POS_219_03;PLC219 Pre-reparto 02
215985;PLC219_RFID_POS_219_04;PLC219 Pre-reparto 02
215986;PLC219_RFID_POS_219_05;PLC219 Pre-reparto 02
215987;PLC219_VOL_POS_219;PLC219 Pre-reparto 02
215988;PLC219_HGC_POS_219_06;PLC219 Pre-reparto 02
215989;PLC219_ESC_POS_219_19AT;PLC219 Pre-reparto 02
215990;PLC219_ESC_POS_219_21AT;PLC219 Pre-reparto 02
215991;PLC219_ESC_POS_219_22AT;PLC219 Pre-reparto 02
215992;PLC219_ESC_POS_219_1AT;PLC219 Pre-reparto 02
215993;PLC219_ESC_POS_219_4AT;PLC219 Pre-reparto 02
215998;PLC220_ESC_POS_220_1AT;PLC220 Pre-reparto 02
216003;PLC223_RFID_POS_223_01;PLC223 Pre-reparto 03
216004;PLC223_RFID_POS_223_02;PLC223 Pre-reparto 03
216005;PLC223_RFID_POS_223_03;PLC223 Pre-reparto 03
216006;PLC223_RFID_POS_223_04;PLC223 Pre-reparto 03
216007;PLC223_RFID_POS_223_05;PLC223 Pre-reparto 03
216008;PLC223_VOL_POS_223;PLC223 Pre-reparto 03
216009;PLC223_HGC_POS_223_06;PLC223 Pre-reparto 03
216010;PLC223_ESC_POS_223_5AT;PLC223 Pre-reparto 03
216011;PLC223_ESC_POS_223_8AT;PLC223 Pre-reparto 03
216012;PLC223_ESC_POS_223_10AT;PLC223 Pre-reparto 03
216013;PLC223_ESC_POS_223_11AT;PLC223 Pre-reparto 03
216014;PLC223_ESC_POS_223_1AT;PLC223 Pre-reparto 03
216020;PLC224_ESC_POS_224_1AT;PLC224 Pre-reparto 03
216021;PLC224_ESC_POS_224_12AT;PLC224 Pre-reparto 03
216025;PLC232_TBY_HPOS_520;PLC232 Pre-reparto 04
216027;PLC232_TBY_HPOS_501;PLC232 Pre-reparto 04
216028;PLC232_PAQ_POS_232_01;PLC232 Pre-reparto 04
216029;PLC232_PAQ_POS_232_02;PLC232 Pre-reparto 04
216030;PLC232_PAQ_POS_232_03;PLC232 Pre-reparto 04
216031;PLC232_PAQ_POS_232_04;PLC232 Pre-reparto 04
216032;PLC232_PAQ_POS_232_05;PLC232 Pre-reparto 04
216033;PLC232_VOL_POS_232_07;PLC232 Pre-reparto 04
216034;PLC232_HGC_POS_232_06;PLC232 Pre-reparto 04
216035;PLC232_ESC_POS_232_AE5;PLC232 Pre-reparto 04
216036;PLC232_ESC_POS_232_AE6;PLC232 Pre-reparto 04
216037;PLC232_ESC_POS_232_AE7;PLC232 Pre-reparto 04
216038;PLC232_ESC_POS_232_AE8;PLC232 Pre-reparto 04
216039;PLC232_ESC_POS_232_AE1;PLC232 Pre-reparto 04
216040;PLC232_ESC_POS_232_AE2;PLC232 Pre-reparto 04
216041;PLC232_ESC_POS_232_AE3;PLC232 Pre-reparto 04
216042;PLC232_ESC_POS_232_AE4;PLC232 Pre-reparto 04
216049;PLC239_ESC_POS_239_AE1;PLC239 Pre-reparto 05
216050;PLC239_ESC_POS_239_AE2;PLC239 Pre-reparto 05
216051;PLC239_ESC_POS_240_AE3;PLC239 Pre-reparto 05
216073;PLC251_ESC_POS_251_8AT;PLC251 Colectora CLA1 y CLA2
217882;PLC258_TBY_HPOS_530;PLC258 Colectora CLA3 y CLA4
216083;PLC258_ESC_POS_258_19AT;PLC258 Colectora CLA3 y CLA4
216084;PLC258_ESC_POS_258_11AT;PLC258 Colectora CLA3 y CLA4
216085;PLC258_ESC_POS_258_1AT;PLC258 Colectora CLA3 y CLA4
216095;PLC265_ESC_POS_265_AE1;PLC265 Colectora CLA5 y CLA6
216101;PLC261_ESC_POS_261_12AT;PLC261 Distribuidor 01
216102;PLC261_ESC_POS_261_1AT;PLC261 Distribuidor 01
216105;PLC256_TBY_HPOS_529;PLC256 Distribuidor 02
216114;PLC256_ESC_POS_256_8AT;PLC256 Distribuidor 02
216115;PLC256_ESC_POS_256_10AT;PLC256 Distribuidor 02
216116;PLC256_ESC_POS_256_9AT;PLC256 Distribuidor 02
216117;PLC256_ESC_POS_256_1AT;PLC256 Distribuidor 02
216118;PLC256_ESC_POS_256_31AT;PLC256 Distribuidor 02
216124;PLC254_TBY_HPOS_578;PLC254 Pack 01
216125;PLC254_ESC_POS_254_1AT;PLC254 Pack 01
216132;PLC255_ESC_POS_255_13AT;PLC255 Pack 02
216133;PLC255_ESC_POS_255_1AT;PLC255 Pack 02
216140;PLC257_ESC_POS_257_14AT;PLC257 Pack 03
216141;PLC257_ESC_POS_257_1AT;PLC257 Pack 03
216148;PLC262_TBY_HPOS_579;PLC262 Pack 04
216149;PLC262_ESC_POS_262_20AT;PLC262 Pack 04
216150;PLC262_ESC_POS_262_1AT;PLC262 Pack 04
216160;PLC263_TBY_POS_580;PLC263 Stock 05
216161;PLC263_ESC_POS_263_15AT;PLC263 Stock 05
216162;PLC263_ESC_POS_263_11AT;PLC263 Stock 05
216163;PLC263_ESC_POS_264_1AT;PLC263 Stock 05
216164;PLC263_ESC_POS_264_30AT;PLC263 Stock 05
216177;PLC266_TBY_HPOS_581;PLC266 Stock 06
216179;PLC266_ESC_POS_266_1AE1;PLC266 Stock 06
216180;PLC266_ESC_POS_266_1AE2;PLC266 Stock 06
216181;PLC266_ESC_POS_266_1AE3;PLC266 Stock 06
216182;PLC266_ESC_POS_267_2AE1;PLC266 Stock 06
216183;PLC266_ESC_POS_267_2AE2;PLC266 Stock 06
216202;PLC271_ESC_POS_271_21AT;PLC271 Stock 01
216203;PLC271_ESC_POS_271_8AT;PLC271 Stock 01
216204;PLC271_ESC_POS_272_15AT;PLC271 Stock 01
216205;PLC271_ESC_POS_272_29AT;PLC271 Stock 01
216206;PLC271_ESC_POS_272_28AT;PLC271 Stock 01
216216;PLC273_ESC_POS_273_26AT;PLC273 Stock 02
216217;PLC273_ESC_POS_273_9AT;PLC273 Stock 02
216218;PLC273_ESC_POS_274_17AT;PLC273 Stock 02
216219;PLC273_ESC_POS_274_22AT;PLC273 Stock 02
216231;PLC277_ESC_POS_277_1AT;PLC277 Stock 03
216232;PLC277_ESC_POS_277_28AT;PLC277 Stock 03
216233;PLC277_ESC_POS_277_14AT;PLC277 Stock 03
216234;PLC277_ESC_POS_277_21AT;PLC277 Stock 03
216235;PLC277_ESC_POS_278_39AT;PLC277 Stock 03
216236;PLC277_ESC_POS_278_45AT;PLC277 Stock 03
216237;PLC277_ESC_POS_278_31AT;PLC277 Stock 03
216238;PLC277_ESC_POS_278_36AT;PLC277 Stock 03
216252;PLC275_ESC_POS_275_35AT;PLC275 Stock 04
216253;PLC275_ESC_POS_275_1AT;PLC275 Stock 04
216254;PLC275_ESC_POS_275_12AT;PLC275 Stock 04
216255;PLC275_ESC_POS_275_28AT;PLC275 Stock 04
216256;PLC275_ESC_POS_276_51AT;PLC275 Stock 04
216257;PLC275_ESC_POS_276_36AT;PLC275 Stock 04
216258;PLC275_ESC_POS_276_39AT;PLC275 Stock 04
273825;CNX6_GG_05_07_02_J;CNX6 Retorno cerradoras-shuttle CNX3
273826;CNX6_GG_05_07_03_J;CNX6 Retorno cerradoras-shuttle CNX3
273827;CNX6_KK_05_07_04_J;CNX6 Retorno cerradoras-shuttle CNX3
273828;CNX6_GG_05_07_05_J;CNX6 Retorno cerradoras-shuttle CNX3
273829;CNX6_KK_05_07_06_J;CNX6 Retorno cerradoras-shuttle CNX3
273830;CNX6_GG_05_07_07_J;CNX6 Retorno cerradoras-shuttle CNX3
273831;CNX6_KK_05_07_08_J;CNX6 Retorno cerradoras-shuttle CNX3
273832;CNX6_KK_05_07_09_J;CNX6 Retorno cerradoras-shuttle CNX3
273833;CNX6_RSPN_05_07_10_J;CNX6 Retorno cerradoras-shuttle CNX3
273834;CNX6_TERK_05_07_11_J;CNX6 Retorno cerradoras-shuttle CNX3
281143;CRR3_TERK_34_02_01;CRR3 Bypass ind 17 a ind 18-19
281144;CRR3_RSPN_34_02_02;CRR3 Bypass ind 17 a ind 18-19
281145;CRR3_KK_34_02_03;CRR3 Bypass ind 17 a ind 18-19
281146;CRR3_RSPN_34_02_04;CRR3 Bypass ind 17 a ind 18-19
281147;CRR4_LRC_35_01_10;CRR3 Bypass ind 17 a ind 18-19
281148;CRR4_LRD_35_01_11;CRR3 Bypass ind 17 a ind 18-19
281151;EMP2_RM8830_32_48_01_R;EMP2 Colector salida rechazo PRC
281152;EMP2_RSPN_32_48_07_R;EMP2 Colector salida rechazo PRC
281153;EMP2_RM8830_32_48_06_R;EMP2 Colector salida rechazo PRC
281154;EMP2_RSPN_32_48_05_R;EMP2 Colector salida rechazo PRC
281155;EMP2_KK_32_48_02_R;EMP2 Colector salida rechazo PRC
281156;EMP2_RSPN_32_48_03_R;EMP2 Colector salida rechazo PRC
281157;EMP2_KK_32_48_04_R;EMP2 Colector salida rechazo PRC
281158;EMP2_RSPN_32_48_01_R;EMP2 Colector salida rechazo PRC
281160;EMP2_RSPN_32_43_06_R;EMP2 Línea entrada rechazo PRC
281161;EMP2_SWD_32_45_02_R;EMP2 Línea entrada rechazo PRC
281162;EMP2_GG_32_45_01_R;EMP2 Línea entrada rechazo PRC
281163;EMP2_GG_32_45_03_R;EMP2 Línea entrada rechazo PRC
281164;EMP2_SWD_32_45_04_R;EMP2 Línea entrada rechazo PRC
281165;EMP2_RSPN_32_45_05_R;EMP2 Línea entrada rechazo PRC
281167;EMP2_TERK_32_46_01_R;EMP2 Línea 1 peine rechazo PRC
281168;EMP2_RSPN_32_46_02_R;EMP2 Línea 1 peine rechazo PRC
281169;EMP2_TCO_32_46_03_R;EMP2 Línea 1 peine rechazo PRC
281170;EMP2_P24733_32_46_03_01;EMP2 Línea 1 peine rechazo PRC
281171;EMP2_P24733_32_46_03_02;EMP2 Línea 1 peine rechazo PRC
281172;EMP2_RA_32_46_04_R;EMP2 Línea 1 peine rechazo PRC
281173;EMP2_TERK_32_46_05_R;EMP2 Línea 1 peine rechazo PRC
281175;EMP2_TERK_32_47_01_R;EMP2 Línea 2 peine rechazo PRC
281176;EMP2_RSPN_32_47_02_R;EMP2 Línea 2 peine rechazo PRC
281177;EMP2_TCO_32_47_03_R;EMP2 Línea 2 peine rechazo PRC
281178;EMP2_P24733_32_47_03_01;EMP2 Línea 2 peine rechazo PRC
281179;EMP2_P24733_32_47_03_02;EMP2 Línea 2 peine rechazo PRC
281180;EMP2_RA_32_47_04_R;EMP2 Línea 2 peine rechazo PRC
281181;EMP2_TERK_32_47_05_R;EMP2 Línea 2 peine rechazo PRC
281183;EMP2_KK_32_45_06_R;EMP2 Línea 3 peine rechazo PRC
281184;EMP2_RSPN_32_45_07_R;EMP2 Línea 3 peine rechazo PRC
281185;EMP2_TCO_32_45_08_R;EMP2 Línea 3 peine rechazo PRC
281186;EMP2_P24733_32_45_08_01;EMP2 Línea 3 peine rechazo PRC
281187;EMP2_P24733_32_45_08_02;EMP2 Línea 3 peine rechazo PRC
281188;EMP2_RA_32_45_09_R;EMP2 Línea 3 peine rechazo PRC
281189;EMP2_KK_32_45_10_R;EMP2 Línea 3 peine rechazo PRC
281192;F001_KCS_1693;F001 Bypass retorno loop shuttle niv. 01
281193;F001_KRC_1694_02;F001 Bypass retorno loop shuttle niv. 01
281194;F001_KCC_1694_01;F001 Bypass retorno loop shuttle niv. 01
281195;F001_KRC_1694;F001 Bypass retorno loop shuttle niv. 01
281196;F001_BC_1695;F001 Bypass retorno loop shuttle niv. 01
281197;F001_KRC_1696_02;F001 Bypass retorno loop shuttle niv. 01
281198;F001_KAC_1696_01;F001 Bypass retorno loop shuttle niv. 01
281199;F001_KCC_1696;F001 Bypass retorno loop shuttle niv. 01
281200;F001_KRC_1698;F001 Bypass retorno loop shuttle niv. 01
281201;F001_KCS_1699;F001 Bypass retorno loop shuttle niv. 01
281203;F001_KCS_1653;F001 Colector salida shuttle nivel 01
281204;F001_KRC_1654;F001 Colector salida shuttle nivel 01
281205;F001_KCC_1655_01;F001 Colector salida shuttle nivel 01
281206;F001_KRC_1655;F001 Colector salida shuttle nivel 01
281207;F001_BC_1656;F001 Colector salida shuttle nivel 01
281208;F001_KRC_1657_05;F001 Colector salida shuttle nivel 01
281209;F001_KCC_1657_04;F001 Colector salida shuttle nivel 01
281210;F001_KCC_1657_03;F001 Colector salida shuttle nivel 01
281211;F001_KRC_1657_02;F001 Colector salida shuttle nivel 01
281212;F001_KCC_1657_01;F001 Colector salida shuttle nivel 01
281213;F001_KCC_1657;F001 Colector salida shuttle nivel 01
281214;F001_KRC_1658;F001 Colector salida shuttle nivel 01
281215;F001_BC_1662;F001 Colector salida shuttle nivel 01
281216;F001_BC_1663;F001 Colector salida shuttle nivel 01
281217;F001_BC_1664;F001 Colector salida shuttle nivel 01
281218;F001_KRC_1666_07;F001 Colector salida shuttle nivel 01
281219;F001_KCC_1666_06;F001 Colector salida shuttle nivel 01
281220;F001_KCC_1666_05;F001 Colector salida shuttle nivel 01
281221;F001_KRC_1666_04;F001 Colector salida shuttle nivel 01
281222;F001_KAC_1666_03;F001 Colector salida shuttle nivel 01
281223;F001_KCC_1666_02;F001 Colector salida shuttle nivel 01
281224;F001_KCC_1666_01;F001 Colector salida shuttle nivel 01
281225;F001_KRC_1666;F001 Colector salida shuttle nivel 01
281226;F001_ESC_1668;F001 Colector salida shuttle nivel 01
281227;F001_PWT_1674;F001 Colector salida shuttle nivel 01
281228;F001_KRC_1675;F001 Colector salida shuttle nivel 01
281229;F001_KRC_1678;F001 Colector salida shuttle nivel 01
281230;F003_KRC_1101;F001 Colector salida shuttle nivel 01
281231;F003_KRC_1102;F001 Colector salida shuttle nivel 01
281232;F003_KRC_1106;F001 Colector salida shuttle nivel 01
281233;F003_KRC_1112_02;F001 Colector salida shuttle nivel 01
281234;F003_KAC_1112_01;F001 Colector salida shuttle nivel 01
281235;F003_KRC_1112;F001 Colector salida shuttle nivel 01
281236;F003_BC_1113;F001 Colector salida shuttle nivel 01
281237;F003_KRC_1114_03;F001 Colector salida shuttle nivel 01
281238;F003_KAC_1114_02;F001 Colector salida shuttle nivel 01
281239;F003_KCC_1114_01;F001 Colector salida shuttle nivel 01
281240;F003_KCC_1114;F001 Colector salida shuttle nivel 01
281241;F003_KRC_1131_02;F001 Colector salida shuttle nivel 01
281242;F003_KCC_1131_01;F001 Colector salida shuttle nivel 01
281243;F003_KCC_1131;F001 Colector salida shuttle nivel 01
281244;F003_KRC_1132;F001 Colector salida shuttle nivel 01
281245;F003_SR2_1134;F001 Colector salida shuttle nivel 01
281246;F003_PWT_1140;F001 Colector salida shuttle nivel 01
281247;F003_KRC_1141;F001 Colector salida shuttle nivel 01
281248;F003_KRC_1143;F001 Colector salida shuttle nivel 01
281249;F003_SR2_1145;F001 Colector salida shuttle nivel 01
281250;F003_PWT_1151;F001 Colector salida shuttle nivel 01
281252;F001_KCS_1616;F001 Entrada pasillo 01 DCHA nivel 01
281253;F001_KCC_1617_01;F001 Entrada pasillo 01 DCHA nivel 01
281254;F001_KRC_1617;F001 Entrada pasillo 01 DCHA nivel 01
281255;F001_KRC_1618_02;F001 Entrada pasillo 01 DCHA nivel 01
281256;F001_KAC_1618_01;F001 Entrada pasillo 01 DCHA nivel 01
281257;F001_KRC_1618;F001 Entrada pasillo 01 DCHA nivel 01
281258;F001_SR2_1621;F001 Entrada pasillo 01 DCHA nivel 01
281259;F001_CD2_1623;F001 Entrada pasillo 01 DCHA nivel 01
281260;F001_KRC_1625;F001 Entrada pasillo 01 DCHA nivel 01
281261;W001_ESC_1921;F001 Entrada pasillo 01 DCHA nivel 01
281262;W001_PDSS_1922;F001 Entrada pasillo 01 DCHA nivel 01
281263;W001_ESC_1923;F001 Entrada pasillo 01 DCHA nivel 01
281265;F001_KCS_1576;F001 Entrada pasillo 01 IZQ nivel 01
281266;F001_KCC_1577_01;F001 Entrada pasillo 01 IZQ nivel 01
281267;F001_KRC_1577;F001 Entrada pasillo 01 IZQ nivel 01
281268;F001_KRC_1578_02;F001 Entrada pasillo 01 IZQ nivel 01
281269;F001_KAC_1578_01;F001 Entrada pasillo 01 IZQ nivel 01
281270;F001_KRC_1578;F001 Entrada pasillo 01 IZQ nivel 01
281271;F001_SR2_1581;F001 Entrada pasillo 01 IZQ nivel 01
281272;F001_CD2_1583;F001 Entrada pasillo 01 IZQ nivel 01
281273;F001_KRC_1585;F001 Entrada pasillo 01 IZQ nivel 01
281274;W001_ESC_1931;F001 Entrada pasillo 01 IZQ nivel 01
281275;W001_PDSS_1932;F001 Entrada pasillo 01 IZQ nivel 01
281276;W001_ESC_1933;F001 Entrada pasillo 01 IZQ nivel 01
281278;F001_KCS_1536;F001 Entrada pasillo 02 DCHA nivel 01
281279;F001_KRC_1537_01;F001 Entrada pasillo 02 DCHA nivel 01
281280;F001_KCC_1537;F001 Entrada pasillo 02 DCHA nivel 01
281281;F001_KRC_1538_02;F001 Entrada pasillo 02 DCHA nivel 01
281282;F001_KAC_1538_01;F001 Entrada pasillo 02 DCHA nivel 01
281283;F001_KRC_1538;F001 Entrada pasillo 02 DCHA nivel 01
281284;F001_SR2_1541;F001 Entrada pasillo 02 DCHA nivel 01
281285;F001_CD2_1543;F001 Entrada pasillo 02 DCHA nivel 01
281286;F001_KRC_1545;F001 Entrada pasillo 02 DCHA nivel 01
281287;W002_ESC_1921;F001 Entrada pasillo 02 DCHA nivel 01
281288;W002_PDSS_1922;F001 Entrada pasillo 02 DCHA nivel 01
281289;W002_ESC_1923;F001 Entrada pasillo 02 DCHA nivel 01
281291;F001_KCS_1496;F001 Entrada pasillo 02 IZQ nivel 01
281292;F001_KRC_1497;F001 Entrada pasillo 02 IZQ nivel 01
281293;F001_KCC_1498_03;F001 Entrada pasillo 02 IZQ nivel 01
281294;F001_KRC_1498_02;F001 Entrada pasillo 02 IZQ nivel 01
281295;F001_KAC_1498_01;F001 Entrada pasillo 02 IZQ nivel 01
281296;F001_KRC_1498;F001 Entrada pasillo 02 IZQ nivel 01
281297;F001_SR2_1501;F001 Entrada pasillo 02 IZQ nivel 01
281298;F001_CD2_1503;F001 Entrada pasillo 02 IZQ nivel 01
281299;F001_KRC_1505;F001 Entrada pasillo 02 IZQ nivel 01
281300;W002_ESC_1931;F001 Entrada pasillo 02 IZQ nivel 01
281301;W002_PDSS_1932;F001 Entrada pasillo 02 IZQ nivel 01
281302;W002_ESC_1933;F001 Entrada pasillo 02 IZQ nivel 01
281304;F001_KCS_1456;F001 Entrada pasillo 03 DCHA nivel 01
281305;F001_KRC_1457;F001 Entrada pasillo 03 DCHA nivel 01
281306;F001_KCC_1458_03;F001 Entrada pasillo 03 DCHA nivel 01
281307;F001_KRC_1458_02;F001 Entrada pasillo 03 DCHA nivel 01
281308;F001_KAC_1458_01;F001 Entrada pasillo 03 DCHA nivel 01
281309;F001_KRC_1458;F001 Entrada pasillo 03 DCHA nivel 01
281310;F001_SR2_1461;F001 Entrada pasillo 03 DCHA nivel 01
281311;F001_CD2_1463;F001 Entrada pasillo 03 DCHA nivel 01
281312;F001_KRC_1465;F001 Entrada pasillo 03 DCHA nivel 01
281313;W003_ESC_1921;F001 Entrada pasillo 03 DCHA nivel 01
281314;W003_PDSS_1922;F001 Entrada pasillo 03 DCHA nivel 01
281315;W003_ESC_1923;F001 Entrada pasillo 03 DCHA nivel 01
281317;F001_KCS_1416;F001 Entrada pasillo 03 IZQ nivel 01
281318;F001_KCC_1417_01;F001 Entrada pasillo 03 IZQ nivel 01
281319;F001_KRC_1417;F001 Entrada pasillo 03 IZQ nivel 01
281320;F001_KRC_1418_02;F001 Entrada pasillo 03 IZQ nivel 01
281321;F001_KAC_1418_01;F001 Entrada pasillo 03 IZQ nivel 01
281322;F001_KRC_1418;F001 Entrada pasillo 03 IZQ nivel 01
281323;F001_SR2_1421;F001 Entrada pasillo 03 IZQ nivel 01
281324;F001_CD2_1423;F001 Entrada pasillo 03 IZQ nivel 01
281325;F001_KRC_1425;F001 Entrada pasillo 03 IZQ nivel 01
281326;W003_ESC_1931;F001 Entrada pasillo 03 IZQ nivel 01
281327;W003_PDSS_1932;F001 Entrada pasillo 03 IZQ nivel 01
281328;W003_ESC_1933;F001 Entrada pasillo 03 IZQ nivel 01
281330;F001_KCS_1376;F001 Entrada pasillo 04 DCHA nivel 01
281331;F001_KRC_1377_01;F001 Entrada pasillo 04 DCHA nivel 01
281332;F001_KCC_1377;F001 Entrada pasillo 04 DCHA nivel 01
281333;F001_KRC_1378_02;F001 Entrada pasillo 04 DCHA nivel 01
281334;F001_KAC_1378_01;F001 Entrada pasillo 04 DCHA nivel 01
281335;F001_KRC_1378;F001 Entrada pasillo 04 DCHA nivel 01
281336;F001_SR2_1381;F001 Entrada pasillo 04 DCHA nivel 01
281337;F001_CD2_1383;F001 Entrada pasillo 04 DCHA nivel 01
281338;F001_KRC_1385;F001 Entrada pasillo 04 DCHA nivel 01
281339;W004_ESC_1921;F001 Entrada pasillo 04 DCHA nivel 01
281340;W004_PDSS_1922;F001 Entrada pasillo 04 DCHA nivel 01
281341;W004_ESC_1923;F001 Entrada pasillo 04 DCHA nivel 01
281343;F001_KCS_1336;F001 Entrada pasillo 04 IZQ nivel 01
281344;F001_KRC_1337;F001 Entrada pasillo 04 IZQ nivel 01
281345;F001_KCC_1338_03;F001 Entrada pasillo 04 IZQ nivel 01
281346;F001_KRC_1338_02;F001 Entrada pasillo 04 IZQ nivel 01
281347;F001_KAC_1338_01;F001 Entrada pasillo 04 IZQ nivel 01
281348;F001_KRC_1338;F001 Entrada pasillo 04 IZQ nivel 01
281349;F001_SR2_1341;F001 Entrada pasillo 04 IZQ nivel 01
281350;F001_KRC_1345;F001 Entrada pasillo 04 IZQ nivel 01
281351;F001_CD2_1343;F001 Entrada pasillo 04 IZQ nivel 01
281352;W004_ESC_1931;F001 Entrada pasillo 04 IZQ nivel 01
281353;W004_PDSS_1932;F001 Entrada pasillo 04 IZQ nivel 01
281354;W004_ESC_1933;F001 Entrada pasillo 04 IZQ nivel 01
281356;F001_KCS_1296;F001 Entrada pasillo 05 DCHA nivel 01
281357;F001_KRC_1297;F001 Entrada pasillo 05 DCHA nivel 01
281358;F001_KCC_1298_03;F001 Entrada pasillo 05 DCHA nivel 01
281359;F001_KRC_1298_02;F001 Entrada pasillo 05 DCHA nivel 01
281360;F001_KAC_1298_01;F001 Entrada pasillo 05 DCHA nivel 01
281361;F001_KRC_1298;F001 Entrada pasillo 05 DCHA nivel 01
281362;F001_SR2_1301;F001 Entrada pasillo 05 DCHA nivel 01
281363;F001_CD2_1303;F001 Entrada pasillo 05 DCHA nivel 01
281364;F001_KRC_1305;F001 Entrada pasillo 05 DCHA nivel 01
281365;W005_ESC_1921;F001 Entrada pasillo 05 DCHA nivel 01
281366;W005_PDSS_1922;F001 Entrada pasillo 05 DCHA nivel 01
281367;W005_ESC_1923;F001 Entrada pasillo 05 DCHA nivel 01
281369;F001_KCS_1256;F001 Entrada pasillo 05 IZQ nivel 01
281370;F001_KCC_1257_01;F001 Entrada pasillo 05 IZQ nivel 01
281371;F001_KRC_1257;F001 Entrada pasillo 05 IZQ nivel 01
281372;F001_KRC_1258_02;F001 Entrada pasillo 05 IZQ nivel 01
281373;F001_KAC_1258_01;F001 Entrada pasillo 05 IZQ nivel 01
281374;F001_KRC_1258;F001 Entrada pasillo 05 IZQ nivel 01
281375;F001_SR2_1261;F001 Entrada pasillo 05 IZQ nivel 01
281376;F001_CD2_1263;F001 Entrada pasillo 05 IZQ nivel 01
281377;F001_KRC_1265;F001 Entrada pasillo 05 IZQ nivel 01
281378;W005_ESC_1931;F001 Entrada pasillo 05 IZQ nivel 01
281379;W005_PDSS_1932;F001 Entrada pasillo 05 IZQ nivel 01
281380;W005_ESC_1933;F001 Entrada pasillo 05 IZQ nivel 01
281382;F001_KCS_1216;F001 Entrada pasillo 06 DCHA nivel 01
281383;F001_KRC_1217_01;F001 Entrada pasillo 06 DCHA nivel 01
281384;F001_KCC_1217;F001 Entrada pasillo 06 DCHA nivel 01
281385;F001_KRC_1218_02;F001 Entrada pasillo 06 DCHA nivel 01
281386;F001_KAC_1218_01;F001 Entrada pasillo 06 DCHA nivel 01
281387;F001_KRC_1218;F001 Entrada pasillo 06 DCHA nivel 01
281388;F001_SR2_1221;F001 Entrada pasillo 06 DCHA nivel 01
281389;F001_CD2_1123;F001 Entrada pasillo 06 DCHA nivel 01
281390;F001_KRC_1225;F001 Entrada pasillo 06 DCHA nivel 01
281391;W006_ESC_1921;F001 Entrada pasillo 06 DCHA nivel 01
281392;W006_PDSS_1922;F001 Entrada pasillo 06 DCHA nivel 01
281393;W006_ESC_1923;F001 Entrada pasillo 06 DCHA nivel 01
281395;F001_KCS_1176;F001 Entrada pasillo 06 IZQ nivel 01
281396;F001_KRC_1177;F001 Entrada pasillo 06 IZQ nivel 01
281397;F001_KCC_1178_03;F001 Entrada pasillo 06 IZQ nivel 01
281398;F001_KRC_1178_02;F001 Entrada pasillo 06 IZQ nivel 01
281399;F001_KAC_1178_01;F001 Entrada pasillo 06 IZQ nivel 01
281400;F001_KRC_1178;F001 Entrada pasillo 06 IZQ nivel 01
281401;F001_SR2_1181;F001 Entrada pasillo 06 IZQ nivel 01
281402;F001_CD2_1183;F001 Entrada pasillo 06 IZQ nivel 01
281403;F001_KRC_1185;F001 Entrada pasillo 06 IZQ nivel 01
281404;W006_ESC_1931;F001 Entrada pasillo 06 IZQ nivel 01
281405;W006_PDSS_1932;F001 Entrada pasillo 06 IZQ nivel 01
281406;W006_ESC_1933;F001 Entrada pasillo 06 IZQ nivel 01
281408;F001_KRC_1116;F001 Loop entrada shuttle nivel 01
281409;F001_KRC_1127_04;F001 Loop entrada shuttle nivel 01
281410;F001_KRC_1127_03;F001 Loop entrada shuttle nivel 01
281411;F001_KAC_1127_02;F001 Loop entrada shuttle nivel 01
281412;F001_KRC_1127_01;F001 Loop entrada shuttle nivel 01
281413;F001_ESC_1123;F001 Loop entrada shuttle nivel 01
281414;F001_PWT_1126;F001 Loop entrada shuttle nivel 01
281415;F001_KRC_1127;F001 Loop entrada shuttle nivel 01
281416;F001_KRC_1130;F001 Loop entrada shuttle nivel 01
281417;F001_ESC_1131;F001 Loop entrada shuttle nivel 01
281418;F001_KCC_1138_08;F001 Loop entrada shuttle nivel 01
281419;F001_KCC_1138_07;F001 Loop entrada shuttle nivel 01
281420;F001_KRC_1138_06;F001 Loop entrada shuttle nivel 01
281421;F001_KCC_1138_05;F001 Loop entrada shuttle nivel 01
281422;F001_KCC_1138_04;F001 Loop entrada shuttle nivel 01
281423;F001_KRC_1138_03;F001 Loop entrada shuttle nivel 01
281424;F001_PWT_1135;F001 Loop entrada shuttle nivel 01
281425;F001_KRC_1138_02;F001 Loop entrada shuttle nivel 01
281426;F001_PWT_1136;F001 Loop entrada shuttle nivel 01
281427;F001_KRC_1138_01;F001 Loop entrada shuttle nivel 01
281428;F001_PWT_1137;F001 Loop entrada shuttle nivel 01
281429;F001_KRC_1138;F001 Loop entrada shuttle nivel 01
281430;F001_BC_1139;F001 Loop entrada shuttle nivel 01
281431;F001_KRC_1144_04;F001 Loop entrada shuttle nivel 01
281432;F001_PWT_1140;F001 Loop entrada shuttle nivel 01
281433;F001_KRC_1144_03;F001 Loop entrada shuttle nivel 01
281434;F001_PWT_1141;F001 Loop entrada shuttle nivel 01
281435;F001_KRC_1144_02;F001 Loop entrada shuttle nivel 01
281436;F001_PWT_1142;F001 Loop entrada shuttle nivel 01
281437;F001_KRC_1144_01;F001 Loop entrada shuttle nivel 01
281438;F001_PWT_1143;F001 Loop entrada shuttle nivel 01
281439;F001_KRC_1144;F001 Loop entrada shuttle nivel 01
281440;F001_BC_1145;F001 Loop entrada shuttle nivel 01
281441;F001_KRC_1154_4;F001 Loop entrada shuttle nivel 01
281442;F001_PWT_1146;F001 Loop entrada shuttle nivel 01
281443;F001_KRC_1153;F001 Loop entrada shuttle nivel 01
281444;F001_PWT_1147;F001 Loop entrada shuttle nivel 01
281445;F001_KRC_1152;F001 Loop entrada shuttle nivel 01
281446;F001_PWT_1148;F001 Loop entrada shuttle nivel 01
281447;F001_KRC_1151;F001 Loop entrada shuttle nivel 01
281448;F001_PWT_1149;F001 Loop entrada shuttle nivel 01
281449;F001_KRC_1150;F001 Loop entrada shuttle nivel 01
281450;F001_BC_1151;F001 Loop entrada shuttle nivel 01
281451;F001_KRC_1154_02;F001 Loop entrada shuttle nivel 01
281452;F001_PWT_1152;F001 Loop entrada shuttle nivel 01
281453;F001_KRC_1154_01;F001 Loop entrada shuttle nivel 01
281454;F001_PWT_1153;F001 Loop entrada shuttle nivel 01
281455;F001_KRC_1154;F001 Loop entrada shuttle nivel 01
281456;F001_PWT_1155;F001 Loop entrada shuttle nivel 01
281457;F001_KRC_1156_06;F001 Loop entrada shuttle nivel 01
281458;F001_KCC_1156_05;F001 Loop entrada shuttle nivel 01
281459;F001_KCC_1156_04;F001 Loop entrada shuttle nivel 01
281460;F001_KRC_1156_03;F001 Loop entrada shuttle nivel 01
281461;F001_KCC_1156_02;F001 Loop entrada shuttle nivel 01
281462;F001_KCC_1156_01;F001 Loop entrada shuttle nivel 01
281463;F001_KRC_1156;F001 Loop entrada shuttle nivel 01
281465;W001_PDSS_1926;F001 Salida pasillo 01 DCHA nivel 01
281466;F001_KRC_1631;F001 Salida pasillo 01 DCHA nivel 01
281467;F001_TD_634;F001 Salida pasillo 01 DCHA nivel 01
281468;F001_KAC_1633;F001 Salida pasillo 01 DCHA nivel 01
281469;F001_KAC_1636_02;F001 Salida pasillo 01 DCHA nivel 01
281470;F001_KRC_1636_01;F001 Salida pasillo 01 DCHA nivel 01
281471;F001_KRC_1636;F001 Salida pasillo 01 DCHA nivel 01
281472;F001_KCC_1640;F001 Salida pasillo 01 DCHA nivel 01
281473;F001_KCS_1641;F001 Salida pasillo 01 DCHA nivel 01
281475;W001_PDSS_1936;F001 Salida pasillo 01 IZQ nivel 01
281476;F001_KRC_1591;F001 Salida pasillo 01 IZQ nivel 01
281477;F001_TD_594;F001 Salida pasillo 01 IZQ nivel 01
281478;F001_KAC_1593;F001 Salida pasillo 01 IZQ nivel 01
281479;F001_KAC_1596_02;F001 Salida pasillo 01 IZQ nivel 01
281480;F001_KRC_1596_01;F001 Salida pasillo 01 IZQ nivel 01
281481;F001_KRC_1596;F001 Salida pasillo 01 IZQ nivel 01
281482;F001_KCC_1600;F001 Salida pasillo 01 IZQ nivel 01
281483;F001_KCS_1601;F001 Salida pasillo 01 IZQ nivel 01
281485;W002_PDSS_1926;F001 Salida pasillo 02 DCHA nivel 01
281486;F001_KRC_1551;F001 Salida pasillo 02 DCHA nivel 01
281487;F001_TD_554;F001 Salida pasillo 02 DCHA nivel 01
281488;F001_KAC_1553;F001 Salida pasillo 02 DCHA nivel 01
281489;F001_KAC_1556_02;F001 Salida pasillo 02 DCHA nivel 01
281490;F001_KRC_1556_01;F001 Salida pasillo 02 DCHA nivel 01
281491;F001_KRC_1556;F001 Salida pasillo 02 DCHA nivel 01
281492;F001_KCC_1560;F001 Salida pasillo 02 DCHA nivel 01
281493;F001_KCS_1561;F001 Salida pasillo 02 DCHA nivel 01
281495;W002_PDSS_1936;F001 Salida pasillo 02 IZQ nivel 01
281496;F001_KRC_1511;F001 Salida pasillo 02 IZQ nivel 01
281497;F001_TD_514;F001 Salida pasillo 02 IZQ nivel 01
281498;F001_KAC_1513;F001 Salida pasillo 02 IZQ nivel 01
281499;F001_KAC_1516_02;F001 Salida pasillo 02 IZQ nivel 01
281500;F001_KRC_1516_01;F001 Salida pasillo 02 IZQ nivel 01
281501;F001_KRC_1516;F001 Salida pasillo 02 IZQ nivel 01
281502;F001_KCC_1520;F001 Salida pasillo 02 IZQ nivel 01
281503;F001_KCS_1521;F001 Salida pasillo 02 IZQ nivel 01
281505;W003_PDSS_1926;F001 Salida pasillo 03 DCHA nivel 01
281506;F001_KRC_1471;F001 Salida pasillo 03 DCHA nivel 01
281507;F001_TD_474;F001 Salida pasillo 03 DCHA nivel 01
281508;F001_KAC_1473;F001 Salida pasillo 03 DCHA nivel 01
281509;F001_KAC_1476_02;F001 Salida pasillo 03 DCHA nivel 01
281510;F001_KRC_1476_01;F001 Salida pasillo 03 DCHA nivel 01
281511;F001_KRC_1476;F001 Salida pasillo 03 DCHA nivel 01
281512;F001_KCC_1480;F001 Salida pasillo 03 DCHA nivel 01
281513;F001_KCS_1481;F001 Salida pasillo 03 DCHA nivel 01
281515;W003_PDSS_1936;F001 Salida pasillo 03 IZQ nivel 01
281516;F001_KRC_1431;F001 Salida pasillo 03 IZQ nivel 01
281517;F001_TD_434;F001 Salida pasillo 03 IZQ nivel 01
281518;F001_KAC_1433;F001 Salida pasillo 03 IZQ nivel 01
281519;F001_KAC_1436_02;F001 Salida pasillo 03 IZQ nivel 01
281520;F001_KRC_1436_01;F001 Salida pasillo 03 IZQ nivel 01
281521;F001_KRC_1436;F001 Salida pasillo 03 IZQ nivel 01
281522;F001_KCC_1440;F001 Salida pasillo 03 IZQ nivel 01
281523;F001_KCS_1441;F001 Salida pasillo 03 IZQ nivel 01
281525;W004_PDSS_1926;F001 Salida pasillo 04 DCHA nivel 01
281526;F001_KRC_1391;F001 Salida pasillo 04 DCHA nivel 01
281527;F001_TD_394;F001 Salida pasillo 04 DCHA nivel 01
281528;F001_KAC_1393;F001 Salida pasillo 04 DCHA nivel 01
281529;F001_KRC_1396_01;F001 Salida pasillo 04 DCHA nivel 01
281530;F001_KAC_1396_02;F001 Salida pasillo 04 DCHA nivel 01
281531;F001_KRC_1396;F001 Salida pasillo 04 DCHA nivel 01
281532;F001_KCC_1400;F001 Salida pasillo 04 DCHA nivel 01
281533;F001_KCS_1401;F001 Salida pasillo 04 DCHA nivel 01
281535;W004_PDSS_1936;F001 Salida pasillo 04 IZQ nivel 01
281536;F001_KRC_1351;F001 Salida pasillo 04 IZQ nivel 01
281537;F001_TD_354;F001 Salida pasillo 04 IZQ nivel 01
281538;F001_KAC_1353;F001 Salida pasillo 04 IZQ nivel 01
281539;F001_KAC_1356_02;F001 Salida pasillo 04 IZQ nivel 01
281540;F001_KRC_1356_01;F001 Salida pasillo 04 IZQ nivel 01
281541;F001_KRC_1356;F001 Salida pasillo 04 IZQ nivel 01
281542;F001_KCC_1360;F001 Salida pasillo 04 IZQ nivel 01
281543;F001_KCS_1361;F001 Salida pasillo 04 IZQ nivel 01
281545;W005_PDSS_1926;F001 Salida pasillo 05 DCHA nivel 01
281546;F001_KRC_1311;F001 Salida pasillo 05 DCHA nivel 01
281547;F001_TD_314;F001 Salida pasillo 05 DCHA nivel 01
281548;F001_KAC_1313;F001 Salida pasillo 05 DCHA nivel 01
281549;F001_KAC_1316_02;F001 Salida pasillo 05 DCHA nivel 01
281550;F001_KRC_1316_01;F001 Salida pasillo 05 DCHA nivel 01
281551;F001_KRC_1316;F001 Salida pasillo 05 DCHA nivel 01
281552;F001_KCC_1320;F001 Salida pasillo 05 DCHA nivel 01
281553;F001_KCS_1321;F001 Salida pasillo 05 DCHA nivel 01
281555;W005_PDSS_1936;F001 Salida pasillo 05 IZQ nivel 01
281556;F001_KRC_1271;F001 Salida pasillo 05 IZQ nivel 01
281557;F001_TD_274;F001 Salida pasillo 05 IZQ nivel 01
281558;F001_KAC_1273;F001 Salida pasillo 05 IZQ nivel 01
281559;F001_KAC_1276_02;F001 Salida pasillo 05 IZQ nivel 01
281560;F001_KRC_1276_01;F001 Salida pasillo 05 IZQ nivel 01
281561;F001_KRC_1276;F001 Salida pasillo 05 IZQ nivel 01
281562;F001_KCC_1280;F001 Salida pasillo 05 IZQ nivel 01
281563;F001_KCS_1281;F001 Salida pasillo 05 IZQ nivel 01
281565;W006_PDSS_1926;F001 Salida pasillo 06 DCHA nivel 01
281566;F001_KRC_1231;F001 Salida pasillo 06 DCHA nivel 01
281567;F001_TD_234;F001 Salida pasillo 06 DCHA nivel 01
281568;F001_KAC_1233;F001 Salida pasillo 06 DCHA nivel 01
281569;F001_KAC_1236_02;F001 Salida pasillo 06 DCHA nivel 01
281570;F001_KRC_1236_01;F001 Salida pasillo 06 DCHA nivel 01
281571;F001_KRC_1236;F001 Salida pasillo 06 DCHA nivel 01
281572;F001_KCC_1240;F001 Salida pasillo 06 DCHA nivel 01
281573;F001_KCS_1241;F001 Salida pasillo 06 DCHA nivel 01
281575;W006_PDSS_1936;F001 Salida pasillo 06 IZQ nivel 01
281576;F001_KRC_1191;F001 Salida pasillo 06 IZQ nivel 01
281577;F001_TD_194;F001 Salida pasillo 06 IZQ nivel 01
281578;F001_KAC_1193;F001 Salida pasillo 06 IZQ nivel 01
281579;F001_KAC_1196_02;F001 Salida pasillo 06 IZQ nivel 01
281580;F001_KRC_1196_01;F001 Salida pasillo 06 IZQ nivel 01
281581;F001_KRC_1196;F001 Salida pasillo 06 IZQ nivel 01
281582;F001_KCC_1200;F001 Salida pasillo 06 IZQ nivel 01
281583;F001_KCS_1201;F001 Salida pasillo 06 IZQ nivel 01
281585;F002_KCS_1688_02;F002 Bypass retorno loop shuttle niv. 03
281586;F002_KCC_1688_01;F002 Bypass retorno loop shuttle niv. 03
281587;F002_KRC_1688;F002 Bypass retorno loop shuttle niv. 03
281588;F002_KRC_1689;F002 Bypass retorno loop shuttle niv. 03
281589;F002_BC_1690;F002 Bypass retorno loop shuttle niv. 03
281590;F002_KRC_1691_02;F002 Bypass retorno loop shuttle niv. 03
281591;F002_KAC_1691_01;F002 Bypass retorno loop shuttle niv. 03
281592;F002_KCC_1691;F002 Bypass retorno loop shuttle niv. 03
281593;F002_KRC_1693;F002 Bypass retorno loop shuttle niv. 03
281594;F002_KCS_1694;F002 Bypass retorno loop shuttle niv. 03
281596;F002_KCS_1653;F002 Colector salida shuttle nivel 03
281597;F002_KRC_1654;F002 Colector salida shuttle nivel 03
281598;F002_KCC_1655_01;F002 Colector salida shuttle nivel 03
281599;F002_KRC_1655;F002 Colector salida shuttle nivel 03
281600;F002_BC_1656;F002 Colector salida shuttle nivel 03
281601;F002_KRC_1657_05;F002 Colector salida shuttle nivel 03
281602;F002_KCC_1657_04;F002 Colector salida shuttle nivel 03
281603;F002_KCC_1657_03;F002 Colector salida shuttle nivel 03
281604;F002_KCC_1657;F002 Colector salida shuttle nivel 03
281605;F002_KRC_1657_02;F002 Colector salida shuttle nivel 03
281606;F002_KCC_1657_01;F002 Colector salida shuttle nivel 03
281607;F002_KRC_1658;F002 Colector salida shuttle nivel 03
281608;F002_BC_1662;F002 Colector salida shuttle nivel 03
281609;F002_BC_1663;F002 Colector salida shuttle nivel 03
281610;F002_BC_1664;F002 Colector salida shuttle nivel 03
281611;F002_KRC_1672_05;F002 Colector salida shuttle nivel 03
281612;F002_KCC_1672_04;F002 Colector salida shuttle nivel 03
281613;F002_KCC_1672_03;F002 Colector salida shuttle nivel 03
281614;F002_ESC_1666;F002 Colector salida shuttle nivel 03
281615;F002_KRC_1672_02;F002 Colector salida shuttle nivel 03
281616;F002_KRC_1672_01;F002 Colector salida shuttle nivel 03
281617;F002_HPT_1671;F002 Colector salida shuttle nivel 03
281618;F002_KRC_1672;F002 Colector salida shuttle nivel 03
281619;F002_KRC_1674_04;F002 Colector salida shuttle nivel 03
281620;F002_KCC_1674_03;F002 Colector salida shuttle nivel 03
281621;F002_KCC_1674_02;F002 Colector salida shuttle nivel 03
281622;F002_KAC_1674_01;F002 Colector salida shuttle nivel 03
281623;F002_KRC_1674;F002 Colector salida shuttle nivel 03
281624;F002_BC_1675;F002 Colector salida shuttle nivel 03
281625;F002_KRC_1676_01;F002 Colector salida shuttle nivel 03
281626;F002_KCC_1676;F002 Colector salida shuttle nivel 03
281627;F003_KRC_1108;F002 Colector salida shuttle nivel 03
281628;F003_KCS_1109;F002 Colector salida shuttle nivel 03
281630;F002_KCS_1708_01;F002 Desvío a SS2 desde shuttle
281631;F002_KRC_1708;F002 Desvío a SS2 desde shuttle
281632;F002_KCC_1709_01;F002 Desvío a SS2 desde shuttle
281633;F002_KRC_1709;F002 Desvío a SS2 desde shuttle
281634;F002_BC_1710;F002 Desvío a SS2 desde shuttle
281635;F002_KRC_1711;F002 Desvío a SS2 desde shuttle
281636;F002_KRC_1715;F002 Desvío a SS2 desde shuttle
281637;F002_KAC_1721_04;F002 Desvío a SS2 desde shuttle
281638;F002_KRC_1721_03;F002 Desvío a SS2 desde shuttle
281639;F002_KCC_1721_02;F002 Desvío a SS2 desde shuttle
281640;F002_KRC_1721_01;F002 Desvío a SS2 desde shuttle
281641;F002_KCC_1721;F002 Desvío a SS2 desde shuttle
281642;F002_KRC_1722;F002 Desvío a SS2 desde shuttle
281643;F002_BC_1723;F002 Desvío a SS2 desde shuttle
281645;F002_KCS_1616;F002 Entrada pasillo 01 DCHA nivel 03
281646;F002_KCC_1617_01;F002 Entrada pasillo 01 DCHA nivel 03
281647;F002_KRC_1617;F002 Entrada pasillo 01 DCHA nivel 03
281648;F002_KRC_1618_02;F002 Entrada pasillo 01 DCHA nivel 03
281649;F002_KAC_1618_01;F002 Entrada pasillo 01 DCHA nivel 03
281650;F002_KRC_1618;F002 Entrada pasillo 01 DCHA nivel 03
281651;F002_SR2_1621;F002 Entrada pasillo 01 DCHA nivel 03
281652;F002_CD2_1623;F002 Entrada pasillo 01 DCHA nivel 03
281653;F002_KRC_1625;F002 Entrada pasillo 01 DCHA nivel 03
281654;W001_ESC_1941;F002 Entrada pasillo 01 DCHA nivel 03
281655;W001_PDSS_1942;F002 Entrada pasillo 01 DCHA nivel 03
281656;W001_ESC_1943;F002 Entrada pasillo 01 DCHA nivel 03
281658;F002_KCS_1576;F002 Entrada pasillo 01 IZQ nivel 03
281659;F002_KCC_1577_01;F002 Entrada pasillo 01 IZQ nivel 03
281660;F002_KRC_1577;F002 Entrada pasillo 01 IZQ nivel 03
281661;F002_KRC_1578_02;F002 Entrada pasillo 01 IZQ nivel 03
281662;F002_KAC_1578_01;F002 Entrada pasillo 01 IZQ nivel 03
281663;F002_KRC_1578;F002 Entrada pasillo 01 IZQ nivel 03
281664;F002_SR2_1581;F002 Entrada pasillo 01 IZQ nivel 03
281665;F002_CD2_1583;F002 Entrada pasillo 01 IZQ nivel 03
281666;F002_KRC_1585;F002 Entrada pasillo 01 IZQ nivel 03
281667;W001_ESC_1951;F002 Entrada pasillo 01 IZQ nivel 03
281668;W001_PDSS_1952;F002 Entrada pasillo 01 IZQ nivel 03
281669;W001_ESC_1953;F002 Entrada pasillo 01 IZQ nivel 03
281671;F002_KCS_1536;F002 Entrada pasillo 02 DCHA nivel 03
281672;F002_KRC_1537_01;F002 Entrada pasillo 02 DCHA nivel 03
281673;F002_KCC_1537;F002 Entrada pasillo 02 DCHA nivel 03
281674;F002_KRC_1538_02;F002 Entrada pasillo 02 DCHA nivel 03
281675;F002_KAC_1538_01;F002 Entrada pasillo 02 DCHA nivel 03
281676;F002_KRC_1538;F002 Entrada pasillo 02 DCHA nivel 03
281677;F002_SR2_1541;F002 Entrada pasillo 02 DCHA nivel 03
281678;F002_CD2_1543;F002 Entrada pasillo 02 DCHA nivel 03
281679;F002_KRC_1545;F002 Entrada pasillo 02 DCHA nivel 03
281680;W002_ESC_1941;F002 Entrada pasillo 02 DCHA nivel 03
281681;W002_PDSS_1942;F002 Entrada pasillo 02 DCHA nivel 03
281682;W002_ESC_1943;F002 Entrada pasillo 02 DCHA nivel 03
281684;F002_KCS_1496;F002 Entrada pasillo 02 IZQ nivel 03
281685;F002_KRC_1497;F002 Entrada pasillo 02 IZQ nivel 03
281686;F002_KCC_1498_03;F002 Entrada pasillo 02 IZQ nivel 03
281687;F002_KRC_1498_02;F002 Entrada pasillo 02 IZQ nivel 03
281688;F002_KAC_1498_01;F002 Entrada pasillo 02 IZQ nivel 03
281689;F002_KRC_1498;F002 Entrada pasillo 02 IZQ nivel 03
281690;F002_SR2_1501;F002 Entrada pasillo 02 IZQ nivel 03
281691;F002_CD2_1503;F002 Entrada pasillo 02 IZQ nivel 03
281692;F002_KRC_1505;F002 Entrada pasillo 02 IZQ nivel 03
281693;W002_ESC_1951;F002 Entrada pasillo 02 IZQ nivel 03
281694;W002_PDSS_1952;F002 Entrada pasillo 02 IZQ nivel 03
281695;W002_ESC_1953;F002 Entrada pasillo 02 IZQ nivel 03
281697;F002_KCS_1456;F002 Entrada pasillo 03 DCHA nivel 03
281698;F002_KRC_1457;F002 Entrada pasillo 03 DCHA nivel 03
281699;F002_KCC_1458_03;F002 Entrada pasillo 03 DCHA nivel 03
281700;F002_KRC_1458_02;F002 Entrada pasillo 03 DCHA nivel 03
281701;F002_KAC_1458_01;F002 Entrada pasillo 03 DCHA nivel 03
281702;F002_KRC_1458;F002 Entrada pasillo 03 DCHA nivel 03
281703;F002_SR2_1461;F002 Entrada pasillo 03 DCHA nivel 03
281704;F002_CD2_1463;F002 Entrada pasillo 03 DCHA nivel 03
281705;F002_KRC_1465;F002 Entrada pasillo 03 DCHA nivel 03
281706;W003_ESC_1941;F002 Entrada pasillo 03 DCHA nivel 03
281707;W003_PDSS_1942;F002 Entrada pasillo 03 DCHA nivel 03
281708;W003_ESC_1943;F002 Entrada pasillo 03 DCHA nivel 03
281710;F002_KCS_1416;F002 Entrada pasillo 03 IZQ nivel 03
281711;F002_KCC_1417_01;F002 Entrada pasillo 03 IZQ nivel 03
281712;F002_KRC_1417;F002 Entrada pasillo 03 IZQ nivel 03
281713;F002_KRC_1418_02;F002 Entrada pasillo 03 IZQ nivel 03
281714;F002_KAC_1418_01;F002 Entrada pasillo 03 IZQ nivel 03
281715;F002_KRC_1418;F002 Entrada pasillo 03 IZQ nivel 03
281716;F002_SR2_1421;F002 Entrada pasillo 03 IZQ nivel 03
281717;F002_CD2_1423;F002 Entrada pasillo 03 IZQ nivel 03
281718;F002_KRC_1425;F002 Entrada pasillo 03 IZQ nivel 03
281719;W003_ESC_1951;F002 Entrada pasillo 03 IZQ nivel 03
281720;W003_PDSS_1952;F002 Entrada pasillo 03 IZQ nivel 03
281721;W003_ESC_1953;F002 Entrada pasillo 03 IZQ nivel 03
281723;F002_KCS_1376;F002 Entrada pasillo 04 DCHA nivel 03
281724;F002_KRC_1377_01;F002 Entrada pasillo 04 DCHA nivel 03
281725;F002_KCC_1377;F002 Entrada pasillo 04 DCHA nivel 03
281726;F002_KRC_1378_02;F002 Entrada pasillo 04 DCHA nivel 03
281727;F002_KAC_1378_01;F002 Entrada pasillo 04 DCHA nivel 03
281728;F002_KRC_1378;F002 Entrada pasillo 04 DCHA nivel 03
281729;F002_SR2_1381;F002 Entrada pasillo 04 DCHA nivel 03
281730;F002_CD2_1383;F002 Entrada pasillo 04 DCHA nivel 03
281731;F002_KRC_1385;F002 Entrada pasillo 04 DCHA nivel 03
281732;W004_ESC_1941;F002 Entrada pasillo 04 DCHA nivel 03
281733;W004_PDSS_1942;F002 Entrada pasillo 04 DCHA nivel 03
281734;W004_ESC_1943;F002 Entrada pasillo 04 DCHA nivel 03
281736;F002_KCS_1336;F002 Entrada pasillo 04 IZQ nivel 03
281737;F002_KRC_1337;F002 Entrada pasillo 04 IZQ nivel 03
281738;F002_KCC_1338_03;F002 Entrada pasillo 04 IZQ nivel 03
281739;F002_KRC_1338_02;F002 Entrada pasillo 04 IZQ nivel 03
281740;F002_KAC_1338_01;F002 Entrada pasillo 04 IZQ nivel 03
281741;F002_KRC_1338;F002 Entrada pasillo 04 IZQ nivel 03
281742;F002_SR2_1341;F002 Entrada pasillo 04 IZQ nivel 03
281743;F002_CD2_1343;F002 Entrada pasillo 04 IZQ nivel 03
281744;F002_KRC_1345;F002 Entrada pasillo 04 IZQ nivel 03
281745;W004_ESC_1951;F002 Entrada pasillo 04 IZQ nivel 03
281746;W004_PDSS_1952;F002 Entrada pasillo 04 IZQ nivel 03
281747;W004_ESC_1953;F002 Entrada pasillo 04 IZQ nivel 03
281749;F002_KCS_1296;F002 Entrada pasillo 05 DCHA nivel 03
281750;F002_KRC_1297;F002 Entrada pasillo 05 DCHA nivel 03
281751;F002_KCC_1298_03;F002 Entrada pasillo 05 DCHA nivel 03
281752;F002_KRC_1298_02;F002 Entrada pasillo 05 DCHA nivel 03
281753;F002_KAC_1298_01;F002 Entrada pasillo 05 DCHA nivel 03
281754;F002_KRC_1298;F002 Entrada pasillo 05 DCHA nivel 03
281755;F002_SR2_1301;F002 Entrada pasillo 05 DCHA nivel 03
281756;F002_CD2_1303;F002 Entrada pasillo 05 DCHA nivel 03
281757;F002_KRC_1305;F002 Entrada pasillo 05 DCHA nivel 03
281758;W005_ESC_1941;F002 Entrada pasillo 05 DCHA nivel 03
281759;W005_PDSS_1942;F002 Entrada pasillo 05 DCHA nivel 03
281760;W005_ESC_1943;F002 Entrada pasillo 05 DCHA nivel 03
281762;F002_KCS_1256;F002 Entrada pasillo 05 IZQ nivel 03
281763;F002_KCC_1257_01;F002 Entrada pasillo 05 IZQ nivel 03
281764;F002_KRC_1257;F002 Entrada pasillo 05 IZQ nivel 03
281765;F002_KRC_1258_02;F002 Entrada pasillo 05 IZQ nivel 03
281766;F002_KAC_1258_01;F002 Entrada pasillo 05 IZQ nivel 03
281767;F002_KRC_1258;F002 Entrada pasillo 05 IZQ nivel 03
281768;F002_SR2_1261;F002 Entrada pasillo 05 IZQ nivel 03
281769;F002_CD2_1263;F002 Entrada pasillo 05 IZQ nivel 03
281770;F002_KRC_1265;F002 Entrada pasillo 05 IZQ nivel 03
281771;W005_ESC_1951;F002 Entrada pasillo 05 IZQ nivel 03
281772;W005_PDSS_1952;F002 Entrada pasillo 05 IZQ nivel 03
281773;W005_ESC_1953;F002 Entrada pasillo 05 IZQ nivel 03
281775;F002_KCS_1216;F002 Entrada pasillo 06 DCHA nivel 03
281776;F002_KRC_1217_01;F002 Entrada pasillo 06 DCHA nivel 03
281777;F002_KCC_1217;F002 Entrada pasillo 06 DCHA nivel 03
281778;F002_KRC_1218_02;F002 Entrada pasillo 06 DCHA nivel 03
281779;F002_KAC_1218_01;F002 Entrada pasillo 06 DCHA nivel 03
281780;F002_KRC_1218;F002 Entrada pasillo 06 DCHA nivel 03
281781;F002_SR2_1221;F002 Entrada pasillo 06 DCHA nivel 03
281782;F002_CD2_1223;F002 Entrada pasillo 06 DCHA nivel 03
281783;F002_KRC_1225;F002 Entrada pasillo 06 DCHA nivel 03
281784;W006_ESC_1941;F002 Entrada pasillo 06 DCHA nivel 03
281785;W006_PDSS_1942;F002 Entrada pasillo 06 DCHA nivel 03
281786;W006_ESC_1943;F002 Entrada pasillo 06 DCHA nivel 03
281788;F002_KCS_1176;F002 Entrada pasillo 06 IZQ nivel 03
281789;F002_KRC_1177;F002 Entrada pasillo 06 IZQ nivel 03
281790;F002_KCC_1178_03;F002 Entrada pasillo 06 IZQ nivel 03
281791;F002_KRC_1178_02;F002 Entrada pasillo 06 IZQ nivel 03
281792;F002_KAC_1178_01;F002 Entrada pasillo 06 IZQ nivel 03
281793;F002_KRC_1178;F002 Entrada pasillo 06 IZQ nivel 03
281794;F002_SR2_1181;F002 Entrada pasillo 06 IZQ nivel 03
281795;F002_CD2_1183;F002 Entrada pasillo 06 IZQ nivel 03
281796;F002_KRC_1185;F002 Entrada pasillo 06 IZQ nivel 03
281797;W006_ESC_1951;F002 Entrada pasillo 06 IZQ nivel 03
281798;W006_PDSS_1952;F002 Entrada pasillo 06 IZQ nivel 03
281799;W006_ESC_1953;F002 Entrada pasillo 06 IZQ nivel 03
281801;F002_KRC_1116;F002 Loop entrada shuttle nivel 03
281802;F002_KRC_1127_03;F002 Loop entrada shuttle nivel 03
281803;F002_KAC_1127_02;F002 Loop entrada shuttle nivel 03
281804;F002_ESC_1123;F002 Loop entrada shuttle nivel 03
281805;F002_KRC_1127_01;F002 Loop entrada shuttle nivel 03
281806;F002_PWT_1126;F002 Loop entrada shuttle nivel 03
281807;F002_KRC_1127;F002 Loop entrada shuttle nivel 03
281808;F002_KRC_1130;F002 Loop entrada shuttle nivel 03
281809;F002_ESC_1131;F002 Loop entrada shuttle nivel 03
281810;F002_KCC_1138_08;F002 Loop entrada shuttle nivel 03
281811;F002_KCC_1138_07;F002 Loop entrada shuttle nivel 03
281812;F002_KRC_1138_06;F002 Loop entrada shuttle nivel 03
281813;F002_KCC_1138_05;F002 Loop entrada shuttle nivel 03
281814;F002_KCC_1138_04;F002 Loop entrada shuttle nivel 03
281815;F002_KRC_1138_03;F002 Loop entrada shuttle nivel 03
281816;F002_PWT_1135;F002 Loop entrada shuttle nivel 03
281817;F002_KRC_1138_02;F002 Loop entrada shuttle nivel 03
281818;F002_PWT_1136;F002 Loop entrada shuttle nivel 03
281819;F002_KRC_1138_01;F002 Loop entrada shuttle nivel 03
281820;F002_PWT_1137;F002 Loop entrada shuttle nivel 03
281821;F002_KRC_1138;F002 Loop entrada shuttle nivel 03
281822;F002_BC_1139;F002 Loop entrada shuttle nivel 03
281823;F002_KRC_1144_04;F002 Loop entrada shuttle nivel 03
281824;F002_PWT_1140;F002 Loop entrada shuttle nivel 03
281825;F002_KRC_1144_03;F002 Loop entrada shuttle nivel 03
281826;F002_PWT_1141;F002 Loop entrada shuttle nivel 03
281827;F002_KRC_1144_02;F002 Loop entrada shuttle nivel 03
281828;F002_PWT_1142;F002 Loop entrada shuttle nivel 03
281829;F002_KRC_1144_01;F002 Loop entrada shuttle nivel 03
281830;F002_PWT_1143;F002 Loop entrada shuttle nivel 03
281831;F002_KRC_1144;F002 Loop entrada shuttle nivel 03
281832;F002_BC_1145;F002 Loop entrada shuttle nivel 03
281833;F002_KRC_1154_4;F002 Loop entrada shuttle nivel 03
281834;F002_PWT_1146;F002 Loop entrada shuttle nivel 03
281835;F002_KRC_1153;F002 Loop entrada shuttle nivel 03
281836;F002_PWT_1147;F002 Loop entrada shuttle nivel 03
281837;F002_KRC_1152;F002 Loop entrada shuttle nivel 03
281838;F002_PWT_1148;F002 Loop entrada shuttle nivel 03
281839;F002_KRC_1151;F002 Loop entrada shuttle nivel 03
281840;F002_PWT_1149;F002 Loop entrada shuttle nivel 03
281841;F002_KRC_1150;F002 Loop entrada shuttle nivel 03
281842;F002_BC_1151;F002 Loop entrada shuttle nivel 03
281843;F002_KRC_1154_02;F002 Loop entrada shuttle nivel 03
281844;F002_PWT_1152;F002 Loop entrada shuttle nivel 03
281845;F002_KRC_1154_01;F002 Loop entrada shuttle nivel 03
281846;F002_PWT_1153;F002 Loop entrada shuttle nivel 03
281847;F002_KRC_1154;F002 Loop entrada shuttle nivel 03
281848;F002_PWT_1155;F002 Loop entrada shuttle nivel 03
281849;F002_KRC_1156_06;F002 Loop entrada shuttle nivel 03
281850;F002_KCC_1156_05;F002 Loop entrada shuttle nivel 03
281851;F002_KCC_1156_04;F002 Loop entrada shuttle nivel 03
281852;F002_KRC_1156_03;F002 Loop entrada shuttle nivel 03
281853;F002_KCC_1156_02;F002 Loop entrada shuttle nivel 03
281854;F002_KCC_1156_01;F002 Loop entrada shuttle nivel 03
281855;F002_KRC_1156;F002 Loop entrada shuttle nivel 03
281857;W001_PDSS_1946;F002 Salida pasillo 01 DCHA nivel 03
281858;F002_KRC_1631;F002 Salida pasillo 01 DCHA nivel 03
281859;F002_TD_634;F002 Salida pasillo 01 DCHA nivel 03
281860;F002_KAC_1633;F002 Salida pasillo 01 DCHA nivel 03
281861;F002_KAC_1636_01;F002 Salida pasillo 01 DCHA nivel 03
281862;F002_KRC_1636;F002 Salida pasillo 01 DCHA nivel 03
281863;F002_KCC_1640;F002 Salida pasillo 01 DCHA nivel 03
281864;F002_KCS_1641;F002 Salida pasillo 01 DCHA nivel 03
281866;W001_PDSS_1956;F002 Salida pasillo 01 IZQ nivel 03
281867;F002_KRC_1591;F002 Salida pasillo 01 IZQ nivel 03
281868;F002_TD_594;F002 Salida pasillo 01 IZQ nivel 03
281869;F002_KAC_1593;F002 Salida pasillo 01 IZQ nivel 03
281870;F002_KAC_1596_01;F002 Salida pasillo 01 IZQ nivel 03
281871;F002_KRC_1596;F002 Salida pasillo 01 IZQ nivel 03
281872;F002_KCC_1600;F002 Salida pasillo 01 IZQ nivel 03
281873;F002_KCS_1601;F002 Salida pasillo 01 IZQ nivel 03
281875;W002_PDSS_1946;F002 Salida pasillo 02 DCHA nivel 03
281876;F002_KRC_1551;F002 Salida pasillo 02 DCHA nivel 03
281877;F002_TD_554;F002 Salida pasillo 02 DCHA nivel 03
281878;F002_KAC_1553;F002 Salida pasillo 02 DCHA nivel 03
281879;F002_KAC_1556_01;F002 Salida pasillo 02 DCHA nivel 03
281880;F002_KRC_1556;F002 Salida pasillo 02 DCHA nivel 03
281881;F002_KCC_1560;F002 Salida pasillo 02 DCHA nivel 03
281882;F002_KCS_1561;F002 Salida pasillo 02 DCHA nivel 03
281884;W002_PDSS_1956;F002 Salida pasillo 02 IZQ nivel 03
281885;F002_KRC_1511;F002 Salida pasillo 02 IZQ nivel 03
281886;F002_TD_514;F002 Salida pasillo 02 IZQ nivel 03
281887;F002_KAC_1513;F002 Salida pasillo 02 IZQ nivel 03
281888;F002_KAC_1516_01;F002 Salida pasillo 02 IZQ nivel 03
281889;F002_KRC_1516;F002 Salida pasillo 02 IZQ nivel 03
281890;F002_KCC_1520;F002 Salida pasillo 02 IZQ nivel 03
281891;F002_KCS_1521;F002 Salida pasillo 02 IZQ nivel 03
281893;W003_PDSS_1946;F002 Salida pasillo 03 DCHA nivel 03
281894;F002_KRC_1471;F002 Salida pasillo 03 DCHA nivel 03
281895;F002_TD_474;F002 Salida pasillo 03 DCHA nivel 03
281896;F002_KAC_1473;F002 Salida pasillo 03 DCHA nivel 03
281897;F002_KAC_1476_01;F002 Salida pasillo 03 DCHA nivel 03
281898;F002_KRC_1476;F002 Salida pasillo 03 DCHA nivel 03
281899;F002_KCC_1480;F002 Salida pasillo 03 DCHA nivel 03
281900;F002_KCS_1481;F002 Salida pasillo 03 DCHA nivel 03
281902;W003_PDSS_1956;F002 Salida pasillo 03 IZQ nivel 03
281903;F002_KRC_1431;F002 Salida pasillo 03 IZQ nivel 03
281904;F002_TD_434;F002 Salida pasillo 03 IZQ nivel 03
281905;F002_KAC_1433;F002 Salida pasillo 03 IZQ nivel 03
281906;F002_KAC_1436_01;F002 Salida pasillo 03 IZQ nivel 03
281907;F002_KRC_1436;F002 Salida pasillo 03 IZQ nivel 03
281908;F002_KCC_1440;F002 Salida pasillo 03 IZQ nivel 03
281909;F002_KCS_1441;F002 Salida pasillo 03 IZQ nivel 03
281911;W004_PDSS_1946;F002 Salida pasillo 04 DCHA nivel 03
281912;F002_KRC_1391;F002 Salida pasillo 04 DCHA nivel 03
281913;F002_TD_394;F002 Salida pasillo 04 DCHA nivel 03
281914;F002_KAC_1393;F002 Salida pasillo 04 DCHA nivel 03
281915;F002_KAC_1396_01;F002 Salida pasillo 04 DCHA nivel 03
281916;F002_KRC_1396;F002 Salida pasillo 04 DCHA nivel 03
281917;F002_KCC_1400;F002 Salida pasillo 04 DCHA nivel 03
281918;F002_KCS_1401;F002 Salida pasillo 04 DCHA nivel 03
281920;W004_PDSS_1956;F002 Salida pasillo 04 IZQ nivel 03
281921;F002_KRC_1351;F002 Salida pasillo 04 IZQ nivel 03
281922;F002_TD_354;F002 Salida pasillo 04 IZQ nivel 03
281923;F002_KAC_1353;F002 Salida pasillo 04 IZQ nivel 03
281924;F002_KAC_1356_01;F002 Salida pasillo 04 IZQ nivel 03
281925;F002_KRC_1356;F002 Salida pasillo 04 IZQ nivel 03
281926;F002_KCC_1360;F002 Salida pasillo 04 IZQ nivel 03
281927;F002_KCS_1361;F002 Salida pasillo 04 IZQ nivel 03
281929;W005_PDSS_1946;F002 Salida pasillo 05 DCHA nivel 03
281930;F002_KRC_1311;F002 Salida pasillo 05 DCHA nivel 03
281931;F002_TD_314;F002 Salida pasillo 05 DCHA nivel 03
281932;F002_KAC_1313;F002 Salida pasillo 05 DCHA nivel 03
281933;F002_KAC_1316_01;F002 Salida pasillo 05 DCHA nivel 03
281934;F002_KRC_1316;F002 Salida pasillo 05 DCHA nivel 03
281935;F002_KCC_1320;F002 Salida pasillo 05 DCHA nivel 03
281936;F002_KCS_1321;F002 Salida pasillo 05 DCHA nivel 03
281938;W005_PDSS_1956;F002 Salida pasillo 05 IZQ nivel 03
281939;F002_KRC_1271;F002 Salida pasillo 05 IZQ nivel 03
281940;F002_TD_274;F002 Salida pasillo 05 IZQ nivel 03
281941;F002_KAC_1273;F002 Salida pasillo 05 IZQ nivel 03
281942;F002_KAC_1276_01;F002 Salida pasillo 05 IZQ nivel 03
281943;F002_KRC_1276;F002 Salida pasillo 05 IZQ nivel 03
281944;F002_KCC_1280;F002 Salida pasillo 05 IZQ nivel 03
281945;F002_KCS_1281;F002 Salida pasillo 05 IZQ nivel 03
281947;W006_PDSS_1946;F002 Salida pasillo 06 DCHA nivel 03
281948;F002_KRC_1231;F002 Salida pasillo 06 DCHA nivel 03
281949;F002_TD_234;F002 Salida pasillo 06 DCHA nivel 03
281950;F002_KAC_1233;F002 Salida pasillo 06 DCHA nivel 03
281951;F002_KAC_1236_01;F002 Salida pasillo 06 DCHA nivel 03
281952;F002_KRC_1236;F002 Salida pasillo 06 DCHA nivel 03
281953;F002_KCC_1240;F002 Salida pasillo 06 DCHA nivel 03
281954;F002_KCS_1241;F002 Salida pasillo 06 DCHA nivel 03
281956;W006_PDSS_1956;F002 Salida pasillo 06 IZQ nivel 03
281957;F002_KRC_1191;F002 Salida pasillo 06 IZQ nivel 03
281958;F002_TD_194;F002 Salida pasillo 06 IZQ nivel 03
281959;F002_KAC_1193;F002 Salida pasillo 06 IZQ nivel 03
281960;F002_KAC_1196_01;F002 Salida pasillo 06 IZQ nivel 03
281961;F002_KRC_1196;F002 Salida pasillo 06 IZQ nivel 03
281962;F002_KCC_1200;F002 Salida pasillo 06 IZQ nivel 03
281963;F002_KCS_1201;F002 Salida pasillo 06 IZQ nivel 03
281966;F003_KCS_1173;F003 Desvío a SS2 desde colector salida
281967;F003_KRC_1174_03;F003 Desvío a SS2 desde colector salida
281968;F003_KRC_1174_02;F003 Desvío a SS2 desde colector salida
281969;F003_KCC_1174_01;F003 Desvío a SS2 desde colector salida
281970;F003_KRC_1174;F003 Desvío a SS2 desde colector salida
281971;F003_BC_1175;F003 Desvío a SS2 desde colector salida
281972;F003_BC_1176;F003 Desvío a SS2 desde colector salida
281973;F003_BC_1177;F003 Desvío a SS2 desde colector salida
281974;F003_BC_1178;F003 Desvío a SS2 desde colector salida
281975;F003_KRC_1179_03;F003 Desvío a SS2 desde colector salida
281976;F003_KCC_1179_02;F003 Desvío a SS2 desde colector salida
281977;F003_KCC_1179_01;F003 Desvío a SS2 desde colector salida
281978;F003_KRC_1179;F003 Desvío a SS2 desde colector salida
281979;F003_KAC_1181;F003 Desvío a SS2 desde colector salida
281980;F003_KCC_1180;F003 Desvío a SS2 desde colector salida
281981;F002_KRC_1717;F003 Desvío a SS2 desde colector salida
281982;F002_KCS_1718;F003 Desvío a SS2 desde colector salida
281984;F003_KCS_1198;F003 Entrada loop SLB expedición DOWN
281985;F003_KRC_1199_06;F003 Entrada loop SLB expedición DOWN
281986;F003_KCC_1199_05;F003 Entrada loop SLB expedición DOWN
281987;F003_KRC_1199_04;F003 Entrada loop SLB expedición DOWN
281988;F003_KRC_1199_03;F003 Entrada loop SLB expedición DOWN
281989;F003_KRC_1199_02;F003 Entrada loop SLB expedición DOWN
281990;F003_KRC_1199_01;F003 Entrada loop SLB expedición DOWN
281991;F003_KRC_1199;F003 Entrada loop SLB expedición DOWN
281992;F004_KCC_1101_01;F003 Entrada loop SLB expedición DOWN
281993;F004_KRC_1101;F003 Entrada loop SLB expedición DOWN
281994;F004_KRC_1102_02;F003 Entrada loop SLB expedición DOWN
281995;F004_KAC_1102_01;F003 Entrada loop SLB expedición DOWN
281996;F004_KRC_1102;F003 Entrada loop SLB expedición DOWN
281997;F004_KCS_1103;F003 Entrada loop SLB expedición DOWN
281999;F003_KRC_1152;F003 Entrada loop SLB expedición UP
282000;F003_KRC_1154;F003 Entrada loop SLB expedición UP
282001;F004_BC_1341;F003 Entrada loop SLB expedición UP
282002;F004_KRC_1342_02;F003 Entrada loop SLB expedición UP
282003;F004_KCC_1342_01;F003 Entrada loop SLB expedición UP
282004;F004_KRC_1342;F003 Entrada loop SLB expedición UP
282005;F004_KRC_1343_01;F003 Entrada loop SLB expedición UP
282006;F004_KCS_1343;F003 Entrada loop SLB expedición UP
282008;F003_BC_1211;F003 Sum. loop shuttle niv. 01 desde SS2
282009;F003_BC_1212;F003 Sum. loop shuttle niv. 01 desde SS2
282010;F003_KRC_1213_01;F003 Sum. loop shuttle niv. 01 desde SS2
282011;F003_KCC_1213;F003 Sum. loop shuttle niv. 01 desde SS2
282012;F003_KCC_1214_01;F003 Sum. loop shuttle niv. 01 desde SS2
282013;F003_KRC_1214;F003 Sum. loop shuttle niv. 01 desde SS2
282014;F003_KRC_1215;F003 Sum. loop shuttle niv. 01 desde SS2
282015;F003_KCC_1216_02;F003 Sum. loop shuttle niv. 01 desde SS2
282016;F003_KCC_1216_01;F003 Sum. loop shuttle niv. 01 desde SS2
282017;F003_KRC_1216;F003 Sum. loop shuttle niv. 01 desde SS2
282018;F003_BC_1217;F003 Sum. loop shuttle niv. 01 desde SS2
282019;F003_BC_1218;F003 Sum. loop shuttle niv. 01 desde SS2
282020;F003_KRC_1219_03;F003 Sum. loop shuttle niv. 01 desde SS2
282021;F003_KCC_1219_02;F003 Sum. loop shuttle niv. 01 desde SS2
282022;F003_KCC_1219_01;F003 Sum. loop shuttle niv. 01 desde SS2
282023;F003_KRC_1219;F003 Sum. loop shuttle niv. 01 desde SS2
282024;F003_BC_1220;F003 Sum. loop shuttle niv. 01 desde SS2
282025;F003_KRC_1221_02;F003 Sum. loop shuttle niv. 01 desde SS2
282026;F003_KAC_1221_01;F003 Sum. loop shuttle niv. 01 desde SS2
282027;F003_KCC_1221;F003 Sum. loop shuttle niv. 01 desde SS2
282028;F001_KRC_1101;F003 Sum. loop shuttle niv. 01 desde SS2
282029;F001_KRC_1102;F003 Sum. loop shuttle niv. 01 desde SS2
282030;F001_KCS_1103;F003 Sum. loop shuttle niv. 01 desde SS2
282032;F003_BC_1241;F003 Sum. loop shuttle niv. 03 desde SS2
282033;F003_BC_1242;F003 Sum. loop shuttle niv. 03 desde SS2
282034;F003_KRC_1243_01;F003 Sum. loop shuttle niv. 03 desde SS2
282035;F003_KCC_1243;F003 Sum. loop shuttle niv. 03 desde SS2
282036;F003_KCC_1244_01;F003 Sum. loop shuttle niv. 03 desde SS2
282037;F003_KRC_1244;F003 Sum. loop shuttle niv. 03 desde SS2
282038;F003_KRC_1245;F003 Sum. loop shuttle niv. 03 desde SS2
282039;F003_BC_1246;F003 Sum. loop shuttle niv. 03 desde SS2
282040;F003_KRC_1247_03;F003 Sum. loop shuttle niv. 03 desde SS2
282041;F003_KCC_1247_02;F003 Sum. loop shuttle niv. 03 desde SS2
282042;F003_KCC_1247_01;F003 Sum. loop shuttle niv. 03 desde SS2
282043;F003_KRC_1247;F003 Sum. loop shuttle niv. 03 desde SS2
282044;F003_BC_1248;F003 Sum. loop shuttle niv. 03 desde SS2
282045;F003_BC_1249;F003 Sum. loop shuttle niv. 03 desde SS2
282046;F003_KRC_1253;F003 Sum. loop shuttle niv. 03 desde SS2
282047;F003_KCC_1252_2;F003 Sum. loop shuttle niv. 03 desde SS2
282048;F003_KCC_1251;F003 Sum. loop shuttle niv. 03 desde SS2
282049;F003_KRC_1250;F003 Sum. loop shuttle niv. 03 desde SS2
282050;F003_BC_1251;F003 Sum. loop shuttle niv. 03 desde SS2
282051;F003_KRC_1252_02;F003 Sum. loop shuttle niv. 03 desde SS2
282052;F003_KAC_1252_01;F003 Sum. loop shuttle niv. 03 desde SS2
282053;F003_KCC_1252;F003 Sum. loop shuttle niv. 03 desde SS2
282054;F002_KRC_1101;F003 Sum. loop shuttle niv. 03 desde SS2
282055;F002_KRC_1102;F003 Sum. loop shuttle niv. 03 desde SS2
282056;F002_KCS_1103;F003 Sum. loop shuttle niv. 03 desde SS2
282058;F006_BC_1151;F006 Línea 2 intercambio SS2 con SS1
282059;F006_BC_1152;F006 Línea 2 intercambio SS2 con SS1
282060;F006_KRC_1153_01;F006 Línea 2 intercambio SS2 con SS1
282061;F006_KCC_1153;F006 Línea 2 intercambio SS2 con SS1
282062;F006_KCC_1154_01;F006 Línea 2 intercambio SS2 con SS1
282063;F006_KRC_1154;F006 Línea 2 intercambio SS2 con SS1
282064;F006_KRC_1155;F006 Línea 2 intercambio SS2 con SS1
282065;F006_BC_1156;F006 Línea 2 intercambio SS2 con SS1
282066;F006_KRC_1157_03;F006 Línea 2 intercambio SS2 con SS1
282067;F006_KCC_1157_02;F006 Línea 2 intercambio SS2 con SS1
282068;F006_KCC_1157_01;F006 Línea 2 intercambio SS2 con SS1
282069;F006_KRC_1157;F006 Línea 2 intercambio SS2 con SS1
282070;F006_BC_1158;F006 Línea 2 intercambio SS2 con SS1
282071;F006_KRC_1159_03;F006 Línea 2 intercambio SS2 con SS1
282072;F006_KCC_1159_02;F006 Línea 2 intercambio SS2 con SS1
282073;F006_KCC_1159_01;F006 Línea 2 intercambio SS2 con SS1
282074;F006_KRC_1159;F006 Línea 2 intercambio SS2 con SS1
282075;F006_KCC_1161;F006 Línea 2 intercambio SS2 con SS1
282076;F006_KCC_1160;F006 Línea 2 intercambio SS2 con SS1
282077;F006_KRC_1164_01;F006 Línea 2 intercambio SS2 con SS1
282078;F006_KCC_1164;F006 Línea 2 intercambio SS2 con SS1
282079;F006_KCC_1165;F006 Línea 2 intercambio SS2 con SS1
282080;F006_KRC_1167;F006 Línea 2 intercambio SS2 con SS1
282081;F006_KRC_1168;F006 Línea 2 intercambio SS2 con SS1
282082;F006_KRC_1172;F006 Línea 2 intercambio SS2 con SS1
282083;F006_KRC_1173_02;F006 Línea 2 intercambio SS2 con SS1
282084;F006_KCC_1173_01;F006 Línea 2 intercambio SS2 con SS1
282085;F006_KCC_1173;F006 Línea 2 intercambio SS2 con SS1
282086;F006_KRC_1174;F006 Línea 2 intercambio SS2 con SS1
282088;FLJ1_TERK_20_11_01;F006 Línea directa desde FLJ1 a CCR3
282089;FLJ1_RSPN_20_11_02;F006 Línea directa desde FLJ1 a CCR3
282090;F006_KRC_1101;F006 Línea directa desde FLJ1 a CCR3
282091;F006_BC_1102;F006 Línea directa desde FLJ1 a CCR3
282092;F006_KRC_1103;F006 Línea directa desde FLJ1 a CCR3
282093;F006_KCC_1104_04;F006 Línea directa desde FLJ1 a CCR3
282094;F006_KCC_1104_03;F006 Línea directa desde FLJ1 a CCR3
282095;F006_KRC_1104_02;F006 Línea directa desde FLJ1 a CCR3
282096;F006_KCC_1104_01;F006 Línea directa desde FLJ1 a CCR3
282097;F006_KCC_1104;F006 Línea directa desde FLJ1 a CCR3
282098;F006_KRC_1105;F006 Línea directa desde FLJ1 a CCR3
282099;F006_KRC_1109;F006 Línea directa desde FLJ1 a CCR3
282100;F006_KRC_1110;F006 Línea directa desde FLJ1 a CCR3
282101;F006_KRC_1111;F006 Línea directa desde FLJ1 a CCR3
282102;F006_KRC_1113;F006 Línea directa desde FLJ1 a CCR3
282103;F006_KRC_1114_01;F006 Línea directa desde FLJ1 a CCR3
282104;F006_KCC_1114;F006 Línea directa desde FLJ1 a CCR3
282105;F006_KCC_1115_02;F006 Línea directa desde FLJ1 a CCR3
282106;F006_KRC_1115_01;F006 Línea directa desde FLJ1 a CCR3
282107;F006_KRC_1115;F006 Línea directa desde FLJ1 a CCR3
282108;F006_KRC_1119_01;F006 Línea directa desde FLJ1 a CCR3
282109;F006_KRC_1119;F006 Línea directa desde FLJ1 a CCR3
282110;F006_KRC_1120;F006 Línea directa desde FLJ1 a CCR3
282111;F006_KRC_1124;F006 Línea directa desde FLJ1 a CCR3
282112;F006_KRC_1125;F006 Línea directa desde FLJ1 a CCR3
282113;F006_BC_1126;F006 Línea directa desde FLJ1 a CCR3
282114;F006_BC_1127;F006 Línea directa desde FLJ1 a CCR3
282115;F006_KRC_1128_10;F006 Línea directa desde FLJ1 a CCR3
282116;F006_KCC_1128_09;F006 Línea directa desde FLJ1 a CCR3
282117;F006_KRC_1128_08;F006 Línea directa desde FLJ1 a CCR3
282118;F006_KCC_1128_07;F006 Línea directa desde FLJ1 a CCR3
282119;F006_KRC_1128_06;F006 Línea directa desde FLJ1 a CCR3
282120;F006_KCC_1128_05;F006 Línea directa desde FLJ1 a CCR3
282121;F006_KCC_1128_04;F006 Línea directa desde FLJ1 a CCR3
282122;F006_KRC_1128_03;F006 Línea directa desde FLJ1 a CCR3
282123;F006_KCC_1128_02;F006 Línea directa desde FLJ1 a CCR3
282124;F006_KCC_1128_01;F006 Línea directa desde FLJ1 a CCR3
282125;F006_KRC_1128;F006 Línea directa desde FLJ1 a CCR3
282128;F004_BC_1317;F004 Colector principal salida SLB exp.
282129;F004_BC_1318;F004 Colector principal salida SLB exp.
282130;F004_KRC_1321_03;F004 Colector principal salida SLB exp.
282131;F004_KCC_1321_02;F004 Colector principal salida SLB exp.
282132;F004_KCC_1321_01;F004 Colector principal salida SLB exp.
282133;F004_KRC_1321;F004 Colector principal salida SLB exp.
282134;F004_BC_1322;F004 Colector principal salida SLB exp.
282135;F004_KRC_1323;F004 Colector principal salida SLB exp.
298173;F004_SR2_1565;F004 Colector principal salida SLB exp.
282136;F004_KRC_1326;F004 Colector principal salida SLB exp.
282137;F004_KCC_1328_04;F004 Colector principal salida SLB exp.
282138;F004_KCC_1328_03;F004 Colector principal salida SLB exp.
282139;F004_KCC_1328_02;F004 Colector principal salida SLB exp.
282140;F004_KCC_1328_01;F004 Colector principal salida SLB exp.
282141;F004_KRC_1328;F004 Colector principal salida SLB exp.
282142;F005_BC_1101;F004 Colector principal salida SLB exp.
282143;F005_KRC_1102_02;F004 Colector principal salida SLB exp.
282144;F005_KAC_1102_01;F004 Colector principal salida SLB exp.
282145;F005_KRC_1102;F004 Colector principal salida SLB exp.
282146;F005_SR2_1104;F004 Colector principal salida SLB exp.
282147;F005_PWT_1110;F004 Colector principal salida SLB exp.
282149;F004_BC_1557;F004 Colector salida SLB expedición UP
282150;F004_BC_1558;F004 Colector salida SLB expedición UP
282151;F004_KRC_1559;F004 Colector salida SLB expedición UP
298174;F004_SR2_1330;F004 Colector salida SLB expedición UP
282152;F004_KCC_1561_03;F004 Colector salida SLB expedición UP
282153;F004_KCC_1561_02;F004 Colector salida SLB expedición UP
282154;F004_KRC_1561_01;F004 Colector salida SLB expedición UP
282155;F004_KCC_1561;F004 Colector salida SLB expedición UP
282156;F004_KRC_1562;F004 Colector salida SLB expedición UP
282157;F004_KCS_1563;F004 Colector salida SLB expedición UP
282159;F004_KCS_1161;F004 Línea 01 SLB expedición DOWN
282160;F004_KCC_1162;F004 Línea 01 SLB expedición DOWN
282161;F004_KRC_1163_02;F004 Línea 01 SLB expedición DOWN
282162;F004_KCC_1163_01;F004 Línea 01 SLB expedición DOWN
282163;F004_KCC_1163;F004 Línea 01 SLB expedición DOWN
282164;F004_KCS_1164;F004 Línea 01 SLB expedición DOWN
282166;F004_KCS_1401;F004 Línea 01 SLB expedición UP
282167;F004_KCC_1402;F004 Línea 01 SLB expedición UP
282168;F004_KRC_1403_02;F004 Línea 01 SLB expedición UP
282169;F004_KCC_1403_01;F004 Línea 01 SLB expedición UP
282170;F004_KCC_1403;F004 Línea 01 SLB expedición UP
282171;F004_KCS_1404;F004 Línea 01 SLB expedición UP
282173;F004_KCS_1181;F004 Línea 02 SLB expedición DOWN
282174;F004_KCC_1182;F004 Línea 02 SLB expedición DOWN
282175;F004_KRC_1183_02;F004 Línea 02 SLB expedición DOWN
282176;F004_KCC_1183_01;F004 Línea 02 SLB expedición DOWN
282177;F004_KCC_1183;F004 Línea 02 SLB expedición DOWN
282178;F004_KCS_1184;F004 Línea 02 SLB expedición DOWN
282180;F004_KCS_1421;F004 Línea 02 SLB expedición UP
282181;F004_KCC_1422;F004 Línea 02 SLB expedición UP
282182;F004_KRC_1423_02;F004 Línea 02 SLB expedición UP
282183;F004_KCC_1423_01;F004 Línea 02 SLB expedición UP
282184;F004_KCC_1423;F004 Línea 02 SLB expedición UP
282185;F004_KCS_1424;F004 Línea 02 SLB expedición UP
282187;F004_KCS_1201;F004 Línea 03 SLB expedición DOWN
282188;F004_KCC_1202;F004 Línea 03 SLB expedición DOWN
282189;F004_KRC_1203_02;F004 Línea 03 SLB expedición DOWN
282190;F004_KCC_1203_01;F004 Línea 03 SLB expedición DOWN
282191;F004_KCC_1203;F004 Línea 03 SLB expedición DOWN
282192;F004_KCS_1204;F004 Línea 03 SLB expedición DOWN
282194;F004_KCS_1441;F004 Línea 03 SLB expedición UP
282195;F004_KCC_1442;F004 Línea 03 SLB expedición UP
282196;F004_KRC_1443_02;F004 Línea 03 SLB expedición UP
282197;F004_KCC_1443_01;F004 Línea 03 SLB expedición UP
282198;F004_KCC_1443;F004 Línea 03 SLB expedición UP
282199;F004_KCS_1444;F004 Línea 03 SLB expedición UP
282201;F004_KCS_1221;F004 Línea 04 SLB expedición DOWN
282202;F004_KCC_1222;F004 Línea 04 SLB expedición DOWN
282203;F004_KRC_1223_02;F004 Línea 04 SLB expedición DOWN
282204;F004_KCC_1223_01;F004 Línea 04 SLB expedición DOWN
282205;F004_KCC_1223;F004 Línea 04 SLB expedición DOWN
282206;F004_KCS_1224;F004 Línea 04 SLB expedición DOWN
282208;F004_KCS_1461;F004 Línea 04 SLB expedición UP
282209;F004_KCC_1462;F004 Línea 04 SLB expedición UP
282210;F004_KRC_1463_02;F004 Línea 04 SLB expedición UP
282211;F004_KCC_1463_01;F004 Línea 04 SLB expedición UP
282212;F004_KCC_1463;F004 Línea 04 SLB expedición UP
282213;F004_KCS_1464;F004 Línea 04 SLB expedición UP
282215;F004_KCS_1241;F004 Línea 05 SLB expedición DOWN
282216;F004_KCC_1242;F004 Línea 05 SLB expedición DOWN
282217;F004_KRC_1243_02;F004 Línea 05 SLB expedición DOWN
282218;F004_KCC_1243_01;F004 Línea 05 SLB expedición DOWN
282219;F004_KCC_1243;F004 Línea 05 SLB expedición DOWN
282220;F004_KCS_1244;F004 Línea 05 SLB expedición DOWN
282222;F004_KCS_1481;F004 Línea 05 SLB expedición UP
282223;F004_KCC_1482;F004 Línea 05 SLB expedición UP
282224;F004_KRC_1483_02;F004 Línea 05 SLB expedición UP
282225;F004_KCC_1483_01;F004 Línea 05 SLB expedición UP
282226;F004_KCC_1483;F004 Línea 05 SLB expedición UP
282227;F004_KCS_1484;F004 Línea 05 SLB expedición UP
282229;F004_KCS_1261;F004 Línea 06 SLB expedición DOWN
282230;F004_KCC_1262;F004 Línea 06 SLB expedición DOWN
282231;F004_KRC_1263_02;F004 Línea 06 SLB expedición DOWN
282232;F004_KCC_1263_01;F004 Línea 06 SLB expedición DOWN
282233;F004_KCC_1263;F004 Línea 06 SLB expedición DOWN
282234;F004_KCS_1264;F004 Línea 06 SLB expedición DOWN
282236;F004_KCS_1501;F004 Línea 06 SLB expedición UP
282237;F004_KCC_1502;F004 Línea 06 SLB expedición UP
282238;F004_KRC_1503_02;F004 Línea 06 SLB expedición UP
282239;F004_KCC_1503_01;F004 Línea 06 SLB expedición UP
282240;F004_KCC_1503;F004 Línea 06 SLB expedición UP
282241;F004_KCS_1504;F004 Línea 06 SLB expedición UP
282243;F004_KCS_1281;F004 Línea 07 SLB expedición DOWN
282244;F004_KCC_1282;F004 Línea 07 SLB expedición DOWN
282245;F004_KRC_1283_02;F004 Línea 07 SLB expedición DOWN
282246;F004_KCC_1283_01;F004 Línea 07 SLB expedición DOWN
282247;F004_KCC_1283;F004 Línea 07 SLB expedición DOWN
282248;F004_KCS_1284;F004 Línea 07 SLB expedición DOWN
282250;F004_KCS_1521;F004 Línea 07 SLB expedición UP
282251;F004_KCC_1522;F004 Línea 07 SLB expedición UP
282252;F004_KRC_1523_02;F004 Línea 07 SLB expedición UP
282253;F004_KCC_1523_01;F004 Línea 07 SLB expedición UP
282254;F004_KCC_1523;F004 Línea 07 SLB expedición UP
282255;F004_KCS_1524;F004 Línea 07 SLB expedición UP
282257;F004_KCS_1301;F004 Línea 08 SLB expedición DOWN
282258;F004_KCC_1302;F004 Línea 08 SLB expedición DOWN
282259;F004_KRC_1303_02;F004 Línea 08 SLB expedición DOWN
282260;F004_KCC_1303_01;F004 Línea 08 SLB expedición DOWN
282261;F004_KCC_1303;F004 Línea 08 SLB expedición DOWN
282262;F004_KCS_1304;F004 Línea 08 SLB expedición DOWN
282264;F004_KCS_1541;F004 Línea 08 SLB expedición UP
282265;F004_KCC_1542;F004 Línea 08 SLB expedición UP
282266;F004_KRC_1543_02;F004 Línea 08 SLB expedición UP
282267;F004_KCC_1543_01;F004 Línea 08 SLB expedición UP
282268;F004_KCC_1543;F004 Línea 08 SLB expedición UP
282269;F004_KCS_1544;F004 Línea 08 SLB expedición UP
282271;F004_KRC_1116;F004 Loop SLB expedición DOWN
282272;F004_KRC_1121;F004 Loop SLB expedición DOWN
282273;F004_KAC_1122_05;F004 Loop SLB expedición DOWN
282274;F004_KRC_1122_04;F004 Loop SLB expedición DOWN
282275;F004_KCC_1122_03;F004 Loop SLB expedición DOWN
282276;F004_KCC_1122_02;F004 Loop SLB expedición DOWN
282277;F004_KCC_1122_01;F004 Loop SLB expedición DOWN
282278;F004_KCC_1122;F004 Loop SLB expedición DOWN
282279;F004_KRC_1123;F004 Loop SLB expedición DOWN
282280;F004_SR2_1125;F004 Loop SLB expedición DOWN
282281;F004_PWT_1130;F004 Loop SLB expedición DOWN
282282;F004_KRC_1134_03;F004 Loop SLB expedición DOWN
282283;F004_PWT_1131;F004 Loop SLB expedición DOWN
282284;F004_KRC_1134_02;F004 Loop SLB expedición DOWN
282285;F004_PWT_1132;F004 Loop SLB expedición DOWN
282286;F004_KRC_1134_01;F004 Loop SLB expedición DOWN
282287;F004_PWT_1133;F004 Loop SLB expedición DOWN
282288;F004_KRC_1134;F004 Loop SLB expedición DOWN
282289;F004_BC_1135;F004 Loop SLB expedición DOWN
282290;F004_KRC_1148;F004 Loop SLB expedición DOWN
282291;F004_PWT_1136;F004 Loop SLB expedición DOWN
282292;F004_KRC_1147;F004 Loop SLB expedición DOWN
282293;F004_PWT_1137;F004 Loop SLB expedición DOWN
282294;F004_KRC_1146;F004 Loop SLB expedición DOWN
282295;F004_PWT_1138;F004 Loop SLB expedición DOWN
282296;F004_KRC_1145;F004 Loop SLB expedición DOWN
282297;F004_PWT_1139;F004 Loop SLB expedición DOWN
282298;F004_KRC_1144;F004 Loop SLB expedición DOWN
282299;F004_KCC_1143;F004 Loop SLB expedición DOWN
282300;F004_KCC_1142;F004 Loop SLB expedición DOWN
282301;F004_KCC_1141;F004 Loop SLB expedición DOWN
282302;F004_KCC_1140;F004 Loop SLB expedición DOWN
282303;F004_KRC_1141_01;F004 Loop SLB expedición DOWN
282304;F004_KRC_1141;F004 Loop SLB expedición DOWN
282306;F004_KRC_1356;F004 Loop SLB expedición UP
282307;F004_KRC_1361_01;F004 Loop SLB expedición UP
282308;F004_KRC_1361;F004 Loop SLB expedición UP
282309;F004_KAC_1362_05;F004 Loop SLB expedición UP
282310;F004_KRC_1362_04;F004 Loop SLB expedición UP
282311;F004_KCC_1362_03;F004 Loop SLB expedición UP
282312;F004_KCC_1362_02;F004 Loop SLB expedición UP
282313;F004_KCC_1362_01;F004 Loop SLB expedición UP
282314;F004_KCC_1362;F004 Loop SLB expedición UP
282315;F004_KRC_1363;F004 Loop SLB expedición UP
282316;F004_SR2_1365;F004 Loop SLB expedición UP
282317;F004_PWT_1370;F004 Loop SLB expedición UP
282318;F004_KRC_1374_03;F004 Loop SLB expedición UP
282319;F004_PWT_1371;F004 Loop SLB expedición UP
282320;F004_KRC_1374_02;F004 Loop SLB expedición UP
282321;F004_PWT_1372;F004 Loop SLB expedición UP
282322;F004_KRC_1374_01;F004 Loop SLB expedición UP
282323;F004_PWT_1373;F004 Loop SLB expedición UP
282324;F004_KRC_1374;F004 Loop SLB expedición UP
282325;F004_BC_1375;F004 Loop SLB expedición UP
282326;F004_KRC_1388;F004 Loop SLB expedición UP
282327;F004_PWT_1376;F004 Loop SLB expedición UP
282328;F004_KRC_1387;F004 Loop SLB expedición UP
282329;F004_PWT_1377;F004 Loop SLB expedición UP
282330;F004_KRC_1386;F004 Loop SLB expedición UP
282331;F004_PWT_1378;F004 Loop SLB expedición UP
282332;F004_KRC_1385;F004 Loop SLB expedición UP
282333;F004_PWT_1379;F004 Loop SLB expedición UP
282334;F004_KRC_1384;F004 Loop SLB expedición UP
282335;F004_KCC_1383;F004 Loop SLB expedición UP
282336;F004_KCC_1382;F004 Loop SLB expedición UP
282337;F004_KCC_1381;F004 Loop SLB expedición UP
282338;F004_KCC_1380;F004 Loop SLB expedición UP
282339;F004_KRC_1381;F004 Loop SLB expedición UP
282342;F005_KRC_1111;F005 Desvío hacia ROBOT 3-4
282343;F005_KCC_1115_02;F005 Desvío hacia ROBOT 3-4
282344;F005_KCC_1115_01;F005 Desvío hacia ROBOT 3-4
282345;F005_KRC_1115;F005 Desvío hacia ROBOT 3-4
282346;F005_BC_1116;F005 Desvío hacia ROBOT 3-4
282347;F005_BC_1117;F005 Desvío hacia ROBOT 3-4
282348;F005_BC_1118;F005 Desvío hacia ROBOT 3-4
282349;F005_BC_1119;F005 Desvío hacia ROBOT 3-4
282350;F005_KRC_1123_04;F005 Desvío hacia ROBOT 3-4
282351;F005_KAC_1123_03;F005 Desvío hacia ROBOT 3-4
282352;F005_KCC_1123_02;F005 Desvío hacia ROBOT 3-4
282353;F005_KCC_1123_01;F005 Desvío hacia ROBOT 3-4
282354;F005_KCC_1123;F005 Desvío hacia ROBOT 3-4
282355;F005_KCS_1124;F005 Desvío hacia ROBOT 3-4
282357;F005_KCS_1143_01;F005 Desvío hacia ROBOT 1-2
282358;F005_KRC_1143;F005 Desvío hacia ROBOT 1-2
282359;F005_KRC_1144_04;F005 Desvío hacia ROBOT 1-2
282360;F005_KRC_1144_03;F005 Desvío hacia ROBOT 1-2
282361;F005_KCC_1144_02;F005 Desvío hacia ROBOT 1-2
282362;F005_KCC_1144_01;F005 Desvío hacia ROBOT 1-2
282363;F005_KRC_1144;F005 Desvío hacia ROBOT 1-2
282364;F005_BC_1145;F005 Desvío hacia ROBOT 1-2
282365;F005_KRC_1146_03;F005 Desvío hacia ROBOT 1-2
282366;F005_KAC_1146_02;F005 Desvío hacia ROBOT 1-2
282367;F005_KCC_1146_01;F005 Desvío hacia ROBOT 1-2
282368;F005_KRC_1146;F005 Desvío hacia ROBOT 1-2
282369;F005_KCS_1147;F005 Desvío hacia ROBOT 1-2
282371;F005_KCS_1318;F005 Linea rechazo ROBOT 3-4
282372;F005_KCC_1319;F005 Linea rechazo ROBOT 3-4
282373;F005_KRC_1322;F005 Linea rechazo ROBOT 3-4
282374;F005_KRC_1321;F005 Linea rechazo ROBOT 3-4
282375;F005_KRC_1320;F005 Linea rechazo ROBOT 3-4
282376;F005_ESC_1323;F005 Linea rechazo ROBOT 3-4
282377;F005_BTT_1700;F005 Linea rechazo ROBOT 3-4
282379;F005_KCS_1458;F005 Linea rechazo ROBOT 1-2
282380;F005_KCC_1459;F005 Linea rechazo ROBOT 1-2
282381;F005_KRC_1462;F005 Linea rechazo ROBOT 1-2
282382;F005_KRC_1461;F005 Linea rechazo ROBOT 1-2
282383;F005_KRC_1460;F005 Linea rechazo ROBOT 1-2
282384;F005_ESC_1462;F005 Linea rechazo ROBOT 1-2
282385;F005_BTT_1701;F005 Linea rechazo ROBOT 1-2
282387;F005_KRC_1156;F005 Loop ROBOT 3-4
282388;F005_KRC_1161;F005 Loop ROBOT 3-4
282389;F005_KRC_1160;F005 Loop ROBOT 3-4
282390;F005_KAC_1161_05;F005 Loop ROBOT 3-4
282391;F005_KRC_1161_04;F005 Loop ROBOT 3-4
282392;F005_KCC_1161_03;F005 Loop ROBOT 3-4
282393;F005_KCC_1161_02;F005 Loop ROBOT 3-4
282394;F005_KCC_1161_01;F005 Loop ROBOT 3-4
282395;F005_KCC_1161;F005 Loop ROBOT 3-4
282396;F005_KRC_1162;F005 Loop ROBOT 3-4
282397;F005_SR2_1164;F005 Loop ROBOT 3-4
282398;F005_PWT_1169;F005 Loop ROBOT 3-4
282399;F005_KRC_1173_03;F005 Loop ROBOT 3-4
282400;F005_PWT_1170;F005 Loop ROBOT 3-4
282401;F005_KRC_1173_02;F005 Loop ROBOT 3-4
282402;F005_PWT_1171;F005 Loop ROBOT 3-4
282403;F005_KRC_1173_01;F005 Loop ROBOT 3-4
282404;F005_PWT_1172;F005 Loop ROBOT 3-4
282405;F005_KRC_1173;F005 Loop ROBOT 3-4
282406;F005_BC_1174;F005 Loop ROBOT 3-4
282407;F005_KRC_1179_04;F005 Loop ROBOT 3-4
282408;F005_PWT_1175;F005 Loop ROBOT 3-4
282409;F005_KRC_1179_03;F005 Loop ROBOT 3-4
282410;F005_PWT_1176;F005 Loop ROBOT 3-4
282411;F005_KRC_1179_02;F005 Loop ROBOT 3-4
282412;F005_PWT_1177;F005 Loop ROBOT 3-4
282413;F005_KRC_1179_01;F005 Loop ROBOT 3-4
282414;F005_PWT_1178;F005 Loop ROBOT 3-4
282415;F005_KRC_1179;F005 Loop ROBOT 3-4
282416;F005_PWT_1180;F005 Loop ROBOT 3-4
282417;F005_KRC_1181_05;F005 Loop ROBOT 3-4
282418;F005_KCC_1181_04;F005 Loop ROBOT 3-4
282419;F005_KCC_1181_03;F005 Loop ROBOT 3-4
282420;F005_KCC_1181_02;F005 Loop ROBOT 3-4
282421;F005_KCC_1181_01;F005 Loop ROBOT 3-4
282422;F005_KRC_1181;F005 Loop ROBOT 3-4
282424;F005_KRC_1471;F005 Loop ROBOT 1-2
282425;F005_KRC_1475;F005 Loop ROBOT 1-2
282426;F005_KAC_1476_05;F005 Loop ROBOT 1-2
282427;F005_KRC_1476_04;F005 Loop ROBOT 1-2
282428;F005_KCC_1476_03;F005 Loop ROBOT 1-2
282429;F005_KCC_1476_02;F005 Loop ROBOT 1-2
282430;F005_KCC_1476_01;F005 Loop ROBOT 1-2
282431;F005_KCC_1476;F005 Loop ROBOT 1-2
282432;F005_KRC_1477;F005 Loop ROBOT 1-2
282433;F005_SR2_1479;F005 Loop ROBOT 1-2
282434;F005_PWT_1484;F005 Loop ROBOT 1-2
282435;F005_KRC_1488_03;F005 Loop ROBOT 1-2
282436;F005_PWT_1485;F005 Loop ROBOT 1-2
282437;F005_KRC_1488_02;F005 Loop ROBOT 1-2
282438;F005_PWT_1486;F005 Loop ROBOT 1-2
282439;F005_KRC_1488_01;F005 Loop ROBOT 1-2
282440;F005_PWT_1487;F005 Loop ROBOT 1-2
282441;F005_KRC_1488;F005 Loop ROBOT 1-2
282442;F005_BC_1489;F005 Loop ROBOT 1-2
282443;F005_KRC_1494_04;F005 Loop ROBOT 1-2
282444;F005_PWT_1490;F005 Loop ROBOT 1-2
282445;F005_KRC_1494_03;F005 Loop ROBOT 1-2
282446;F005_PWT_1491;F005 Loop ROBOT 1-2
282447;F005_KRC_1494_02;F005 Loop ROBOT 1-2
282448;F005_PWT_1492;F005 Loop ROBOT 1-2
282449;F005_KRC_1494_01;F005 Loop ROBOT 1-2
282450;F005_PWT_1493;F005 Loop ROBOT 1-2
282451;F005_KRC_1494;F005 Loop ROBOT 1-2
282452;F005_PWT_1495;F005 Loop ROBOT 1-2
282453;F005_KRC_1496_05;F005 Loop ROBOT 1-2
282454;F005_KCC_1496_04;F005 Loop ROBOT 1-2
282455;F005_KCC_1496_03;F005 Loop ROBOT 1-2
282456;F005_KCC_1496_02;F005 Loop ROBOT 1-2
282457;F005_KCC_1496_01;F005 Loop ROBOT 1-2
282458;F005_KRC_1496;F005 Loop ROBOT 1-2
282460;RBT01_PER_PT01_C04_POWER;RBT01 Cuadro eléctrico
282461;RBT01_PER_PT01_C03_POWER;RBT01 Cuadro eléctrico
282462;RBT01_PER_PT01_C06_POWER;RBT01 Cuadro eléctrico
282463;RBT01_PER_PT01_C05_POWER;RBT01 Cuadro eléctrico
282464;RBT01_PER_PT01_C08_POWER;RBT01 Cuadro eléctrico
282465;RBT01_PER_PT01_C07_POWER;RBT01 Cuadro eléctrico
282466;RBT01_PER_PT01_C10_POWER;RBT01 Cuadro eléctrico
282467;RBT01_PER_PT01_C09_POWER;RBT01 Cuadro eléctrico
282469;F005_KCS_1338;RBT01 Entrada 4 paletizador
282470;F005_KCC_1339;RBT01 Entrada 4 paletizador
282471;F005_KRC_1340;RBT01 Entrada 4 paletizador
282472;RBT01_MAT_PT01_C02_M47;RBT01 Entrada 4 paletizador
282540;RBT01_SR2_PA01V101;RBT01 Entrada 4 paletizador
282474;RBT01_TRD_PT01_C02_M46;RBT01 Entrada 4 paletizador
282475;RBT01_TRD_PT01_C02_M45;RBT01 Entrada 4 paletizador
282476;RBT01_TRD_PT01_C02_M44;RBT01 Entrada 4 paletizador
282477;RBT01_TRD_PT01_C02_M43;RBT01 Entrada 4 paletizador
282478;RBT01_TRD_PT01_C02_M42;RBT01 Entrada 4 paletizador
282479;RBT01_TRD_PT01_C02_M41;RBT01 Entrada 4 paletizador
282480;RBT01_TRD_PT01_C02_M40;RBT01 Entrada 4 paletizador
282481;RBT01_TRD_PT01_C10_M04;RBT01 Entrada 4 paletizador
282482;RBT01_AAC_PT01_C10_M03;RBT01 Entrada 4 paletizador
282483;RBT01_TRD_PT01_C10_M02;RBT01 Entrada 4 paletizador
282484;RBT01_TRD_PT01_C10_M01;RBT01 Entrada 4 paletizador
282485;RBT01_TRD_PT01_C09_M06;RBT01 Entrada 4 paletizador
282486;RBT01_GCT_PT01_C09_M05;RBT01 Entrada 4 paletizador
282487;RBT01_MEN_PT01_C09_M04;RBT01 Entrada 4 paletizador
282488;RBT01_MEN_PT01_C09_M03;RBT01 Entrada 4 paletizador
282489;RBT01_MEN_PT01_C09_M02;RBT01 Entrada 4 paletizador
282490;RBT01_MEN_PT01_C09_M01;RBT01 Entrada 4 paletizador
282492;F005_KCS_1353;RBT01 Entrada 3 paletizador
282493;F005_KCC_1354;RBT01 Entrada 3 paletizador
282494;F005_KRC_1355;RBT01 Entrada 3 paletizador
282495;RBT01_MAT_PT01_C02_M36;RBT01 Entrada 3 paletizador
282518;RBT01_SR2_PA01V201;RBT01 Entrada 3 paletizador
282497;RBT01_TRD_PT01_C02_M35;RBT01 Entrada 3 paletizador
282498;RBT01_TRD_PT01_C02_M34;RBT01 Entrada 3 paletizador
282499;RBT01_TRD_PT01_C02_M33;RBT01 Entrada 3 paletizador
282500;RBT01_TRD_PT01_C02_M32;RBT01 Entrada 3 paletizador
282501;RBT01_TRD_PT01_C02_M31;RBT01 Entrada 3 paletizador
282502;RBT01_TRD_PT01_C02_M30;RBT01 Entrada 3 paletizador
282503;RBT01_TRD_PT01_C08_M04;RBT01 Entrada 3 paletizador
282504;RBT01_TRD_PT01_C08_M03;RBT01 Entrada 3 paletizador
282505;RBT01_AAC_PT01_C08_M02;RBT01 Entrada 3 paletizador
282506;RBT01_TRD_PT01_C08_M01;RBT01 Entrada 3 paletizador
282507;RBT01_TRD_PT01_C07_M06;RBT01 Entrada 3 paletizador
282508;RBT01_GCT_PT01_C07_M05;RBT01 Entrada 3 paletizador
282509;RBT01_MEN_PT01_C07_M04;RBT01 Entrada 3 paletizador
282510;RBT01_MEN_PT01_C07_M03;RBT01 Entrada 3 paletizador
282511;RBT01_MEN_PT01_C07_M02;RBT01 Entrada 3 paletizador
282512;RBT01_MEN_PT01_C07_M01;RBT01 Entrada 3 paletizador
282514;F005_KCS_1368;RBT01 Entrada 2 paletizador
282515;F005_KCC_1369;RBT01 Entrada 2 paletizador
282516;F005_KRC_1370;RBT01 Entrada 2 paletizador
282517;RBT01_MAT_PT01_C02_M26;RBT01 Entrada 2 paletizador
282496;RBT01_SR2_PA01V301;RBT01 Entrada 2 paletizador
282519;RBT01_TRD_PT01_C02_M25;RBT01 Entrada 2 paletizador
282520;RBT01_TRD_PT01_C02_M24;RBT01 Entrada 2 paletizador
282521;RBT01_TRD_PT01_C02_M23;RBT01 Entrada 2 paletizador
282522;RBT01_TRD_PT01_C02_M22;RBT01 Entrada 2 paletizador
282523;RBT01_TRD_PT01_C02_M21;RBT01 Entrada 2 paletizador
282524;RBT01_TRD_PT01_C02_M20;RBT01 Entrada 2 paletizador
282525;RBT01_TRD_PT01_C06_M04;RBT01 Entrada 2 paletizador
282526;RBT01_AAC_PT01_C06_M03;RBT01 Entrada 2 paletizador
282527;RBT01_TRD_PT01_C06_M02;RBT01 Entrada 2 paletizador
282528;RBT01_TRD_PT01_C06_M01;RBT01 Entrada 2 paletizador
282529;RBT01_TRD_PT01_C05_M06;RBT01 Entrada 2 paletizador
282530;RBT01_GCT_PT01_C05_M05;RBT01 Entrada 2 paletizador
282531;RBT01_MEN_PT01_C05_M04;RBT01 Entrada 2 paletizador
282532;RBT01_MEN_PT01_C05_M03;RBT01 Entrada 2 paletizador
282533;RBT01_MEN_PT01_C05_M02;RBT01 Entrada 2 paletizador
282534;RBT01_MEN_PT01_C05_M01;RBT01 Entrada 2 paletizador
282536;F005_KCS_1383;RBT01 Entrada 1 paletizador
282537;F005_KCC_1384;RBT01 Entrada 1 paletizador
282538;F005_KRC_1385;RBT01 Entrada 1 paletizador
282539;RBT01_MAT_PT01_C02_M17;RBT01 Entrada 1 paletizador
282473;RBT01_SR2_PA01V401;RBT01 Entrada 1 paletizador
282541;RBT01_TRD_PT01_C02_M16;RBT01 Entrada 1 paletizador
282542;RBT01_TRD_PT01_C02_M15;RBT01 Entrada 1 paletizador
282543;RBT01_TRD_PT01_C02_M14;RBT01 Entrada 1 paletizador
282544;RBT01_TRD_PT01_C02_M13;RBT01 Entrada 1 paletizador
282545;RBT01_TRD_PT01_C02_M12;RBT01 Entrada 1 paletizador
282546;RBT01_TRD_PT01_C02_M11;RBT01 Entrada 1 paletizador
282547;RBT01_TRD_PT01_C02_M10;RBT01 Entrada 1 paletizador
282548;RBT01_TRD_PT01_C04_M04;RBT01 Entrada 1 paletizador
282549;RBT01_AAC_PT01_C04_M03;RBT01 Entrada 1 paletizador
282550;RBT01_TRD_PT01_C04_M02;RBT01 Entrada 1 paletizador
282551;RBT01_TRD_PT01_C04_M01;RBT01 Entrada 1 paletizador
282552;RBT01_TRD_PT01_C03_M06;RBT01 Entrada 1 paletizador
282553;RBT01_GCT_PT01_C03_M05;RBT01 Entrada 1 paletizador
282554;RBT01_MEN_PT01_C03_M04;RBT01 Entrada 1 paletizador
282555;RBT01_MEN_PT01_C03_M03;RBT01 Entrada 1 paletizador
282556;RBT01_MEN_PT01_C03_M02;RBT01 Entrada 1 paletizador
282557;RBT01_MEN_PT01_C03_M01;RBT01 Entrada 1 paletizador
282560;RBT01_APZ_PT01_C01_M30;RBT01 Línea 1 entrada palet
282559;RBT01_TPP_PT01_C01_M31;RBT01 Línea 1 entrada palet
282563;RBT01_APZ_PT01_C01_M20;RBT01 Línea 2 entrada palet
282562;RBT01_TPP_PT01_C01_M21;RBT01 Línea 2 entrada palet
282565;RBT01_AIN_PT01_C01_M40;RBT01 Línea entrada carton intercapa
282566;RBT01_TPP_PT01_C01_M41;RBT01 Línea entrada carton intercapa
282567;RBT01_TPP_PT01_C01_M42;RBT01 Línea entrada carton intercapa
282568;RBT01_IRC_PT01_C01_M43;RBT01 Línea entrada carton intercapa
282570;RBT01_ROB_PT01;RBT01 Robot 01
282572;RBT01_TPP_PT01_C01_M04;RBT01 Salida 4 paletizador
282573;RBT01_APZ_PT01_C01_M08;RBT01 Salida 4 paletizador
282575;RBT01_TPP_PT01_C01_M03;RBT01 Salida 3 paletizador
282576;RBT01_APZ_PT01_C01_M07;RBT01 Salida 3 paletizador
282578;RBT01_TPP_PT01_C01_M02;RBT01 Salida 2 paletizador
282579;RBT01_APZ_PT01_C01_M06;RBT01 Salida 2 paletizador
282581;RBT01_TPP_PT01_C01_M01;RBT01 Salida 1 paletizador
282582;RBT01_TPP_PT01_C01_M05;RBT01 Salida 1 paletizador
282583;RBT01_APZ_PT01_C01_M09;RBT01 Salida 1 paletizador
282585;RBT02_PER_PT02_C04_POWER;RBT02 Cuadro eléctrico
282586;RBT02_PER_PT02_C03_POWER;RBT02 Cuadro eléctrico
282587;RBT02_PER_PT02_C06_POWER;RBT02 Cuadro eléctrico
282588;RBT02_PER_PT02_C05_POWER;RBT02 Cuadro eléctrico
282589;RBT02_PER_PT02_C08_POWER;RBT02 Cuadro eléctrico
282590;RBT02_PER_PT02_C07_POWER;RBT02 Cuadro eléctrico
282591;RBT02_PER_PT02_C10_POWER;RBT02 Cuadro eléctrico
282592;RBT02_PER_PT02_C09_POWER;RBT02 Cuadro eléctrico
282594;F005_KCS_1398;RBT02 Entrada 4 paletizador
282595;F005_KCC_1399;RBT02 Entrada 4 paletizador
282596;F005_KRC_1400;RBT02 Entrada 4 paletizador
282597;RBT02_MAT_PT02_C02_M47;RBT02 Entrada 4 paletizador
282665;RBT02_SR2_PA02V101;RBT02 Entrada 4 paletizador
282599;RBT02_TRD_PT02_C02_M46;RBT02 Entrada 4 paletizador
282600;RBT02_TRD_PT02_C02_M45;RBT02 Entrada 4 paletizador
282601;RBT02_TRD_PT02_C02_M44;RBT02 Entrada 4 paletizador
282602;RBT02_TRD_PT02_C02_M43;RBT02 Entrada 4 paletizador
282603;RBT02_TRD_PT02_C02_M42;RBT02 Entrada 4 paletizador
282604;RBT02_TRD_PT02_C02_M41;RBT02 Entrada 4 paletizador
282605;RBT02_TRD_PT02_C02_M40;RBT02 Entrada 4 paletizador
282606;RBT02_TRD_PT02_C10_M04;RBT02 Entrada 4 paletizador
282607;RBT02_AAC_PT02_C10_M03;RBT02 Entrada 4 paletizador
282608;RBT02_TRD_PT02_C10_M02;RBT02 Entrada 4 paletizador
282609;RBT02_TRD_PT02_C10_M01;RBT02 Entrada 4 paletizador
282610;RBT02_TRD_PT02_C09_M06;RBT02 Entrada 4 paletizador
282611;RBT02_GCT_PT02_C09_M05;RBT02 Entrada 4 paletizador
282612;RBT02_MEN_PT02_C09_M04;RBT02 Entrada 4 paletizador
282613;RBT02_MEN_PT02_C09_M03;RBT02 Entrada 4 paletizador
282614;RBT02_MEN_PT02_C09_M02;RBT02 Entrada 4 paletizador
282615;RBT02_MEN_PT02_C09_M01;RBT02 Entrada 4 paletizador
282617;F005_KCS_1413;RBT02 Entrada 3 paletizador
282618;F005_KCC_1414;RBT02 Entrada 3 paletizador
282619;F005_KRC_1415;RBT02 Entrada 3 paletizador
282620;RBT02_MAT_PT02_C02_M36;RBT02 Entrada 3 paletizador
282643;RBT02_SR2_PA02V201;RBT02 Entrada 3 paletizador
282622;RBT02_TRD_PT02_C02_M35;RBT02 Entrada 3 paletizador
282623;RBT02_TRD_PT02_C02_M34;RBT02 Entrada 3 paletizador
282624;RBT02_TRD_PT02_C02_M33;RBT02 Entrada 3 paletizador
282625;RBT02_TRD_PT02_C02_M32;RBT02 Entrada 3 paletizador
282626;RBT02_TRD_PT02_C02_M31;RBT02 Entrada 3 paletizador
282627;RBT02_TRD_PT02_C02_M30;RBT02 Entrada 3 paletizador
282628;RBT02_TRD_PT02_C08_M04;RBT02 Entrada 3 paletizador
282629;RBT02_TRD_PT02_C08_M03;RBT02 Entrada 3 paletizador
282630;RBT02_AAC_PT02_C08_M02;RBT02 Entrada 3 paletizador
282631;RBT02_TRD_PT02_C08_M01;RBT02 Entrada 3 paletizador
282632;RBT02_TRD_PT02_C07_M06;RBT02 Entrada 3 paletizador
282633;RBT02_GCT_PT02_C07_M05;RBT02 Entrada 3 paletizador
282634;RBT02_MEN_PT02_C07_M04;RBT02 Entrada 3 paletizador
282635;RBT02_MEN_PT02_C07_M03;RBT02 Entrada 3 paletizador
282636;RBT02_MEN_PT02_C07_M02;RBT02 Entrada 3 paletizador
282637;RBT02_MEN_PT02_C07_M01;RBT02 Entrada 3 paletizador
282639;F005_KCS_1428;RBT02 Entrada 2 paletizador
282640;F005_KCC_1429;RBT02 Entrada 2 paletizador
282641;F005_KRC_1430;RBT02 Entrada 2 paletizador
282642;RBT02_MAT_PT02_C02_M26;RBT02 Entrada 2 paletizador
282621;RBT02_SR2_PA02V301;RBT02 Entrada 2 paletizador
282644;RBT02_TRD_PT02_C02_M25;RBT02 Entrada 2 paletizador
282645;RBT02_TRD_PT02_C02_M24;RBT02 Entrada 2 paletizador
282646;RBT02_TRD_PT02_C02_M23;RBT02 Entrada 2 paletizador
282647;RBT02_TRD_PT02_C02_M22;RBT02 Entrada 2 paletizador
282648;RBT02_TRD_PT02_C02_M21;RBT02 Entrada 2 paletizador
282649;RBT02_TRD_PT02_C02_M20;RBT02 Entrada 2 paletizador
282650;RBT02_TRD_PT02_C06_M04;RBT02 Entrada 2 paletizador
282651;RBT02_AAC_PT02_C06_M03;RBT02 Entrada 2 paletizador
282652;RBT02_TRD_PT02_C06_M02;RBT02 Entrada 2 paletizador
282653;RBT02_TRD_PT02_C06_M01;RBT02 Entrada 2 paletizador
282654;RBT02_TRD_PT02_C05_M06;RBT02 Entrada 2 paletizador
282655;RBT02_GCT_PT02_C05_M05;RBT02 Entrada 2 paletizador
282656;RBT02_MEN_PT02_C05_M04;RBT02 Entrada 2 paletizador
282657;RBT02_MEN_PT02_C05_M03;RBT02 Entrada 2 paletizador
282658;RBT02_MEN_PT02_C05_M02;RBT02 Entrada 2 paletizador
282659;RBT02_MEN_PT02_C05_M01;RBT02 Entrada 2 paletizador
282661;F005_KCS_1443;RBT02 Entrada 1 paletizador
282662;F005_KCC_1444;RBT02 Entrada 1 paletizador
282663;F005_KRC_1445;RBT02 Entrada 1 paletizador
282664;RBT02_MAT_PT02_C02_M17;RBT02 Entrada 1 paletizador
282598;RBT02_SR2_PA02V401;RBT02 Entrada 1 paletizador
282666;RBT02_TRD_PT02_C02_M16;RBT02 Entrada 1 paletizador
282667;RBT02_TRD_PT02_C02_M15;RBT02 Entrada 1 paletizador
282668;RBT02_TRD_PT02_C02_M14;RBT02 Entrada 1 paletizador
282669;RBT02_TRD_PT02_C02_M13;RBT02 Entrada 1 paletizador
282670;RBT02_TRD_PT02_C02_M12;RBT02 Entrada 1 paletizador
282671;RBT02_TRD_PT02_C02_M11;RBT02 Entrada 1 paletizador
282672;RBT02_TRD_PT02_C02_M10;RBT02 Entrada 1 paletizador
282673;RBT02_TRD_PT02_C04_M04;RBT02 Entrada 1 paletizador
282674;RBT02_AAC_PT02_C04_M03;RBT02 Entrada 1 paletizador
282675;RBT02_TRD_PT02_C04_M02;RBT02 Entrada 1 paletizador
282676;RBT02_TRD_PT02_C04_M01;RBT02 Entrada 1 paletizador
282677;RBT02_TRD_PT02_C03_M06;RBT02 Entrada 1 paletizador
282678;RBT02_GCT_PT02_C03_M05;RBT02 Entrada 1 paletizador
282679;RBT02_MEN_PT02_C03_M04;RBT02 Entrada 1 paletizador
282680;RBT02_MEN_PT02_C03_M03;RBT02 Entrada 1 paletizador
282681;RBT02_MEN_PT02_C03_M02;RBT02 Entrada 1 paletizador
282682;RBT02_MEN_PT02_C03_M01;RBT02 Entrada 1 paletizador
282685;RBT02_APZ_PT02_C01_M30;RBT02 Línea 1 entrada palet
282684;RBT02_TPP_PT02_C01_M31;RBT02 Línea 1 entrada palet
282688;RBT02_APZ_PT02_C01_M20;RBT02 Línea 2 entrada palet
282687;RBT02_TPP_PT02_C01_M21;RBT02 Línea 2 entrada palet
282690;RBT02_AIN_PT02_C01_M40;RBT02 Línea entrada carton intercapa
282691;RBT02_TPP_PT02_C01_M41;RBT02 Línea entrada carton intercapa
282692;RBT02_TPP_PT02_C01_M42;RBT02 Línea entrada carton intercapa
282693;RBT02_IRC_PT02_C01_M43;RBT02 Línea entrada carton intercapa
282695;RBT02_ROB_PT02;RBT02 Robot 02
282697;RBT02_TPP_PT02_C01_M04;RBT02 Salida 4 paletizador
282698;RBT02_TPP_PT02_C01_M08;RBT02 Salida 4 paletizador
282699;RBT02_APZ_PT02_C01_M12;RBT02 Salida 4 paletizador
282701;RBT02_TPP_PT02_C01_M03;RBT02 Salida 3 paletizador
282702;RBT02_APZ_PT02_C01_M07;RBT02 Salida 3 paletizador
282704;RBT02_TPP_PT02_C01_M02;RBT02 Salida 2 paletizador
282705;RBT02_APZ_PT02_C01_M06;RBT02 Salida 2 paletizador
282707;RBT02_TPP_PT02_C01_M01;RBT02 Salida 1 paletizador
282708;RBT02_APZ_PT02_C01_M05;RBT02 Salida 1 paletizador
282710;RBT03_PER_PT03_C04_POWER;RBT03 Cuadro eléctrico
282711;RBT03_PER_PT03_C03_POWER;RBT03 Cuadro eléctrico
282712;RBT03_PER_PT03_C06_POWER;RBT03 Cuadro eléctrico
282713;RBT03_PER_PT03_C05_POWER;RBT03 Cuadro eléctrico
282714;RBT03_PER_PT03_C08_POWER;RBT03 Cuadro eléctrico
282715;RBT03_PER_PT03_C07_POWER;RBT03 Cuadro eléctrico
282716;RBT03_PER_PT03_C10_POWER;RBT03 Cuadro eléctrico
282717;RBT03_PER_PT03_C09_POWER;RBT03 Cuadro eléctrico
282719;F005_KCS_1198;RBT03 Entrada 4 paletizador
282720;F005_KCC_1199;RBT03 Entrada 4 paletizador
282721;F005_KRC_1200;RBT03 Entrada 4 paletizador
282722;RBT03_MAT_PT03_C02_M47;RBT03 Entrada 4 paletizador
282790;RBT03_SR2_PA03V101;RBT03 Entrada 4 paletizador
282724;RBT03_TRD_PT03_C02_M46;RBT03 Entrada 4 paletizador
282725;RBT03_TRD_PT03_C02_M45;RBT03 Entrada 4 paletizador
282726;RBT03_TRD_PT03_C02_M44;RBT03 Entrada 4 paletizador
282727;RBT03_TRD_PT03_C02_M43;RBT03 Entrada 4 paletizador
282728;RBT03_TRD_PT03_C02_M42;RBT03 Entrada 4 paletizador
282729;RBT03_TRD_PT03_C02_M41;RBT03 Entrada 4 paletizador
282730;RBT03_TRD_PT03_C02_M40;RBT03 Entrada 4 paletizador
282731;RBT03_TRD_PT03_C10_M04;RBT03 Entrada 4 paletizador
282732;RBT03_AAC_PT03_C10_M03;RBT03 Entrada 4 paletizador
282733;RBT03_TRD_PT03_C10_M02;RBT03 Entrada 4 paletizador
282734;RBT03_TRD_PT03_C10_M01;RBT03 Entrada 4 paletizador
282735;RBT03_TRD_PT03_C09_M06;RBT03 Entrada 4 paletizador
282736;RBT03_GCT_PT03_C09_M05;RBT03 Entrada 4 paletizador
282737;RBT03_MEN_PT03_C09_M04;RBT03 Entrada 4 paletizador
282738;RBT03_MEN_PT03_C09_M03;RBT03 Entrada 4 paletizador
282739;RBT03_MEN_PT03_C09_M02;RBT03 Entrada 4 paletizador
282740;RBT03_MEN_PT03_C09_M01;RBT03 Entrada 4 paletizador
282742;F005_KCS_1213;RBT03 Entrada 3 paletizador
282743;F005_KCC_1214;RBT03 Entrada 3 paletizador
282744;F005_KRC_1215;RBT03 Entrada 3 paletizador
282745;RBT03_MAT_PT03_C02_M36;RBT03 Entrada 3 paletizador
282768;RBT03_SR2_PA03V201;RBT03 Entrada 3 paletizador
282747;RBT03_TRD_PT03_C02_M35;RBT03 Entrada 3 paletizador
282748;RBT03_TRD_PT03_C02_M34;RBT03 Entrada 3 paletizador
282749;RBT03_TRD_PT03_C02_M33;RBT03 Entrada 3 paletizador
282750;RBT03_TRD_PT03_C02_M32;RBT03 Entrada 3 paletizador
282751;RBT03_TRD_PT03_C02_M31;RBT03 Entrada 3 paletizador
282752;RBT03_TRD_PT03_C02_M30;RBT03 Entrada 3 paletizador
282753;RBT03_TRD_PT03_C08_M04;RBT03 Entrada 3 paletizador
282754;RBT03_TRD_PT03_C08_M03;RBT03 Entrada 3 paletizador
282755;RBT03_AAC_PT03_C08_M02;RBT03 Entrada 3 paletizador
282756;RBT03_TRD_PT03_C08_M01;RBT03 Entrada 3 paletizador
282757;RBT03_TRD_PT03_C07_M06;RBT03 Entrada 3 paletizador
282758;RBT03_GCT_PT03_C07_M05;RBT03 Entrada 3 paletizador
282759;RBT03_MEN_PT03_C07_M04;RBT03 Entrada 3 paletizador
282760;RBT03_MEN_PT03_C07_M03;RBT03 Entrada 3 paletizador
282761;RBT03_MEN_PT03_C07_M02;RBT03 Entrada 3 paletizador
282762;RBT03_MEN_PT03_C07_M01;RBT03 Entrada 3 paletizador
282764;F005_KCS_1228;RBT03 Entrada 2 paletizador
282765;F005_KCC_1229;RBT03 Entrada 2 paletizador
282766;F005_KRC_1230;RBT03 Entrada 2 paletizador
282767;RBT03_MAT_PT03_C02_M26;RBT03 Entrada 2 paletizador
282746;RBT03_SR2_PA03V301;RBT03 Entrada 2 paletizador
282769;RBT03_TRD_PT03_C02_M25;RBT03 Entrada 2 paletizador
282770;RBT03_TRD_PT03_C02_M24;RBT03 Entrada 2 paletizador
282771;RBT03_TRD_PT03_C02_M23;RBT03 Entrada 2 paletizador
282772;RBT03_TRD_PT03_C02_M22;RBT03 Entrada 2 paletizador
282773;RBT03_TRD_PT03_C02_M21;RBT03 Entrada 2 paletizador
282774;RBT03_TRD_PT03_C02_M20;RBT03 Entrada 2 paletizador
282775;RBT03_TRD_PT03_C06_M04;RBT03 Entrada 2 paletizador
282776;RBT03_AAC_PT03_C06_M03;RBT03 Entrada 2 paletizador
282777;RBT03_TRD_PT03_C06_M02;RBT03 Entrada 2 paletizador
282778;RBT03_TRD_PT03_C06_M01;RBT03 Entrada 2 paletizador
282779;RBT03_TRD_PT03_C05_M06;RBT03 Entrada 2 paletizador
282780;RBT03_GCT_PT03_C05_M05;RBT03 Entrada 2 paletizador
282781;RBT03_MEN_PT03_C05_M04;RBT03 Entrada 2 paletizador
282782;RBT03_MEN_PT03_C05_M03;RBT03 Entrada 2 paletizador
282783;RBT03_MEN_PT03_C05_M02;RBT03 Entrada 2 paletizador
282784;RBT03_MEN_PT03_C05_M01;RBT03 Entrada 2 paletizador
282786;F005_KCS_1243;RBT03 Entrada 1 paletizador
282787;F005_KCC_1244;RBT03 Entrada 1 paletizador
282788;F005_KRC_1245;RBT03 Entrada 1 paletizador
282789;RBT03_MAT_PT03_C02_M17;RBT03 Entrada 1 paletizador
282723;RBT03_SR2_PA03V401;RBT03 Entrada 1 paletizador
282791;RBT03_TRD_PT03_C02_M16;RBT03 Entrada 1 paletizador
282792;RBT03_TRD_PT03_C02_M15;RBT03 Entrada 1 paletizador
282793;RBT03_TRD_PT03_C02_M14;RBT03 Entrada 1 paletizador
282794;RBT03_TRD_PT03_C02_M13;RBT03 Entrada 1 paletizador
282795;RBT03_TRD_PT03_C02_M12;RBT03 Entrada 1 paletizador
282796;RBT03_TRD_PT03_C02_M11;RBT03 Entrada 1 paletizador
282797;RBT03_TRD_PT03_C02_M10;RBT03 Entrada 1 paletizador
282798;RBT03_TRD_PT03_C04_M04;RBT03 Entrada 1 paletizador
282799;RBT03_AAC_PT03_C04_M03;RBT03 Entrada 1 paletizador
282800;RBT03_TRD_PT03_C04_M02;RBT03 Entrada 1 paletizador
282801;RBT03_TRD_PT03_C04_M01;RBT03 Entrada 1 paletizador
282802;RBT03_TRD_PT03_C03_M06;RBT03 Entrada 1 paletizador
282803;RBT03_GCT_PT03_C03_M05;RBT03 Entrada 1 paletizador
282804;RBT03_MEN_PT03_C03_M04;RBT03 Entrada 1 paletizador
282805;RBT03_MEN_PT03_C03_M03;RBT03 Entrada 1 paletizador
282806;RBT03_MEN_PT03_C03_M02;RBT03 Entrada 1 paletizador
282807;RBT03_MEN_PT03_C03_M01;RBT03 Entrada 1 paletizador
282810;RBT03_APZ_PT03_C01_M30;RBT03 Línea 1 entrada palet
282809;RBT03_TPP_PT03_C01_M31;RBT03 Línea 1 entrada palet
282813;RBT03_APZ_PT03_C01_M20;RBT03 Línea 2 entrada palet
282812;RBT03_TPP_PT03_C01_M21;RBT03 Línea 2 entrada palet
282815;RBT03_AIN_PT03_C01_M40;RBT03 Línea entrada carton intercapa
282816;RBT03_TPP_PT03_C01_M41;RBT03 Línea entrada carton intercapa
282817;RBT03_TPP_PT03_C01_M42;RBT03 Línea entrada carton intercapa
282818;RBT03_IRC_PT03_C01_M43;RBT03 Línea entrada carton intercapa
282820;RBT03_ROB_PT03;RBT03 Robot 03
282822;RBT03_TPP_PT03_C01_M04;RBT03 Salida 4 paletizador
282823;RBT03_APZ_PT03_C01_M08;RBT03 Salida 4 paletizador
282825;RBT03_TPP_PT03_C01_M03;RBT03 Salida 3 paletizador
282826;RBT03_APZ_PT03_C01_M07;RBT03 Salida 3 paletizador
282828;RBT03_TPP_PT03_C01_M02;RBT03 Salida 2 paletizador
282829;RBT03_APZ_PT03_C01_M06;RBT03 Salida 2 paletizador
282831;RBT03_TPP_PT03_C01_M01;RBT03 Salida 1 paletizador
282832;RBT03_TPP_PT03_C01_M05;RBT03 Salida 1 paletizador
282833;RBT03_APZ_PT03_C01_M09;RBT03 Salida 1 paletizador
282835;RBT04_PER_PT04_C04_POWER;RBT04 Cuadro eléctrico
282836;RBT04_PER_PT04_C03_POWER;RBT04 Cuadro eléctrico
282837;RBT04_PER_PT04_C06_POWER;RBT04 Cuadro eléctrico
282838;RBT04_PER_PT04_C05_POWER;RBT04 Cuadro eléctrico
282839;RBT04_PER_PT04_C08_POWER;RBT04 Cuadro eléctrico
282840;RBT04_PER_PT04_C07_POWER;RBT04 Cuadro eléctrico
282841;RBT04_PER_PT04_C10_POWER;RBT04 Cuadro eléctrico
282842;RBT04_PER_PT04_C09_POWER;RBT04 Cuadro eléctrico
282844;F005_KCS_1258;RBT04 Entrada 4 paletizador
282845;F005_KCC_1259;RBT04 Entrada 4 paletizador
282846;F005_KRC_1260;RBT04 Entrada 4 paletizador
282847;RBT04_MAT_PT04_C02_M47;RBT04 Entrada 4 paletizador
282915;RBT04_SR2_PA04V101;RBT04 Entrada 4 paletizador
282849;RBT04_TRD_PT04_C02_M46;RBT04 Entrada 4 paletizador
282850;RBT04_TRD_PT04_C02_M45;RBT04 Entrada 4 paletizador
282851;RBT04_TRD_PT04_C02_M44;RBT04 Entrada 4 paletizador
282852;RBT04_TRD_PT04_C02_M43;RBT04 Entrada 4 paletizador
282853;RBT04_TRD_PT04_C02_M42;RBT04 Entrada 4 paletizador
282854;RBT04_TRD_PT04_C02_M41;RBT04 Entrada 4 paletizador
282855;RBT04_TRD_PT04_C02_M40;RBT04 Entrada 4 paletizador
282856;RBT04_TRD_PT04_C10_M04;RBT04 Entrada 4 paletizador
282857;RBT04_AAC_PT04_C10_M03;RBT04 Entrada 4 paletizador
282858;RBT04_TRD_PT04_C10_M02;RBT04 Entrada 4 paletizador
282859;RBT04_TRD_PT04_C10_M01;RBT04 Entrada 4 paletizador
282860;RBT04_TRD_PT04_C09_M06;RBT04 Entrada 4 paletizador
282861;RBT04_GCT_PT04_C09_M05;RBT04 Entrada 4 paletizador
282862;RBT04_MEN_PT04_C09_M04;RBT04 Entrada 4 paletizador
282863;RBT04_MEN_PT04_C09_M03;RBT04 Entrada 4 paletizador
282864;RBT04_MEN_PT04_C09_M02;RBT04 Entrada 4 paletizador
282865;RBT04_MEN_PT04_C09_M01;RBT04 Entrada 4 paletizador
282867;F005_KCS_1273;RBT04 Entrada 3 paletizador
282868;F005_KCC_1274;RBT04 Entrada 3 paletizador
282869;F005_KRC_1275;RBT04 Entrada 3 paletizador
282870;RBT04_MAT_PT04_C02_M36;RBT04 Entrada 3 paletizador
282893;RBT04_SR2_PA04V201;RBT04 Entrada 3 paletizador
282872;RBT04_TRD_PT04_C02_M35;RBT04 Entrada 3 paletizador
282873;RBT04_TRD_PT04_C02_M34;RBT04 Entrada 3 paletizador
282874;RBT04_TRD_PT04_C02_M33;RBT04 Entrada 3 paletizador
282875;RBT04_TRD_PT04_C02_M32;RBT04 Entrada 3 paletizador
282876;RBT04_TRD_PT04_C02_M31;RBT04 Entrada 3 paletizador
282877;RBT04_TRD_PT04_C02_M30;RBT04 Entrada 3 paletizador
282878;RBT04_TRD_PT04_C08_M04;RBT04 Entrada 3 paletizador
282879;RBT04_TRD_PT04_C08_M03;RBT04 Entrada 3 paletizador
282880;RBT04_AAC_PT04_C08_M02;RBT04 Entrada 3 paletizador
282881;RBT04_TRD_PT04_C08_M01;RBT04 Entrada 3 paletizador
282882;RBT04_TRD_PT04_C07_M06;RBT04 Entrada 3 paletizador
282883;RBT04_GCT_PT04_C07_M05;RBT04 Entrada 3 paletizador
282884;RBT04_MEN_PT04_C07_M04;RBT04 Entrada 3 paletizador
282885;RBT04_MEN_PT04_C07_M03;RBT04 Entrada 3 paletizador
282886;RBT04_MEN_PT04_C07_M02;RBT04 Entrada 3 paletizador
282887;RBT04_MEN_PT04_C07_M01;RBT04 Entrada 3 paletizador
282889;F005_KCS_1288;RBT04 Entrada 2 paletizador
282890;F005_KCC_1289;RBT04 Entrada 2 paletizador
282891;F005_KRC_1290;RBT04 Entrada 2 paletizador
282892;RBT04_MAT_PT04_C02_M26;RBT04 Entrada 2 paletizador
282871;RBT04_SR2_PA04V301;RBT04 Entrada 2 paletizador
282894;RBT04_TRD_PT04_C02_M25;RBT04 Entrada 2 paletizador
282895;RBT04_TRD_PT04_C02_M24;RBT04 Entrada 2 paletizador
282896;RBT04_TRD_PT04_C02_M23;RBT04 Entrada 2 paletizador
282897;RBT04_TRD_PT04_C02_M22;RBT04 Entrada 2 paletizador
282898;RBT04_TRD_PT04_C02_M21;RBT04 Entrada 2 paletizador
282899;RBT04_TRD_PT04_C02_M20;RBT04 Entrada 2 paletizador
282900;RBT04_TRD_PT04_C06_M04;RBT04 Entrada 2 paletizador
282901;RBT04_AAC_PT04_C06_M03;RBT04 Entrada 2 paletizador
282902;RBT04_TRD_PT04_C06_M02;RBT04 Entrada 2 paletizador
282903;RBT04_TRD_PT04_C06_M01;RBT04 Entrada 2 paletizador
282904;RBT04_TRD_PT04_C05_M06;RBT04 Entrada 2 paletizador
282905;RBT04_GCT_PT04_C05_M05;RBT04 Entrada 2 paletizador
282906;RBT04_MEN_PT04_C05_M04;RBT04 Entrada 2 paletizador
282907;RBT04_MEN_PT04_C05_M03;RBT04 Entrada 2 paletizador
282908;RBT04_MEN_PT04_C05_M02;RBT04 Entrada 2 paletizador
282909;RBT04_MEN_PT04_C05_M01;RBT04 Entrada 2 paletizador
282911;F005_KCS_1303;RBT04 Entrada 1 paletizador
282912;F005_KCC_1304;RBT04 Entrada 1 paletizador
282913;F005_KRC_1305;RBT04 Entrada 1 paletizador
282914;RBT04_MAT_PT04_C02_M17;RBT04 Entrada 1 paletizador
282848;RBT04_SR2_PA04V401;RBT04 Entrada 1 paletizador
282916;RBT04_TRD_PT04_C02_M16;RBT04 Entrada 1 paletizador
282917;RBT04_TRD_PT04_C02_M15;RBT04 Entrada 1 paletizador
282918;RBT04_TRD_PT04_C02_M14;RBT04 Entrada 1 paletizador
282919;RBT04_TRD_PT04_C02_M13;RBT04 Entrada 1 paletizador
282920;RBT04_TRD_PT04_C02_M12;RBT04 Entrada 1 paletizador
282921;RBT04_TRD_PT04_C02_M11;RBT04 Entrada 1 paletizador
282922;RBT04_TRD_PT04_C02_M10;RBT04 Entrada 1 paletizador
282923;RBT04_TRD_PT04_C04_M04;RBT04 Entrada 1 paletizador
282924;RBT04_AAC_PT04_C04_M03;RBT04 Entrada 1 paletizador
282925;RBT04_TRD_PT04_C04_M02;RBT04 Entrada 1 paletizador
282926;RBT04_TRD_PT04_C04_M01;RBT04 Entrada 1 paletizador
282927;RBT04_TRD_PT04_C03_M06;RBT04 Entrada 1 paletizador
282928;RBT04_GCT_PT04_C03_M05;RBT04 Entrada 1 paletizador
282929;RBT04_MEN_PT04_C03_M04;RBT04 Entrada 1 paletizador
282930;RBT04_MEN_PT04_C03_M03;RBT04 Entrada 1 paletizador
282931;RBT04_MEN_PT04_C03_M02;RBT04 Entrada 1 paletizador
282932;RBT04_MEN_PT04_C03_M01;RBT04 Entrada 1 paletizador
282935;RBT04_APZ_PT04_C01_M30;RBT04 Línea 1 entrada palet
282934;RBT04_TPP_PT04_C01_M31;RBT04 Línea 1 entrada palet
282938;RBT04_APZ_PT04_C01_M20;RBT04 Línea 2 entrada palet
282937;RBT04_TPP_PT04_C01_M21;RBT04 Línea 2 entrada palet
282940;RBT04_AIN_PT04_C01_M40;RBT04 Línea entrada carton intercapa
282941;RBT04_TPP_PT04_C01_M41;RBT04 Línea entrada carton intercapa
282942;RBT04_TPP_PT04_C01_M42;RBT04 Línea entrada carton intercapa
282943;RBT04_IRC_PT04_C01_M43;RBT04 Línea entrada carton intercapa
282945;RBT04_ROB_PT04;RBT04 Robot 04
282947;RBT04_TPP_PT04_C01_M04;RBT04 Salida 4 paletizador
282948;RBT04_TPP_PT04_C01_M08;RBT04 Salida 4 paletizador
282949;RBT04_APZ_PT04_C01_M12;RBT04 Salida 4 paletizador
282951;RBT04_TPP_PT04_C01_M03;RBT04 Salida 3 paletizador
282952;RBT04_APZ_PT04_C01_M07;RBT04 Salida 3 paletizador
282954;RBT04_TPP_PT04_C01_M02;RBT04 Salida 2 paletizador
282955;RBT04_APZ_PT04_C01_M06;RBT04 Salida 2 paletizador
282957;RBT04_TPP_PT04_C01_M01;RBT04 Salida 1 paletizador
282958;RBT04_APZ_PT04_C01_M05;RBT04 Salida 1 paletizador
282961;CRR1_TERK_33_08_01;RCH1 Bypass conexión CRR1 linea 1
282962;RCH1_RSPN_33_08_02;RCH1 Bypass conexión CRR1 linea 1
282963;RCH1_TERK_33_08_03;RCH1 Bypass conexión CRR1 linea 1
282965;CRR1_TERK_33_07_01;RCH1 Bypass conexión CRR1 linea 2
282966;RCH1_RSPN_33_07_02;RCH1 Bypass conexión CRR1 linea 2
282967;RCH1_TERK_33_07_03;RCH1 Bypass conexión CRR1 linea 2
282969;CRR2_TERK_33_06_01;RCH1 Bypass conexión CRR2 linea 3
282970;RCH1_RSPN_33_06_02;RCH1 Bypass conexión CRR2 linea 3
282971;RCH1_TERK_33_06_03;RCH1 Bypass conexión CRR2 linea 3
282973;CRR2_TERK_33_05_01;RCH1 Bypass conexión CRR2 linea 4
282974;RCH1_RSPN_33_05_02;RCH1 Bypass conexión CRR2 linea 4
282975;RCH1_TERK_33_05_03;RCH1 Bypass conexión CRR2 linea 4
282977;RCH1_RSPN_33_05_23;RCH1 Colector salida rechazos
282978;RCH1_RM8830_33_05_24;RCH1 Colector salida rechazos
282979;RCH1_RSPN_33_05_25;RCH1 Colector salida rechazos
282980;RCH1_RM8830_33_05_26;RCH1 Colector salida rechazos
282981;RCH1_RSPN_33_05_27;RCH1 Colector salida rechazos
282982;RCH1_PPSB02_33_05_28;RCH1 Colector salida rechazos
282983;RCH1_GG_33_05_29;RCH1 Colector salida rechazos
282984;CRR1_TERK_33_05_30;RCH1 Colector salida rechazos
282986;RCH1_TERK_33_09_01;RCH1 Linea 1 peine rechazo
282987;RCH1_RSPN_33_09_02;RCH1 Linea 1 peine rechazo
282988;RCH1_TCO_33_09_05;RCH1 Linea 1 peine rechazo
282989;RCH1_P24733_33_09_03;RCH1 Linea 1 peine rechazo
282990;RCH1_P24733_33_09_04;RCH1 Linea 1 peine rechazo
282991;RCH1_RA_33_09_07;RCH1 Linea 1 peine rechazo
282992;RCH1_TERK_33_09_06;RCH1 Linea 1 peine rechazo
282994;RCH1_TERK_33_10_01;RCH1 Linea 2 peine rechazo
282995;RCH1_RSPN_33_10_02;RCH1 Linea 2 peine rechazo
282996;RCH1_TCO_33_10_05;RCH1 Linea 2 peine rechazo
282997;RCH1_P24733_33_10_03;RCH1 Linea 2 peine rechazo
282998;RCH1_P24733_33_10_04;RCH1 Linea 2 peine rechazo
282999;RCH1_RA_33_10_07;RCH1 Linea 2 peine rechazo
283000;RCH1_TERK_33_10_06;RCH1 Linea 2 peine rechazo
283002;RCH1_TERK_33_11_01;RCH1 Linea 3 peine rechazo
283003;RCH1_RSPN_33_11_02;RCH1 Linea 3 peine rechazo
283004;RCH1_TCO_33_11_05;RCH1 Linea 3 peine rechazo
283005;RCH1_P24733_33_11_04;RCH1 Linea 3 peine rechazo
283006;RCH1_P24733_33_11_03;RCH1 Linea 3 peine rechazo
283007;RCH1_RA_33_11_07;RCH1 Linea 3 peine rechazo
283008;RCH1_TERK_33_11_06;RCH1 Linea 3 peine rechazo
283010;RCH1_TERK_32_05_17;RCH1 Linea 4 peine rechazo
283011;RCH1_RSPN_33_05_18;RCH1 Linea 4 peine rechazo
283012;RCH1_TCO_33_05_21;RCH1 Linea 4 peine rechazo
283013;RCH1_P24733_33_05_19;RCH1 Linea 4 peine rechazo
283014;RCH1_P24733_33_05_20;RCH1 Linea 4 peine rechazo
283015;RCH1_RA_33_05_31;RCH1 Linea 4 peine rechazo
283016;RCH1_TERK_33_05_22;RCH1 Linea 4 peine rechazo
283018;RCH1_RSPN_33_05_04;RCH1 Línea entrada peine rechazo
283019;RCH1_GG_33_05_05;RCH1 Línea entrada peine rechazo
283020;RCH1_SWD_33_05_07;RCH1 Línea entrada peine rechazo
283021;RCH1_GG_33_05_06;RCH1 Línea entrada peine rechazo
283022;RCH1_SWD_33_05_09;RCH1 Línea entrada peine rechazo
283023;RCH1_GG_33_05_11;RCH1 Línea entrada peine rechazo
283024;RCH1_SWD_33_05_12;RCH1 Línea entrada peine rechazo
283025;RCH1_GG_33_05_13;RCH1 Línea entrada peine rechazo
283026;RCH1_RSPN_33_05_14;RCH1 Línea entrada peine rechazo
283027;RCH1_RM8830_33_05_15;RCH1 Línea entrada peine rechazo
283032;IND2_ESC_12_01_02_A;IND2 Entrada inducción 11
283044;PLC201_652_831_5M3;PLC201 Línea automática 831
283046;PLC201_652_832_8M3;PLC201 Línea automática 832
283048;PLC201_652_833_11M3;PLC201 Línea automática 833
283050;PLC201_652_834_14M3;PLC201 Línea automática 834
283052;PLC206_652_835_5M3;PLC206 Línea automática 835
283054;PLC206_652_836_8M3;PLC206 Línea automática 836
283056;PLC206_652_837_11M3;PLC206 Línea automática 837
283058;PLC211_652_838_2M3;PLC211 Línea automática 838
283060;PLC211_652_839_5M3;PLC211 Línea automática 839
283062;PLC211_652_840_8M3;PLC211 Línea automática 840
283064;PLC211_652_841_11M3;PLC211 Línea automática 841
283066;PLC211_652_842_14M3;PLC211 Línea automática 842
283068;PLC233_652_843_13M1;PLC233 Línea automática 843
283070;PLC233_652_844_13M2;PLC233 Línea automática 844
283072;PLC233_652_845_14M1;PLC233 Línea automática 845
283074;PLC233_652_846_14M2;PLC233 Línea automática 846
283076;PLC238_652_847_20M1;PLC238 Línea automática 847
283078;PLC238_652_848_21M1;PLC238 Línea automática 848
283080;PLC238_652_849_20M2;PLC238 Línea automática 849
283082;PLC238_TX200AC_238_1;PLC238 Free flow indock 5
283083;PLC238_TX200AC_238_2;PLC238 Free flow indock 5
283084;PLC238_AIR_238_3;PLC238 Free flow indock 5
283085;PLC238_TX200FD_238_4;PLC238 Free flow indock 5
283086;PLC238_TX200AC_238_5;PLC238 Free flow indock 5
283088;PLC216_TX200AC_216_1;PLC216 Free flow indock 1
283089;PLC216_TX200AC_216_2;PLC216 Free flow indock 1
283090;PLC216_AIR_216_3;PLC216 Free flow indock 1
283091;PLC216_TX200FD_216_4;PLC216 Free flow indock 1
283092;PLC216_TX200AC_216_5;PLC216 Free flow indock 1
283094;PLC219_TX200AC_219_1;PLC219 Free flow indock 2
283095;PLC219_TX200AC_219_2;PLC219 Free flow indock 2
283096;PLC219_AIR_219_3;PLC219 Free flow indock 2
283097;PLC219_TX200FD_219_4;PLC219 Free flow indock 2
283098;PLC219_TX200AC_219_5;PLC219 Free flow indock 2
283100;PLC223_TX200AC_223_1;PLC223 Free flow indock 3
283101;PLC223_TX200AC_223_2;PLC223 Free flow indock 3
283102;PLC223_AIR_223_3;PLC223 Free flow indock 3
283103;PLC223_TX200FD_223_4;PLC223 Free flow indock 3
283104;PLC223_TX200AC_223_5;PLC223 Free flow indock 3
283106;PLC232_TX200AC_232_1;PLC232 Free flow indock 4
283107;PLC232_TX200AC_232_2;PLC232 Free flow indock 4
283108;PLC232_AIR_232_3;PLC232 Free flow indock 4
283109;PLC232_TX200FD_232_4;PLC232 Free flow indock 4
283110;PLC232_TX200AC_232_5;PLC232 Free flow indock 4
283113;W000_CTE_HW_01;W000 Área de servicio
283114;W000_CTE_HW_02;W000 Área de servicio
283115;W000_CTE_HW_03;W000 Área de servicio
283116;W000_CTE_HW_04;W000 Área de servicio
283117;W000_ETSTS_Servicestation_01;W000 Área de servicio
283118;W000_EVSTS_W001-W006_SH;W000 Área de servicio
283119;W000_STV_115;W000 Área de servicio
283120;W000_STV_116;W000 Área de servicio
283121;W000_STV_117;W000 Área de servicio
283122;W000_STV_118;W000 Área de servicio
283124;W001_CUE_PASILLO_01;W001 Cuadro eléctrico
283126;W001_TLS_ELEVADOR_R;W001 Elevador der. pasillo 01 MS
283127;W001_RCS_1804_R;W001 Elevador der. pasillo 01 MS
283129;W001_TLS_ELEVADOR_L;W001 Elevador izq. pasillo 01 MS
283130;W001_RCS_1824_L;W001 Elevador izq. pasillo 01 MS
283132;W001_GA_H1;W001 Pasillo 01 nivel 01 altura 01
283133;W000_STV_001;W001 Pasillo 01 nivel 01 altura 01
283134;W001_LCS_1101_N1_H1_RO;W001 Pasillo 01 nivel 01 altura 01
283135;W001_LCS_1131_N1_H1_LI;W001 Pasillo 01 nivel 01 altura 01
283137;W001_GA_H2;W001 Pasillo 01 nivel 01 altura 02
283138;W000_STV_002;W001 Pasillo 01 nivel 01 altura 02
283139;W001_LCS_1102_N1_H2_RO;W001 Pasillo 01 nivel 01 altura 02
283140;W001_LCS_1132_N1_H2_LI;W001 Pasillo 01 nivel 01 altura 02
283152;W001_GA_H3;W001 Pasillo 01 nivel 01 altura 03
283153;W000_STV_003;W001 Pasillo 01 nivel 01 altura 03
283154;W001_LCS_1103_N1_H3_RO;W001 Pasillo 01 nivel 01 altura 03
283155;W001_LCS_1133_N1_H3_LI;W001 Pasillo 01 nivel 01 altura 03
283157;W001_GA_H4;W001 Pasillo 01 nivel 01 altura 04
283158;W000_STV_004;W001 Pasillo 01 nivel 01 altura 04
283159;W001_LCS_1104_N1_H4_RO;W001 Pasillo 01 nivel 01 altura 04
283160;W001_LCS_1134_N1_H4_LI;W001 Pasillo 01 nivel 01 altura 04
283162;W001_GA_H5;W001 Pasillo 01 nivel 01 altura 05
283163;W000_STV_005;W001 Pasillo 01 nivel 01 altura 05
283164;W001_LCS_1105_N1_H5_RO;W001 Pasillo 01 nivel 01 altura 05
283165;W001_LCS_1115_N1_H5_RI;W001 Pasillo 01 nivel 01 altura 05
283166;W001_LCS_1125_N1_H5_LO;W001 Pasillo 01 nivel 01 altura 05
283167;W001_LCS_1135_N1_H5_LI;W001 Pasillo 01 nivel 01 altura 05
283169;W001_GA_H6;W001 Pasillo 01 nivel 02 altura 06
283170;W000_STV_006;W001 Pasillo 01 nivel 02 altura 06
283171;W001_LCS_1151_N2_H6_RO;W001 Pasillo 01 nivel 02 altura 06
283172;W001_LCS_1161_N2_H6_RI;W001 Pasillo 01 nivel 02 altura 06
283173;W001_LCS_1171_N2_H6_LO;W001 Pasillo 01 nivel 02 altura 06
283174;W001_LCS_1181_N2_H6_LI;W001 Pasillo 01 nivel 02 altura 06
283176;W001_GA_H7;W001 Pasillo 01 nivel 02 altura 07
283177;W000_STV_007;W001 Pasillo 01 nivel 02 altura 07
283178;W001_LCS_1152_N2_H7_RO;W001 Pasillo 01 nivel 02 altura 07
283179;W001_LCS_1182_N2_H7_LI;W001 Pasillo 01 nivel 02 altura 07
283181;W001_GA_H8;W001 Pasillo 01 nivel 02 altura 08
283182;W000_STV_008;W001 Pasillo 01 nivel 02 altura 08
283183;W001_LCS_1153_N2_H8_RO;W001 Pasillo 01 nivel 02 altura 08
283184;W001_LCS_1163_N2_H8_RI;W001 Pasillo 01 nivel 02 altura 08
283185;W001_LCS_1173_N2_H8_LO;W001 Pasillo 01 nivel 02 altura 08
283186;W001_LCS_1183_N2_H8_LI;W001 Pasillo 01 nivel 02 altura 08
283188;W001_GA_H9;W001 Pasillo 01 nivel 02 altura 09
283189;W000_STV_009;W001 Pasillo 01 nivel 02 altura 09
283190;W001_LCS_1154_N2_H9_RO;W001 Pasillo 01 nivel 02 altura 09
283191;W001_LCS_1184_N2_H9_LI;W001 Pasillo 01 nivel 02 altura 09
283193;W001_GA_H10;W001 Pasillo 01 nivel 02 altura 10
283194;W000_STV_010;W001 Pasillo 01 nivel 02 altura 10
283195;W001_LCS_1155_N2_H10_RO;W001 Pasillo 01 nivel 02 altura 10
283196;W001_LCS_1165_N2_H10_RI;W001 Pasillo 01 nivel 02 altura 10
283197;W001_LCS_1175_N2_H10_LO;W001 Pasillo 01 nivel 02 altura 10
283198;W001_LCS_1185_N2_H10_LI;W001 Pasillo 01 nivel 02 altura 10
283200;W001_GA_H11;W001 Pasillo 01 nivel 03 altura 11
283201;W000_STV_011;W001 Pasillo 01 nivel 03 altura 11
283202;W001_LCS_1201_N3_H11_RO;W001 Pasillo 01 nivel 03 altura 11
283203;W001_LCS_1211_N3_H11_RI;W001 Pasillo 01 nivel 03 altura 11
283204;W001_LCS_1221_N3_H11_LO;W001 Pasillo 01 nivel 03 altura 11
283205;W001_LCS_1231_N3_H11_LI;W001 Pasillo 01 nivel 03 altura 11
283207;W001_GA_H12;W001 Pasillo 01 nivel 03 altura 12
283208;W000_STV_012;W001 Pasillo 01 nivel 03 altura 12
283209;W001_LCS_1202_N3_H12_RO;W001 Pasillo 01 nivel 03 altura 12
283210;W001_LCS_1212_N3_H12_RI;W001 Pasillo 01 nivel 03 altura 12
283211;W001_LCS_1222_N3_H12_LO;W001 Pasillo 01 nivel 03 altura 12
283212;W001_LCS_1232_N3_H12_LI;W001 Pasillo 01 nivel 03 altura 12
283214;W001_GA_H13;W001 Pasillo 01 nivel 03 altura 13
283215;W000_STV_013;W001 Pasillo 01 nivel 03 altura 13
283216;W001_LCS_1203_N3_H13_RO;W001 Pasillo 01 nivel 03 altura 13
283217;W001_LCS_1213_N3_H13_RI;W001 Pasillo 01 nivel 03 altura 13
283218;W001_LCS_1223_N3_H13_LO;W001 Pasillo 01 nivel 03 altura 13
283219;W001_LCS_1233_N3_H13_LI;W001 Pasillo 01 nivel 03 altura 13
283221;W001_GA_H14;W001 Pasillo 01 nivel 03 altura 14
283222;W000_STV_014;W001 Pasillo 01 nivel 03 altura 14
283223;W001_LCS_1204_N3_H14_RO;W001 Pasillo 01 nivel 03 altura 14
283224;W001_LCS_1214_N3_H14_RI;W001 Pasillo 01 nivel 03 altura 14
283225;W001_LCS_1224_N3_H14_LO;W001 Pasillo 01 nivel 03 altura 14
283226;W001_LCS_1234_N3_H14_LI;W001 Pasillo 01 nivel 03 altura 14
283228;W001_GA_H15;W001 Pasillo 01 nivel 03 altura 15
283229;W000_STV_015;W001 Pasillo 01 nivel 03 altura 15
283230;W001_LCS_1205_N3_H15_RO;W001 Pasillo 01 nivel 03 altura 15
283231;W001_LCS_1215_N3_H15_RI;W001 Pasillo 01 nivel 03 altura 15
283232;W001_LCS_1225_N3_H15_LO;W001 Pasillo 01 nivel 03 altura 15
283233;W001_LCS_1235_N3_H15_LI;W001 Pasillo 01 nivel 03 altura 15
283235;W001_GA_H16;W001 Pasillo 01 nivel 04 altura 16
283236;W000_STV_016;W001 Pasillo 01 nivel 04 altura 16
283237;W001_LCS_1251_N4_H16_RO;W001 Pasillo 01 nivel 04 altura 16
283238;W001_LCS_1261_N4_H16_RI;W001 Pasillo 01 nivel 04 altura 16
283239;W001_LCS_1271_N4_H16_LO;W001 Pasillo 01 nivel 04 altura 16
283240;W001_LCS_1281_N4_H16_LI;W001 Pasillo 01 nivel 04 altura 16
283242;W001_GA_H17;W001 Pasillo 01 nivel 04 altura 17
283243;W000_STV_017;W001 Pasillo 01 nivel 04 altura 17
283244;W001_LCS_1252_N4_H17_RO;W001 Pasillo 01 nivel 04 altura 17
283245;W001_LCS_1262_N4_H17_RI;W001 Pasillo 01 nivel 04 altura 17
283246;W001_LCS_1272_N4_H17_LO;W001 Pasillo 01 nivel 04 altura 17
283247;W001_LCS_1282_N4_H17_LI;W001 Pasillo 01 nivel 04 altura 17
283249;W001_GA_H18;W001 Pasillo 01 nivel 04 altura 18
283250;W000_STV_018;W001 Pasillo 01 nivel 04 altura 18
283251;W001_LCS_1253_N4_H18_RO;W001 Pasillo 01 nivel 04 altura 18
283252;W001_LCS_1263_N4_H18_RI;W001 Pasillo 01 nivel 04 altura 18
283253;W001_LCS_1273_N4_H18_LO;W001 Pasillo 01 nivel 04 altura 18
283254;W001_LCS_1283_N4_H18_LI;W001 Pasillo 01 nivel 04 altura 18
283256;W001_GA_H19;W001 Pasillo 01 nivel 04 altura 19
283257;W000_STV_019;W001 Pasillo 01 nivel 04 altura 19
283258;W001_LCS_1254_N4_H19_RO;W001 Pasillo 01 nivel 04 altura 19
283259;W001_LCS_1264_N4_H19_RI;W001 Pasillo 01 nivel 04 altura 19
283260;W001_LCS_1274_N4_H19_LO;W001 Pasillo 01 nivel 04 altura 19
283261;W001_LCS_1284_N4_H19_LI;W001 Pasillo 01 nivel 04 altura 19
283263;W002_CUE_PASILLO_02;W002 Cuadro eléctrico
283141;W002_RCS_1804_R;W002 Elevador der. pasillo 02 MS
283265;W002_TLS_ELEVADOR_R;W002 Elevador der. pasillo 02 MS
283142;W002_RCS_1824_L;W002 Elevador izq. pasillo 02 MS
283267;W002_TLS_ELEVADOR_L;W002 Elevador izq. pasillo 02 MS
283269;W002_GA_H1;W002 Pasillo 02 nivel 01 altura 01
283270;W000_STV_020;W002 Pasillo 02 nivel 01 altura 01
283271;W002_LCS_1101_N1_H1_RO;W002 Pasillo 02 nivel 01 altura 01
283272;W002_LCS_1131_N1_H1_LI;W002 Pasillo 02 nivel 01 altura 01
283274;W002_GA_H2;W002 Pasillo 02 nivel 01 altura 02
283275;W000_STV_021;W002 Pasillo 02 nivel 01 altura 02
283276;W002_LCS_1102_N1_H2_RO;W002 Pasillo 02 nivel 01 altura 02
283277;W002_LCS_1132_N1_H2_LI;W002 Pasillo 02 nivel 01 altura 02
283279;W002_GA_H3;W002 Pasillo 02 nivel 01 altura 03
283280;W000_STV_022;W002 Pasillo 02 nivel 01 altura 03
283281;W002_LCS_1103_N1_H3_RO;W002 Pasillo 02 nivel 01 altura 03
283282;W002_LCS_1133_N1_H3_LI;W002 Pasillo 02 nivel 01 altura 03
283284;W002_GA_H4;W002 Pasillo 02 nivel 01 altura 04
283285;W000_STV_023;W002 Pasillo 02 nivel 01 altura 04
283286;W002_LCS_1104_N1_H4_RO;W002 Pasillo 02 nivel 01 altura 04
283287;W002_LCS_1134_N1_H4_LI;W002 Pasillo 02 nivel 01 altura 04
283289;W002_GA_H5;W002 Pasillo 02 nivel 01 altura 05
283290;W000_STV_024;W002 Pasillo 02 nivel 01 altura 05
283291;W002_LCS_1105_N1_H5_RO;W002 Pasillo 02 nivel 01 altura 05
283292;W002_LCS_1115_N1_H5_RI;W002 Pasillo 02 nivel 01 altura 05
283293;W002_LCS_1125_N1_H5_LO;W002 Pasillo 02 nivel 01 altura 05
283294;W002_LCS_1135_N1_H5_LI;W002 Pasillo 02 nivel 01 altura 05
283296;W002_GA_H6;W002 Pasillo 02 nivel 02 altura 06
283297;W000_STV_025;W002 Pasillo 02 nivel 02 altura 06
283298;W002_LCS_1151_N2_H6_RO;W002 Pasillo 02 nivel 02 altura 06
283299;W002_LCS_1161_N2_H6_RI;W002 Pasillo 02 nivel 02 altura 06
283300;W002_LCS_1171_N2_H6_LO;W002 Pasillo 02 nivel 02 altura 06
283301;W002_LCS_1181_N2_H6_LI;W002 Pasillo 02 nivel 02 altura 06
283303;W002_GA_H7;W002 Pasillo 02 nivel 02 altura 07
283304;W000_STV_026;W002 Pasillo 02 nivel 02 altura 07
283305;W002_LCS_1152_N2_H7_RO;W002 Pasillo 02 nivel 02 altura 07
283306;W002_LCS_1182_N2_H7_LI;W002 Pasillo 02 nivel 02 altura 07
283308;W002_GA_H8;W002 Pasillo 02 nivel 02 altura 08
283309;W000_STV_027;W002 Pasillo 02 nivel 02 altura 08
283310;W002_LCS_1153_N2_H8_RO;W002 Pasillo 02 nivel 02 altura 08
283311;W002_LCS_1163_N2_H8_RI;W002 Pasillo 02 nivel 02 altura 08
283312;W002_LCS_1173_N2_H8_LO;W002 Pasillo 02 nivel 02 altura 08
283313;W002_LCS_1183_N2_H8_LI;W002 Pasillo 02 nivel 02 altura 08
283315;W002_GA_H9;W002 Pasillo 02 nivel 02 altura 09
283316;W000_STV_028;W002 Pasillo 02 nivel 02 altura 09
283317;W002_LCS_1154_N2_H9_RO;W002 Pasillo 02 nivel 02 altura 09
283318;W002_LCS_1184_N2_H9_LI;W002 Pasillo 02 nivel 02 altura 09
283320;W002_GA_H10;W002 Pasillo 02 nivel 02 altura 10
283321;W000_STV_029;W002 Pasillo 02 nivel 02 altura 10
283322;W002_LCS_1155_N2_H10_RO;W002 Pasillo 02 nivel 02 altura 10
283323;W002_LCS_1165_N2_H10_RI;W002 Pasillo 02 nivel 02 altura 10
283324;W002_LCS_1175_N2_H10_LO;W002 Pasillo 02 nivel 02 altura 10
283325;W002_LCS_1185_N2_H10_LI;W002 Pasillo 02 nivel 02 altura 10
283327;W002_GA_H11;W002 Pasillo 02 nivel 03 altura 11
283328;W000_STV_030;W002 Pasillo 02 nivel 03 altura 11
283329;W002_LCS_1201_N3_H11_RO;W002 Pasillo 02 nivel 03 altura 11
283330;W002_LCS_1211_N3_H11_RI;W002 Pasillo 02 nivel 03 altura 11
283331;W002_LCS_1221_N3_H11_LO;W002 Pasillo 02 nivel 03 altura 11
283332;W002_LCS_1231_N3_H11_LI;W002 Pasillo 02 nivel 03 altura 11
283334;W002_GA_H12;W002 Pasillo 02 nivel 03 altura 12
283335;W000_STV_031;W002 Pasillo 02 nivel 03 altura 12
283336;W002_LCS_1202_N3_H12_RO;W002 Pasillo 02 nivel 03 altura 12
283337;W002_LCS_1212_N3_H12_RI;W002 Pasillo 02 nivel 03 altura 12
283338;W002_LCS_1222_N3_H12_LO;W002 Pasillo 02 nivel 03 altura 12
283339;W002_LCS_1232_N3_H12_LI;W002 Pasillo 02 nivel 03 altura 12
283341;W002_GA_H13;W002 Pasillo 02 nivel 03 altura 13
283342;W000_STV_032;W002 Pasillo 02 nivel 03 altura 13
283343;W002_LCS_1203_N3_H13_RO;W002 Pasillo 02 nivel 03 altura 13
283344;W002_LCS_1213_N3_H13_RI;W002 Pasillo 02 nivel 03 altura 13
283345;W002_LCS_1223_N3_H13_LO;W002 Pasillo 02 nivel 03 altura 13
283346;W002_LCS_1233_N3_H13_LI;W002 Pasillo 02 nivel 03 altura 13
283348;W002_GA_H14;W002 Pasillo 02 nivel 03 altura 14
283349;W000_STV_033;W002 Pasillo 02 nivel 03 altura 14
283350;W002_LCS_1204_N3_H14_RO;W002 Pasillo 02 nivel 03 altura 14
283351;W002_LCS_1214_N3_H14_RI;W002 Pasillo 02 nivel 03 altura 14
283352;W002_LCS_1224_N3_H14_LO;W002 Pasillo 02 nivel 03 altura 14
283353;W002_LCS_1234_N3_H14_LI;W002 Pasillo 02 nivel 03 altura 14
283355;W002_GA_H15;W002 Pasillo 02 nivel 03 altura 15
283356;W000_STV_034;W002 Pasillo 02 nivel 03 altura 15
283357;W002_LCS_1205_N3_H15_RO;W002 Pasillo 02 nivel 03 altura 15
283358;W002_LCS_1215_N3_H15_RI;W002 Pasillo 02 nivel 03 altura 15
283359;W002_LCS_1225_N3_H15_LO;W002 Pasillo 02 nivel 03 altura 15
283360;W002_LCS_1235_N3_H15_LI;W002 Pasillo 02 nivel 03 altura 15
283362;W002_GA_H16;W002 Pasillo 02 nivel 04 altura 16
283363;W000_STV_035;W002 Pasillo 02 nivel 04 altura 16
283364;W002_LCS_1251_N4_H16_RO;W002 Pasillo 02 nivel 04 altura 16
283365;W002_LCS_1261_N4_H16_RI;W002 Pasillo 02 nivel 04 altura 16
283366;W002_LCS_1271_N4_H16_LO;W002 Pasillo 02 nivel 04 altura 16
283367;W002_LCS_1281_N4_H16_LI;W002 Pasillo 02 nivel 04 altura 16
283369;W002_GA_H17;W002 Pasillo 02 nivel 04 altura 17
283370;W000_STV_036;W002 Pasillo 02 nivel 04 altura 17
283371;W002_LCS_1252_N4_H17_RO;W002 Pasillo 02 nivel 04 altura 17
283372;W002_LCS_1262_N4_H17_RI;W002 Pasillo 02 nivel 04 altura 17
283373;W002_LCS_1272_N4_H17_LO;W002 Pasillo 02 nivel 04 altura 17
283374;W002_LCS_1282_N4_H17_LI;W002 Pasillo 02 nivel 04 altura 17
283376;W002_GA_H18;W002 Pasillo 02 nivel 04 altura 18
283377;W000_STV_037;W002 Pasillo 02 nivel 04 altura 18
283378;W002_LCS_1253_N4_H18_RO;W002 Pasillo 02 nivel 04 altura 18
283379;W002_LCS_1263_N4_H18_RI;W002 Pasillo 02 nivel 04 altura 18
283380;W002_LCS_1273_N4_H18_LO;W002 Pasillo 02 nivel 04 altura 18
283381;W002_LCS_1283_N4_H18_LI;W002 Pasillo 02 nivel 04 altura 18
283383;W002_GA_H19;W002 Pasillo 02 nivel 04 altura 19
283384;W000_STV_038;W002 Pasillo 02 nivel 04 altura 19
283385;W002_LCS_1254_N4_H19_RO;W002 Pasillo 02 nivel 04 altura 19
283386;W002_LCS_1264_N4_H19_RI;W002 Pasillo 02 nivel 04 altura 19
283387;W002_LCS_1274_N4_H19_LO;W002 Pasillo 02 nivel 04 altura 19
283388;W002_LCS_1284_N4_H19_LI;W002 Pasillo 02 nivel 04 altura 19
283390;W003_CUE_PASILLO_03;W003 Cuadro eléctrico
283143;W003_RCS_1804_R;W003 Elevador der. pasillo 03 MS
283392;W003_TLS_ELEVADOR_R;W003 Elevador der. pasillo 03 MS
283144;W003_RCS_1824_L;W003 Elevador izq. pasillo 03 MS
283394;W003_TLS_ELEVADOR_L;W003 Elevador izq. pasillo 03 MS
283396;W003_GA_H1;W003 Pasillo 03 nivel 01 altura 01
283397;W000_STV_039;W003 Pasillo 03 nivel 01 altura 01
283398;W003_LCS_1101_N1_H1_RO;W003 Pasillo 03 nivel 01 altura 01
283399;W003_LCS_1131_N1_H1_LI;W003 Pasillo 03 nivel 01 altura 01
283401;W003_GA_H2;W003 Pasillo 03 nivel 01 altura 02
283402;W000_STV_040;W003 Pasillo 03 nivel 01 altura 02
283403;W003_LCS_1102_N1_H2_RO;W003 Pasillo 03 nivel 01 altura 02
283404;W003_LCS_1132_N1_H2_LI;W003 Pasillo 03 nivel 01 altura 02
283406;W003_GA_H3;W003 Pasillo 03 nivel 01 altura 03
283407;W000_STV_041;W003 Pasillo 03 nivel 01 altura 03
283408;W003_LCS_1103_N1_H3_RO;W003 Pasillo 03 nivel 01 altura 03
283409;W003_LCS_1133_N1_H3_LI;W003 Pasillo 03 nivel 01 altura 03
283411;W003_GA_H4;W003 Pasillo 03 nivel 01 altura 04
283412;W000_STV_042;W003 Pasillo 03 nivel 01 altura 04
283413;W003_LCS_1104_N1_H4_RO;W003 Pasillo 03 nivel 01 altura 04
283414;W003_LCS_1134_N1_H4_LI;W003 Pasillo 03 nivel 01 altura 04
283416;W003_GA_H5;W003 Pasillo 03 nivel 01 altura 05
283417;W000_STV_043;W003 Pasillo 03 nivel 01 altura 05
283418;W003_LCS_1105_N1_H5_RO;W003 Pasillo 03 nivel 01 altura 05
283419;W003_LCS_1115_N1_H5_RI;W003 Pasillo 03 nivel 01 altura 05
283420;W003_LCS_1125_N1_H5_LO;W003 Pasillo 03 nivel 01 altura 05
283421;W003_LCS_1135_N1_H5_LI;W003 Pasillo 03 nivel 01 altura 05
283423;W003_GA_H6;W003 Pasillo 03 nivel 02 altura 06
283424;W000_STV_044;W003 Pasillo 03 nivel 02 altura 06
283425;W003_LCS_1151_N2_H6_RO;W003 Pasillo 03 nivel 02 altura 06
283426;W003_LCS_1161_N2_H6_RI;W003 Pasillo 03 nivel 02 altura 06
283427;W003_LCS_1171_N2_H6_LO;W003 Pasillo 03 nivel 02 altura 06
283428;W003_LCS_1181_N2_H6_LI;W003 Pasillo 03 nivel 02 altura 06
283430;W003_GA_H7;W003 Pasillo 03 nivel 02 altura 07
283431;W000_STV_045;W003 Pasillo 03 nivel 02 altura 07
283432;W003_LCS_1152_N2_H7_RO;W003 Pasillo 03 nivel 02 altura 07
283433;W003_LCS_1182_N2_H7_LI;W003 Pasillo 03 nivel 02 altura 07
283435;W003_GA_H8;W003 Pasillo 03 nivel 02 altura 08
283436;W000_STV_046;W003 Pasillo 03 nivel 02 altura 08
283437;W003_LCS_1153_N2_H8_RO;W003 Pasillo 03 nivel 02 altura 08
283438;W003_LCS_1163_N2_H8_RI;W003 Pasillo 03 nivel 02 altura 08
283439;W003_LCS_1173_N2_H8_LO;W003 Pasillo 03 nivel 02 altura 08
283440;W003_LCS_1183_N2_H8_LI;W003 Pasillo 03 nivel 02 altura 08
283442;W003_GA_H9;W003 Pasillo 03 nivel 02 altura 09
283443;W000_STV_047;W003 Pasillo 03 nivel 02 altura 09
283444;W003_LCS_1154_N2_H9_RO;W003 Pasillo 03 nivel 02 altura 09
283445;W003_LCS_1184_N2_H9_LI;W003 Pasillo 03 nivel 02 altura 09
283447;W003_GA_H10;W003 Pasillo 03 nivel 02 altura 10
283448;W000_STV_048;W003 Pasillo 03 nivel 02 altura 10
283449;W003_LCS_1155_N2_H10_RO;W003 Pasillo 03 nivel 02 altura 10
283450;W003_LCS_1165_N2_H10_RI;W003 Pasillo 03 nivel 02 altura 10
283451;W003_LCS_1175_N2_H10_LO;W003 Pasillo 03 nivel 02 altura 10
283452;W003_LCS_1185_N2_H10_LI;W003 Pasillo 03 nivel 02 altura 10
283454;W003_GA_H11;W003 Pasillo 03 nivel 03 altura 11
283455;W000_STV_049;W003 Pasillo 03 nivel 03 altura 11
283456;W003_LCS_1201_N3_H11_RO;W003 Pasillo 03 nivel 03 altura 11
283457;W003_LCS_1211_N3_H11_RI;W003 Pasillo 03 nivel 03 altura 11
283458;W003_LCS_1221_N3_H11_LO;W003 Pasillo 03 nivel 03 altura 11
283459;W003_LCS_1231_N3_H11_LI;W003 Pasillo 03 nivel 03 altura 11
283461;W003_GA_H12;W003 Pasillo 03 nivel 03 altura 12
283462;W000_STV_050;W003 Pasillo 03 nivel 03 altura 12
283463;W003_LCS_1202_N3_H12_RO;W003 Pasillo 03 nivel 03 altura 12
283464;W003_LCS_1212_N3_H12_RI;W003 Pasillo 03 nivel 03 altura 12
283465;W003_LCS_1222_N3_H12_LO;W003 Pasillo 03 nivel 03 altura 12
283466;W003_LCS_1232_N3_H12_LI;W003 Pasillo 03 nivel 03 altura 12
283468;W003_GA_H13;W003 Pasillo 03 nivel 03 altura 13
283469;W000_STV_051;W003 Pasillo 03 nivel 03 altura 13
283470;W003_LCS_1203_N3_H13_RO;W003 Pasillo 03 nivel 03 altura 13
283471;W003_LCS_1213_N3_H13_RI;W003 Pasillo 03 nivel 03 altura 13
283472;W003_LCS_1223_N3_H13_LO;W003 Pasillo 03 nivel 03 altura 13
283473;W003_LCS_1233_N3_H13_LI;W003 Pasillo 03 nivel 03 altura 13
283475;W003_GA_H14;W003 Pasillo 03 nivel 03 altura 14
283476;W000_STV_052;W003 Pasillo 03 nivel 03 altura 14
283477;W003_LCS_1204_N3_H14_RO;W003 Pasillo 03 nivel 03 altura 14
283478;W003_LCS_1214_N3_H14_RI;W003 Pasillo 03 nivel 03 altura 14
283479;W003_LCS_1224_N3_H14_LO;W003 Pasillo 03 nivel 03 altura 14
283480;W003_LCS_1234_N3_H14_LI;W003 Pasillo 03 nivel 03 altura 14
283482;W003_GA_H15;W003 Pasillo 03 nivel 03 altura 15
283483;W000_STV_053;W003 Pasillo 03 nivel 03 altura 15
283484;W003_LCS_1205_N3_H15_RO;W003 Pasillo 03 nivel 03 altura 15
283485;W003_LCS_1215_N3_H15_RI;W003 Pasillo 03 nivel 03 altura 15
283486;W003_LCS_1225_N3_H15_LO;W003 Pasillo 03 nivel 03 altura 15
283487;W003_LCS_1235_N3_H15_LI;W003 Pasillo 03 nivel 03 altura 15
283489;W003_GA_H16;W003 Pasillo 03 nivel 04 altura 16
283490;W000_STV_054;W003 Pasillo 03 nivel 04 altura 16
283491;W003_LCS_1251_N4_H16_RO;W003 Pasillo 03 nivel 04 altura 16
283492;W003_LCS_1261_N4_H16_RI;W003 Pasillo 03 nivel 04 altura 16
283493;W003_LCS_1271_N4_H16_LO;W003 Pasillo 03 nivel 04 altura 16
283494;W003_LCS_1281_N4_H16_LI;W003 Pasillo 03 nivel 04 altura 16
283496;W003_GA_H17;W003 Pasillo 03 nivel 04 altura 17
283497;W000_STV_055;W003 Pasillo 03 nivel 04 altura 17
283498;W003_LCS_1252_N4_H17_RO;W003 Pasillo 03 nivel 04 altura 17
283499;W003_LCS_1262_N4_H17_RI;W003 Pasillo 03 nivel 04 altura 17
283500;W003_LCS_1272_N4_H17_LO;W003 Pasillo 03 nivel 04 altura 17
283501;W003_LCS_1282_N4_H17_LI;W003 Pasillo 03 nivel 04 altura 17
283503;W003_GA_H18;W003 Pasillo 03 nivel 04 altura 18
283504;W000_STV_056;W003 Pasillo 03 nivel 04 altura 18
283505;W003_LCS_1253_N4_H18_RO;W003 Pasillo 03 nivel 04 altura 18
283506;W003_LCS_1263_N4_H18_RI;W003 Pasillo 03 nivel 04 altura 18
283507;W003_LCS_1273_N4_H18_LO;W003 Pasillo 03 nivel 04 altura 18
283508;W003_LCS_1283_N4_H18_LI;W003 Pasillo 03 nivel 04 altura 18
283510;W003_GA_H19;W003 Pasillo 03 nivel 04 altura 19
283511;W000_STV_057;W003 Pasillo 03 nivel 04 altura 19
283512;W003_LCS_1254_N4_H19_RO;W003 Pasillo 03 nivel 04 altura 19
283513;W003_LCS_1264_N4_H19_RI;W003 Pasillo 03 nivel 04 altura 19
283514;W003_LCS_1274_N4_H19_LO;W003 Pasillo 03 nivel 04 altura 19
283515;W003_LCS_1284_N4_H19_LI;W003 Pasillo 03 nivel 04 altura 19
283517;W004_CUE_PASILLO_04;W004 Cuadro eléctrico
283145;W004_RCS_1804_R;W004 Elevador der. pasillo 04 MS
283519;W004_TLS_ELEVADOR_R;W004 Elevador der. pasillo 04 MS
283146;W004_RCS_1824_L;W004 Elevador izq. pasillo 04 MS
283521;W004_TLS_ELEVADOR_L;W004 Elevador izq. pasillo 04 MS
283523;W004_GA_H1;W004 Pasillo 04 nivel 01 altura 01
283524;W000_STV_058;W004 Pasillo 04 nivel 01 altura 01
283525;W004_LCS_1101_N1_H1_RO;W004 Pasillo 04 nivel 01 altura 01
283526;W004_LCS_1131_N1_H1_LI;W004 Pasillo 04 nivel 01 altura 01
283528;W004_GA_H2;W004 Pasillo 04 nivel 01 altura 02
283529;W000_STV_059;W004 Pasillo 04 nivel 01 altura 02
283530;W004_LCS_1102_N1_H2_RO;W004 Pasillo 04 nivel 01 altura 02
283531;W004_LCS_1132_N1_H2_LI;W004 Pasillo 04 nivel 01 altura 02
283533;W004_GA_H3;W004 Pasillo 04 nivel 01 altura 03
283534;W000_STV_060;W004 Pasillo 04 nivel 01 altura 03
283535;W004_LCS_1103_N1_H3_RO;W004 Pasillo 04 nivel 01 altura 03
283536;W004_LCS_1133_N1_H3_LI;W004 Pasillo 04 nivel 01 altura 03
283538;W004_GA_H4;W004 Pasillo 04 nivel 01 altura 04
283539;W000_STV_061;W004 Pasillo 04 nivel 01 altura 04
283540;W004_LCS_1104_N1_H4_RO;W004 Pasillo 04 nivel 01 altura 04
283541;W004_LCS_1134_N1_H4_LI;W004 Pasillo 04 nivel 01 altura 04
283543;W004_GA_H5;W004 Pasillo 04 nivel 01 altura 05
283544;W000_STV_062;W004 Pasillo 04 nivel 01 altura 05
283545;W004_LCS_1105_N1_H5_RO;W004 Pasillo 04 nivel 01 altura 05
283546;W004_LCS_1115_N1_H5_RI;W004 Pasillo 04 nivel 01 altura 05
283547;W004_LCS_1125_N1_H5_LO;W004 Pasillo 04 nivel 01 altura 05
283548;W004_LCS_1135_N1_H5_LI;W004 Pasillo 04 nivel 01 altura 05
283550;W004_GA_H6;W004 Pasillo 04 nivel 02 altura 06
283551;W000_STV_063;W004 Pasillo 04 nivel 02 altura 06
283552;W004_LCS_1151_N2_H6_RO;W004 Pasillo 04 nivel 02 altura 06
283553;W004_LCS_1161_N2_H6_RI;W004 Pasillo 04 nivel 02 altura 06
283554;W004_LCS_1171_N2_H6_LO;W004 Pasillo 04 nivel 02 altura 06
283555;W004_LCS_1181_N2_H6_LI;W004 Pasillo 04 nivel 02 altura 06
283557;W004_GA_H7;W004 Pasillo 04 nivel 02 altura 07
283558;W000_STV_064;W004 Pasillo 04 nivel 02 altura 07
283559;W004_LCS_1152_N2_H7_RO;W004 Pasillo 04 nivel 02 altura 07
283560;W004_LCS_1182_N2_H7_LI;W004 Pasillo 04 nivel 02 altura 07
283562;W004_GA_H8;W004 Pasillo 04 nivel 02 altura 08
283563;W000_STV_065;W004 Pasillo 04 nivel 02 altura 08
283564;W004_LCS_1153_N2_H8_RO;W004 Pasillo 04 nivel 02 altura 08
283565;W004_LCS_1163_N2_H8_RI;W004 Pasillo 04 nivel 02 altura 08
283566;W004_LCS_1173_N2_H8_LO;W004 Pasillo 04 nivel 02 altura 08
283567;W004_LCS_1183_N2_H8_LI;W004 Pasillo 04 nivel 02 altura 08
283569;W004_GA_H9;W004 Pasillo 04 nivel 02 altura 09
283570;W000_STV_066;W004 Pasillo 04 nivel 02 altura 09
283571;W004_LCS_1154_N2_H9_RO;W004 Pasillo 04 nivel 02 altura 09
283572;W004_LCS_1184_N2_H9_LI;W004 Pasillo 04 nivel 02 altura 09
283574;W004_GA_H10;W004 Pasillo 04 nivel 02 altura 10
283575;W000_STV_067;W004 Pasillo 04 nivel 02 altura 10
283576;W004_LCS_1155_N2_H10_RO;W004 Pasillo 04 nivel 02 altura 10
283577;W004_LCS_1165_N2_H10_RI;W004 Pasillo 04 nivel 02 altura 10
283578;W004_LCS_1175_N2_H10_LO;W004 Pasillo 04 nivel 02 altura 10
283579;W004_LCS_1185_N2_H10_LI;W004 Pasillo 04 nivel 02 altura 10
283581;W004_GA_H11;W004 Pasillo 04 nivel 03 altura 11
283582;W000_STV_068;W004 Pasillo 04 nivel 03 altura 11
283583;W004_LCS_1201_N3_H11_RO;W004 Pasillo 04 nivel 03 altura 11
283584;W004_LCS_1211_N3_H11_RI;W004 Pasillo 04 nivel 03 altura 11
283585;W004_LCS_1221_N3_H11_LO;W004 Pasillo 04 nivel 03 altura 11
283586;W004_LCS_1231_N3_H11_LI;W004 Pasillo 04 nivel 03 altura 11
283588;W004_GA_H12;W004 Pasillo 04 nivel 03 altura 12
283589;W000_STV_069;W004 Pasillo 04 nivel 03 altura 12
283590;W004_LCS_1202_N3_H12_RO;W004 Pasillo 04 nivel 03 altura 12
283591;W004_LCS_1212_N3_H12_RI;W004 Pasillo 04 nivel 03 altura 12
283592;W004_LCS_1222_N3_H12_LO;W004 Pasillo 04 nivel 03 altura 12
283593;W004_LCS_1232_N3_H12_LI;W004 Pasillo 04 nivel 03 altura 12
283595;W004_GA_H13;W004 Pasillo 04 nivel 03 altura 13
283596;W000_STV_070;W004 Pasillo 04 nivel 03 altura 13
283597;W004_LCS_1203_N3_H13_RO;W004 Pasillo 04 nivel 03 altura 13
283598;W004_LCS_1213_N3_H13_RI;W004 Pasillo 04 nivel 03 altura 13
283599;W004_LCS_1223_N3_H13_LO;W004 Pasillo 04 nivel 03 altura 13
283600;W004_LCS_1233_N3_H13_LI;W004 Pasillo 04 nivel 03 altura 13
283602;W004_GA_H14;W004 Pasillo 04 nivel 03 altura 14
283603;W000_STV_071;W004 Pasillo 04 nivel 03 altura 14
283604;W004_LCS_1204_N3_H14_RO;W004 Pasillo 04 nivel 03 altura 14
283605;W004_LCS_1214_N3_H14_RI;W004 Pasillo 04 nivel 03 altura 14
283606;W004_LCS_1224_N3_H14_LO;W004 Pasillo 04 nivel 03 altura 14
283607;W004_LCS_1234_N3_H14_LI;W004 Pasillo 04 nivel 03 altura 14
283609;W004_GA_H15;W004 Pasillo 04 nivel 03 altura 15
283610;W000_STV_072;W004 Pasillo 04 nivel 03 altura 15
283611;W004_LCS_1205_N3_H15_RO;W004 Pasillo 04 nivel 03 altura 15
283612;W004_LCS_1215_N3_H15_RI;W004 Pasillo 04 nivel 03 altura 15
283613;W004_LCS_1225_N3_H15_LO;W004 Pasillo 04 nivel 03 altura 15
283614;W004_LCS_1235_N3_H15_LI;W004 Pasillo 04 nivel 03 altura 15
283616;W004_GA_H16;W004 Pasillo 04 nivel 04 altura 16
283617;W000_STV_073;W004 Pasillo 04 nivel 04 altura 16
283618;W004_LCS_1251_N4_H16_RO;W004 Pasillo 04 nivel 04 altura 16
283619;W004_LCS_1261_N4_H16_RI;W004 Pasillo 04 nivel 04 altura 16
283620;W004_LCS_1271_N4_H16_LO;W004 Pasillo 04 nivel 04 altura 16
283621;W004_LCS_1281_N4_H16_LI;W004 Pasillo 04 nivel 04 altura 16
283623;W004_GA_H17;W004 Pasillo 04 nivel 04 altura 17
283624;W000_STV_074;W004 Pasillo 04 nivel 04 altura 17
283625;W004_LCS_1252_N4_H17_RO;W004 Pasillo 04 nivel 04 altura 17
283626;W004_LCS_1262_N4_H17_RI;W004 Pasillo 04 nivel 04 altura 17
283627;W004_LCS_1272_N4_H17_LO;W004 Pasillo 04 nivel 04 altura 17
283628;W004_LCS_1282_N4_H17_LI;W004 Pasillo 04 nivel 04 altura 17
283630;W004_GA_H18;W004 Pasillo 04 nivel 04 altura 18
283631;W000_STV_075;W004 Pasillo 04 nivel 04 altura 18
283632;W004_LCS_1253_N4_H18_RO;W004 Pasillo 04 nivel 04 altura 18
283633;W004_LCS_1263_N4_H18_RI;W004 Pasillo 04 nivel 04 altura 18
283634;W004_LCS_1273_N4_H18_LO;W004 Pasillo 04 nivel 04 altura 18
283635;W004_LCS_1283_N4_H18_LI;W004 Pasillo 04 nivel 04 altura 18
283637;W004_GA_H19;W004 Pasillo 04 nivel 04 altura 19
283638;W000_STV_076;W004 Pasillo 04 nivel 04 altura 19
283639;W004_LCS_1254_N4_H19_RO;W004 Pasillo 04 nivel 04 altura 19
283640;W004_LCS_1264_N4_H19_RI;W004 Pasillo 04 nivel 04 altura 19
283641;W004_LCS_1274_N4_H19_LO;W004 Pasillo 04 nivel 04 altura 19
283642;W004_LCS_1284_N4_H19_LI;W004 Pasillo 04 nivel 04 altura 19
283644;W005_CUE_PASILLO_05;W005 Cuadro eléctrico
283147;W005_RCS_1804_R;W005 Elevador der. pasillo 05 MS
283646;W005_TLS_ELEVADOR_R;W005 Elevador der. pasillo 05 MS
283148;W005_RCS_1824_L;W005 Elevador izq. pasillo 05 MS
283648;W005_TLS_ELEVADOR_L;W005 Elevador izq. pasillo 05 MS
283650;W005_GA_H1;W005 Pasillo 05 nivel 01 altura 01
283651;W000_STV_077;W005 Pasillo 05 nivel 01 altura 01
283652;W005_LCS_1101_N1_H1_RO;W005 Pasillo 05 nivel 01 altura 01
283653;W005_LCS_1131_N1_H1_LI;W005 Pasillo 05 nivel 01 altura 01
283655;W005_GA_H2;W005 Pasillo 05 nivel 01 altura 02
283656;W000_STV_078;W005 Pasillo 05 nivel 01 altura 02
283657;W005_LCS_1102_N1_H2_RO;W005 Pasillo 05 nivel 01 altura 02
283658;W005_LCS_1132_N1_H2_LI;W005 Pasillo 05 nivel 01 altura 02
283660;W005_GA_H3;W005 Pasillo 05 nivel 01 altura 03
283661;W000_STV_079;W005 Pasillo 05 nivel 01 altura 03
283662;W005_LCS_1103_N1_H3_RO;W005 Pasillo 05 nivel 01 altura 03
283663;W005_LCS_1133_N1_H3_LI;W005 Pasillo 05 nivel 01 altura 03
283665;W005_GA_H4;W005 Pasillo 05 nivel 01 altura 04
283666;W000_STV_080;W005 Pasillo 05 nivel 01 altura 04
283667;W005_LCS_1104_N1_H4_RO;W005 Pasillo 05 nivel 01 altura 04
283668;W005_LCS_1134_N1_H4_LI;W005 Pasillo 05 nivel 01 altura 04
283670;W005_GA_H5;W005 Pasillo 05 nivel 01 altura 05
283671;W000_STV_081;W005 Pasillo 05 nivel 01 altura 05
283672;W005_LCS_1105_N1_H5_RO;W005 Pasillo 05 nivel 01 altura 05
283673;W005_LCS_1115_N1_H5_RI;W005 Pasillo 05 nivel 01 altura 05
283674;W005_LCS_1125_N1_H5_LO;W005 Pasillo 05 nivel 01 altura 05
283675;W005_LCS_1135_N1_H5_LI;W005 Pasillo 05 nivel 01 altura 05
283677;W005_GA_H6;W005 Pasillo 05 nivel 02 altura 06
283678;W000_STV_082;W005 Pasillo 05 nivel 02 altura 06
283679;W005_LCS_1151_N2_H6_RO;W005 Pasillo 05 nivel 02 altura 06
283680;W005_LCS_1161_N2_H6_RI;W005 Pasillo 05 nivel 02 altura 06
283681;W005_LCS_1171_N2_H6_LO;W005 Pasillo 05 nivel 02 altura 06
283682;W005_LCS_1181_N2_H6_LI;W005 Pasillo 05 nivel 02 altura 06
283684;W005_GA_H7;W005 Pasillo 05 nivel 02 altura 07
283685;W000_STV_083;W005 Pasillo 05 nivel 02 altura 07
283686;W005_LCS_1152_N2_H7_RO;W005 Pasillo 05 nivel 02 altura 07
283687;W005_LCS_1182_N2_H7_LI;W005 Pasillo 05 nivel 02 altura 07
283689;W005_GA_H8;W005 Pasillo 05 nivel 02 altura 08
283690;W000_STV_084;W005 Pasillo 05 nivel 02 altura 08
283691;W005_LCS_1153_N2_H8_RO;W005 Pasillo 05 nivel 02 altura 08
283692;W005_LCS_1163_N2_H8_RI;W005 Pasillo 05 nivel 02 altura 08
283693;W005_LCS_1173_N2_H8_LO;W005 Pasillo 05 nivel 02 altura 08
283694;W005_LCS_1183_N2_H8_LI;W005 Pasillo 05 nivel 02 altura 08
283696;W005_GA_H9;W005 Pasillo 05 nivel 02 altura 09
283697;W000_STV_085;W005 Pasillo 05 nivel 02 altura 09
283698;W005_LCS_1154_N2_H9_RO;W005 Pasillo 05 nivel 02 altura 09
283699;W005_LCS_1184_N2_H9_LI;W005 Pasillo 05 nivel 02 altura 09
283701;W005_GA_H10;W005 Pasillo 05 nivel 02 altura 10
283702;W000_STV_086;W005 Pasillo 05 nivel 02 altura 10
283703;W005_LCS_1155_N2_H10_RO;W005 Pasillo 05 nivel 02 altura 10
283704;W005_LCS_1165_N2_H10_RI;W005 Pasillo 05 nivel 02 altura 10
283705;W005_LCS_1175_N2_H10_LO;W005 Pasillo 05 nivel 02 altura 10
283706;W005_LCS_1185_N2_H10_LI;W005 Pasillo 05 nivel 02 altura 10
283708;W005_GA_H11;W005 Pasillo 05 nivel 03 altura 11
283709;W000_STV_087;W005 Pasillo 05 nivel 03 altura 11
283710;W005_LCS_1201_N3_H11_RO;W005 Pasillo 05 nivel 03 altura 11
283711;W005_LCS_1211_N3_H11_RI;W005 Pasillo 05 nivel 03 altura 11
283712;W005_LCS_1221_N3_H11_LO;W005 Pasillo 05 nivel 03 altura 11
283713;W005_LCS_1231_N3_H11_LI;W005 Pasillo 05 nivel 03 altura 11
283715;W005_GA_H12;W005 Pasillo 05 nivel 03 altura 12
283716;W000_STV_088;W005 Pasillo 05 nivel 03 altura 12
283717;W005_LCS_1202_N3_H12_RO;W005 Pasillo 05 nivel 03 altura 12
283718;W005_LCS_1212_N3_H12_RI;W005 Pasillo 05 nivel 03 altura 12
283719;W005_LCS_1222_N3_H12_LO;W005 Pasillo 05 nivel 03 altura 12
283720;W005_LCS_1232_N3_H12_LI;W005 Pasillo 05 nivel 03 altura 12
283722;W005_GA_H13;W005 Pasillo 05 nivel 03 altura 13
283723;W000_STV_089;W005 Pasillo 05 nivel 03 altura 13
283724;W005_LCS_1203_N3_H13_RO;W005 Pasillo 05 nivel 03 altura 13
283725;W005_LCS_1213_N3_H13_RI;W005 Pasillo 05 nivel 03 altura 13
283726;W005_LCS_1223_N3_H13_LO;W005 Pasillo 05 nivel 03 altura 13
283727;W005_LCS_1233_N3_H13_LI;W005 Pasillo 05 nivel 03 altura 13
283729;W005_GA_H14;W005 Pasillo 05 nivel 03 altura 14
283730;W000_STV_090;W005 Pasillo 05 nivel 03 altura 14
283731;W005_LCS_1204_N3_H14_RO;W005 Pasillo 05 nivel 03 altura 14
283732;W005_LCS_1214_N3_H14_RI;W005 Pasillo 05 nivel 03 altura 14
283733;W005_LCS_1224_N3_H14_LO;W005 Pasillo 05 nivel 03 altura 14
283734;W005_LCS_1234_N3_H14_LI;W005 Pasillo 05 nivel 03 altura 14
283736;W005_GA_H15;W005 Pasillo 05 nivel 03 altura 15
283737;W000_STV_091;W005 Pasillo 05 nivel 03 altura 15
283738;W005_LCS_1205_N3_H15_RO;W005 Pasillo 05 nivel 03 altura 15
283739;W005_LCS_1215_N3_H15_RI;W005 Pasillo 05 nivel 03 altura 15
283740;W005_LCS_1225_N3_H15_LO;W005 Pasillo 05 nivel 03 altura 15
283741;W005_LCS_1235_N3_H15_LI;W005 Pasillo 05 nivel 03 altura 15
283743;W005_GA_H16;W005 Pasillo 05 nivel 04 altura 16
283744;W000_STV_092;W005 Pasillo 05 nivel 04 altura 16
283745;W005_LCS_1251_N4_H16_RO;W005 Pasillo 05 nivel 04 altura 16
283746;W005_LCS_1261_N4_H16_RI;W005 Pasillo 05 nivel 04 altura 16
283747;W005_LCS_1271_N4_H16_LO;W005 Pasillo 05 nivel 04 altura 16
283748;W005_LCS_1281_N4_H16_LI;W005 Pasillo 05 nivel 04 altura 16
283750;W005_GA_H17;W005 Pasillo 05 nivel 04 altura 17
283751;W000_STV_093;W005 Pasillo 05 nivel 04 altura 17
283752;W005_LCS_1252_N4_H17_RO;W005 Pasillo 05 nivel 04 altura 17
283753;W005_LCS_1262_N4_H17_RI;W005 Pasillo 05 nivel 04 altura 17
283754;W005_LCS_1272_N4_H17_LO;W005 Pasillo 05 nivel 04 altura 17
283755;W005_LCS_1282_N4_H17_LI;W005 Pasillo 05 nivel 04 altura 17
283757;W005_GA_H18;W005 Pasillo 05 nivel 04 altura 18
283758;W000_STV_094;W005 Pasillo 05 nivel 04 altura 18
283759;W005_LCS_1253_N4_H18_RO;W005 Pasillo 05 nivel 04 altura 18
283760;W005_LCS_1263_N4_H18_RI;W005 Pasillo 05 nivel 04 altura 18
283761;W005_LCS_1273_N4_H18_LO;W005 Pasillo 05 nivel 04 altura 18
283762;W005_LCS_1283_N4_H18_LI;W005 Pasillo 05 nivel 04 altura 18
283764;W005_GA_H19;W005 Pasillo 05 nivel 04 altura 19
283765;W000_STV_095;W005 Pasillo 05 nivel 04 altura 19
283766;W005_LCS_1254_N4_H19_RO;W005 Pasillo 05 nivel 04 altura 19
283767;W005_LCS_1264_N4_H19_RI;W005 Pasillo 05 nivel 04 altura 19
283768;W005_LCS_1274_N4_H19_LO;W005 Pasillo 05 nivel 04 altura 19
283769;W005_LCS_1284_N4_H19_LI;W005 Pasillo 05 nivel 04 altura 19
283771;W006_CUE_PASILLO_06;W006 Cuadro eléctrico
283149;W006_RCS_1804_R;W006 Elevador der. pasillo 06 MS
283773;W006_TLS_ELEVADOR_R;W006 Elevador der. pasillo 06 MS
283150;W006_RCS_1824_L;W006 Elevador izq. pasillo 06 MS
283775;W006_TLS_ELEVADOR_L;W006 Elevador izq. pasillo 06 MS
283777;W006_GA_H1;W006 Pasillo 06 nivel 01 altura 01
283778;W000_STV_096;W006 Pasillo 06 nivel 01 altura 01
283779;W006_LCS_1101_N1_H1_RO;W006 Pasillo 06 nivel 01 altura 01
283780;W006_LCS_1131_N1_H1_LI;W006 Pasillo 06 nivel 01 altura 01
283782;W006_GA_H2;W006 Pasillo 06 nivel 01 altura 02
283783;W000_STV_097;W006 Pasillo 06 nivel 01 altura 02
283784;W006_LCS_1102_N1_H2_RO;W006 Pasillo 06 nivel 01 altura 02
283785;W006_LCS_1132_N1_H2_LI;W006 Pasillo 06 nivel 01 altura 02
283787;W006_GA_H3;W006 Pasillo 06 nivel 01 altura 03
283788;W000_STV_098;W006 Pasillo 06 nivel 01 altura 03
283789;W006_LCS_1103_N1_H3_RO;W006 Pasillo 06 nivel 01 altura 03
283790;W006_LCS_1133_N1_H3_LI;W006 Pasillo 06 nivel 01 altura 03
283792;W006_GA_H4;W006 Pasillo 06 nivel 01 altura 04
283793;W000_STV_099;W006 Pasillo 06 nivel 01 altura 04
283794;W006_LCS_1104_N1_H4_RO;W006 Pasillo 06 nivel 01 altura 04
283795;W006_LCS_1134_N1_H4_LI;W006 Pasillo 06 nivel 01 altura 04
283797;W006_GA_H5;W006 Pasillo 06 nivel 01 altura 05
283798;W000_STV_100;W006 Pasillo 06 nivel 01 altura 05
283799;W006_LCS_1105_N1_H5_RO;W006 Pasillo 06 nivel 01 altura 05
283800;W006_LCS_1115_N1_H5_RI;W006 Pasillo 06 nivel 01 altura 05
283801;W006_LCS_1125_N1_H5_LO;W006 Pasillo 06 nivel 01 altura 05
283802;W006_LCS_1135_N1_H5_LI;W006 Pasillo 06 nivel 01 altura 05
283804;W006_GA_H6;W006 Pasillo 06 nivel 02 altura 06
283805;W000_STV_101;W006 Pasillo 06 nivel 02 altura 06
283806;W006_LCS_1151_N2_H6_RO;W006 Pasillo 06 nivel 02 altura 06
283807;W006_LCS_1161_N2_H6_RI;W006 Pasillo 06 nivel 02 altura 06
283808;W006_LCS_1171_N2_H6_LO;W006 Pasillo 06 nivel 02 altura 06
283809;W006_LCS_1181_N2_H6_LI;W006 Pasillo 06 nivel 02 altura 06
283811;W006_GA_H7;W006 Pasillo 06 nivel 02 altura 07
283812;W000_STV_102;W006 Pasillo 06 nivel 02 altura 07
283813;W006_LCS_1152_N2_H7_RO;W006 Pasillo 06 nivel 02 altura 07
283814;W006_LCS_1182_N2_H7_LI;W006 Pasillo 06 nivel 02 altura 07
283816;W006_GA_H8;W006 Pasillo 06 nivel 02 altura 08
283817;W000_STV_103;W006 Pasillo 06 nivel 02 altura 08
283818;W006_LCS_1153_N2_H8_RO;W006 Pasillo 06 nivel 02 altura 08
283819;W006_LCS_1163_N2_H8_RI;W006 Pasillo 06 nivel 02 altura 08
283820;W006_LCS_1173_N2_H8_LO;W006 Pasillo 06 nivel 02 altura 08
283821;W006_LCS_1183_N2_H8_LI;W006 Pasillo 06 nivel 02 altura 08
283823;W006_GA_H9;W006 Pasillo 06 nivel 02 altura 09
283824;W000_STV_104;W006 Pasillo 06 nivel 02 altura 09
283825;W006_LCS_1154_N2_H9_RO;W006 Pasillo 06 nivel 02 altura 09
283826;W006_LCS_1184_N2_H9_LI;W006 Pasillo 06 nivel 02 altura 09
283828;W006_GA_H10;W006 Pasillo 06 nivel 02 altura 10
283829;W000_STV_105;W006 Pasillo 06 nivel 02 altura 10
283830;W006_LCS_1155_N2_H10_RO;W006 Pasillo 06 nivel 02 altura 10
283831;W006_LCS_1165_N2_H10_RI;W006 Pasillo 06 nivel 02 altura 10
283832;W006_LCS_1175_N2_H10_LO;W006 Pasillo 06 nivel 02 altura 10
283833;W006_LCS_1185_N2_H10_LI;W006 Pasillo 06 nivel 02 altura 10
283835;W006_GA_H11;W006 Pasillo 06 nivel 03 altura 11
283836;W000_STV_106;W006 Pasillo 06 nivel 03 altura 11
283837;W006_LCS_1201_N3_H11_RO;W006 Pasillo 06 nivel 03 altura 11
283838;W006_LCS_1211_N3_H11_RI;W006 Pasillo 06 nivel 03 altura 11
283839;W006_LCS_1221_N3_H11_LO;W006 Pasillo 06 nivel 03 altura 11
283840;W006_LCS_1231_N3_H11_LI;W006 Pasillo 06 nivel 03 altura 11
283842;W006_GA_H12;W006 Pasillo 06 nivel 03 altura 12
283843;W000_STV_107;W006 Pasillo 06 nivel 03 altura 12
283844;W006_LCS_1202_N3_H12_RO;W006 Pasillo 06 nivel 03 altura 12
283845;W006_LCS_1212_N3_H12_RI;W006 Pasillo 06 nivel 03 altura 12
283846;W006_LCS_1222_N3_H12_LO;W006 Pasillo 06 nivel 03 altura 12
283847;W006_LCS_1232_N3_H12_LI;W006 Pasillo 06 nivel 03 altura 12
283849;W006_GA_H13;W006 Pasillo 06 nivel 03 altura 13
283850;W000_STV_108;W006 Pasillo 06 nivel 03 altura 13
283851;W006_LCS_1203_N3_H13_RO;W006 Pasillo 06 nivel 03 altura 13
283852;W006_LCS_1213_N3_H13_RI;W006 Pasillo 06 nivel 03 altura 13
283853;W006_LCS_1223_N3_H13_LO;W006 Pasillo 06 nivel 03 altura 13
283854;W006_LCS_1233_N3_H13_LI;W006 Pasillo 06 nivel 03 altura 13
283856;W006_GA_H14;W006 Pasillo 06 nivel 03 altura 14
283857;W000_STV_109;W006 Pasillo 06 nivel 03 altura 14
283858;W006_LCS_1204_N3_H14_RO;W006 Pasillo 06 nivel 03 altura 14
283859;W006_LCS_1214_N3_H14_RI;W006 Pasillo 06 nivel 03 altura 14
283860;W006_LCS_1224_N3_H14_LO;W006 Pasillo 06 nivel 03 altura 14
283861;W006_LCS_1234_N3_H14_LI;W006 Pasillo 06 nivel 03 altura 14
283863;W006_GA_H15;W006 Pasillo 06 nivel 03 altura 15
283864;W000_STV_110;W006 Pasillo 06 nivel 03 altura 15
283865;W006_LCS_1205_N3_H15_RO;W006 Pasillo 06 nivel 03 altura 15
283866;W006_LCS_1215_N3_H15_RI;W006 Pasillo 06 nivel 03 altura 15
283867;W006_LCS_1225_N3_H15_LO;W006 Pasillo 06 nivel 03 altura 15
283868;W006_LCS_1235_N3_H15_LI;W006 Pasillo 06 nivel 03 altura 15
283870;W006_GA_H16;W006 Pasillo 06 nivel 04 altura 16
283871;W000_STV_111;W006 Pasillo 06 nivel 04 altura 16
283872;W006_LCS_1251_N4_H16_RO;W006 Pasillo 06 nivel 04 altura 16
283873;W006_LCS_1261_N4_H16_RI;W006 Pasillo 06 nivel 04 altura 16
283874;W006_LCS_1271_N4_H16_LO;W006 Pasillo 06 nivel 04 altura 16
283875;W006_LCS_1281_N4_H16_LI;W006 Pasillo 06 nivel 04 altura 16
283877;W006_GA_H17;W006 Pasillo 06 nivel 04 altura 17
283878;W000_STV_112;W006 Pasillo 06 nivel 04 altura 17
283879;W006_LCS_1252_N4_H17_RO;W006 Pasillo 06 nivel 04 altura 17
283880;W006_LCS_1262_N4_H17_RI;W006 Pasillo 06 nivel 04 altura 17
283881;W006_LCS_1272_N4_H17_LO;W006 Pasillo 06 nivel 04 altura 17
283882;W006_LCS_1282_N4_H17_LI;W006 Pasillo 06 nivel 04 altura 17
283884;W006_GA_H18;W006 Pasillo 06 nivel 04 altura 18
283885;W000_STV_113;W006 Pasillo 06 nivel 04 altura 18
283886;W006_LCS_1253_N4_H18_RO;W006 Pasillo 06 nivel 04 altura 18
283887;W006_LCS_1263_N4_H18_RI;W006 Pasillo 06 nivel 04 altura 18
283888;W006_LCS_1273_N4_H18_LO;W006 Pasillo 06 nivel 04 altura 18
283889;W006_LCS_1283_N4_H18_LI;W006 Pasillo 06 nivel 04 altura 18
283891;W006_GA_H19;W006 Pasillo 06 nivel 04 altura 19
283892;W000_STV_114;W006 Pasillo 06 nivel 04 altura 19
283893;W006_LCS_1254_N4_H19_RO;W006 Pasillo 06 nivel 04 altura 19
283894;W006_LCS_1264_N4_H19_RI;W006 Pasillo 06 nivel 04 altura 19
283895;W006_LCS_1274_N4_H19_LO;W006 Pasillo 06 nivel 04 altura 19
283896;W006_LCS_1284_N4_H19_LI;W006 Pasillo 06 nivel 04 altura 19
273808;CRR3_K12R_03_01_06_C;CRR3_SMA_03_01_06_C
273807;CRR3_K12R_03_02_12_C;CRR3_CPM4_03_02_12_C
273767;CRR4_K12R_32_23_01;CRR4_CPR4_32_23_01
273766;CRR4_K12R_32_13_01;CRR4_CPR4_32_13_01
273768;CRR4_K12R_32_33_04;CRR4_SMA_32_33_04
273804;CRR1_K12R_17_07_05_A;CRR1_SMA_17_07_05_A
273803;CRR1_K12R_17_04_20_A;CRR1_CRR_17_04_20_A
273802;CRR1_K12R_17_01_18_A;CRR1_CPR4_17_01_18_A
273806;CRR2_K12R_27_04_15_B;CRR2_CRR_27_04_15_B
273805;CRR2_K12R_27_01_16_B;CRR2_CPR4_27_01_16_B
207900;ENT1_ESC_81_02_03_A;ENT1_RFID_81_02_03_A
208069;ENT2_ESC_80_02_02_A;ENT2_RFID_80_02_03_A
273793;CNX1_K12R_03_04_07_A;CNX1_SMA_03_04_07_A
273741;ENT3_K12R_03_23_01;ENT3_CPR4_03_23_01
273969;ENT3_K12R_03_23_01_INF;ENT3_CPR4_03_23_01
273812;ENT3_K12R_03_33_07;ENT3_SMA_03_33_07
273811;ENT3_K12R_03_43_01;ENT3_CPR4_03_43_01
273970;ENT3_K12R_03_43_01_INF;ENT3_CPR4_03_43_01
208526;ENT3_ESC_02_23_04;ENT3_HTR_02_23_04
273796;CNX2_K12R_38_03_09_B;CNX2_SMA_38_03_09_B
273794;CNX2_K12R_01_03_07_C;CNX2_SMA_01_03_07_C
273795;CNX2_K12R_01_04_05_C;CNX2_SMA_01_04_05_C
274026;VAC3_TH375_24_21_00;VAC3_C2H_24_21_00
211305;VAC1_ESC_03_90_04_B;VAC1_HTR_03_90_04_B
273799;CNX5_K12R_06_04_09_D;CNX5_SMA_06_04_09_D
273797;CNX5_K12R_06_03_25_D;CNX5_CPR4_06_03_25_D
273798;CNX5_K12R_06_05_09_D;CNX5_CPR4_06_05_09_D
273801;CNX6_K12R_05_02_06_E;CNX6_CPR4_05_02_06_E
273800;CNX6_K12R_05_01_22_E;CNX6_CPR4_05_01_22_E
274027;PLC850_TH375_1;PLC850_C2H_1
274028;PLC857_TH375_0_A;PLC857_C2H_0_A
273813;PLC857_K12R_01;PLC857_FOR_01
273878;PCC4S1_D5T_16_A;PCC4S1_SRM_16_A
273879;PCC4S1_D5T_17_A;PCC4S1_SRM_17_A
273880;PCC4S1_D5T_18_A;PCC4S1_SRM_18_A
273863;PCC1S1_D5T_01_A;PCC1S1_SRM_01_A
273864;PCC1S1_D5T_02_A;PCC1S1_SRM_02_A
273865;PCC1S1_D5T_03_A;PCC1S1_SRM_03_A
273866;PCC1S1_D5T_04_A;PCC1S1_SRM_04_A
273867;PCC1S1_D5T_05_A;PCC1S1_SRM_05_A
273868;PCC2S1_D5T_06_A;PCC2S1_SRM_06_A
273869;PCC2S1_D5T_07_A;PCC2S1_SRM_07_A
273870;PCC2S1_D5T_08_A;PCC2S1_SRM_08_A
273871;PCC2S1_D5T_09_A;PCC2S1_SRM_09_A
273872;PCC2S1_D5T_10_A;PCC2S1_SRM_10_A
273873;PCC2S1_D5T_11_A;PCC3S1_SRM_11_A
273874;PCC3S1_D5T_12_A;PCC3S1_SRM_12_A
273875;PCC3S1_D5T_13_A;PCC3S1_SRM_13_A
273876;PCC3S1_D5T_14_A;PCC3S1_SRM_14_A
273877;PCC3S1_D5T_15_A;PCC3S1_SRM_15_A
273881;PCC1S2_D5T_21_B;PCC1S2_SRM_21_B
273882;PCC1S2_D5T_22_B;PCC1S2_SRM_22_B
273883;PCC1S2_D5T_23_B;PCC1S2_SRM_23_B
273884;PCC1S2_D5T_24_B;PCC1S2_SRM_24_B
273885;PCC1S2_D5T_25_B;PCC1S2_SRM_25_B
273886;PCC2S2_D5T_26_B;PCC2S2_SRM_26_B
273887;PCC2S2_D5T_27_B;PCC2S2_SRM_27_B
273888;PCC2S2_D5T_28_B;PCC2S2_SRM_28_B
273889;PCC2S2_D5T_29_B;PCC2S2_SRM_29_B
273890;PCC2S2_D5T_30_B;PCC2S2_SRM_30_B
273891;PCC3S2_D5T_31_B;PCC3S2_SRM_31_B
273892;PCC3S2_D5T_32_B;PCC3S2_SRM_32_B
273893;PCC3S2_D5T_33_B;PCC3S2_SRM_33_B
273894;PCC3S2_D5T_34_B;PCC3S2_SRM_34_B
273895;PCC3S2_D5T_35_B;PCC3S2_SRM_35_B
273896;PCC4S2_D5T_36_B;PCC4S2_SRM_36_B
273897;PCC4S2_D5T_37_B;PCC4S2_SRM_37_B
273898;PCC4S2_D5T_38_B;PCC4S2_SRM_38_B
300048;CRR1_SR2_30_03_07_A;CRR1_HV2_30_03_07_A
300049;CRR1_SR2_30_02_09_A;CRR1_HV2_30_02_09_A
300050;CRR2_SR2_30_07_15_B;CRR2_HV2_30_07_15_B
300051;CRR2_SR2_30_08_18_B;CRR2_HV2_30_08_18_B
300047;ENT2_ESC_37_03_05_B;ENT2_HV2_37_03_05
300044;ENT1_ESC_02_10_05_A;ENT1_HV2_02_10_05
300045;ENT1_ESC_02_11_05_A;ENT1_HV2_02_11_05
300046;ENT1_ESC_02_17_05_A;ENT1_HV2_02_17_05
273809;EMP2_K12R_32_36_03;EMP2_CPR3_32_36_03
273810;EMP2_K12R_32_40_02;EMP2_CPR3_32_40_02
310249;RBT01_PPZ_PT01;RBT01_ROB_PT01
310250;RBT02_PPZ_PT02;RBT02_ROB_PT02
310251;RBT03_PPZ_PT03;RBT03_ROB_PT03
310252;RBT04_PPZ_PT04;RBT04_ROB_PT04
